ID-BfS,PLZ,Name,CoordinateEast,CoordinateNord;
1,8914,Aeugst am Albis,8.488313285,47.26700439;
2,8910,Affoltern am Albis,8.448945113,47.27916858;
3,8906,Bonstetten,8.467611445,47.31551042;
4,8915,Hausen am Albis,8.534860104,47.24235959;
5,8908,Hedingen,8.450346933,47.29793769;
6,8926,Kappel am Albis,8.5248498,47.22736695;
7,8934,Knonau,8.460616615,47.22379409;
8,8933,Maschwanden,8.426273936,47.23524077;
9,8932,Mettmenstetten,8.463769783,47.24279924;
10,8912,Obfelden,8.423045037,47.26362685;
11,8913,Ottenbach,8.404344633,47.28277134;
12,8911,Rifferswil,8.496528928,47.24347799;
13,8143,Stallikon,8.490997119,47.32586425;
23,8415,Berg am Irchel,8.598157496,47.5704622;
24,8414,Buch am Irchel,8.622589256,47.54900406;
25,8447,Dachsen,8.613862623,47.66697234;
26,8458,Dorf,8.647981644,47.57168619;
27,8245,Feuerthalen,8.641044529,47.6909483;
28,8416,Flaach,8.60285263,47.57333448;
29,8247,Flurlingen,8.627868019,47.68417079;
30,8450,Andelfingen,8.67852027,47.5948822;
31,8444,Henggart,8.683314133,47.56270389;
32,8457,Humlikon,8.669574666,47.57562874;
33,8451,Kleinandelfingen,8.68299086,47.59952836;
35,8460,Marthalen,8.648408765,47.62520566;
37,8475,Ossingen,8.725764405,47.61034009;
38,8462,Rheinau,8.603384787,47.64394415;
39,8478,Thalheim an der Thur,8.754336281,47.57897256;
40,8466,Trüllikon,8.692247252,47.63726935;
41,8467,Truttikon,8.726514606,47.63012866;
43,8459,Volken,8.629002244,47.57283883;
51,8184,Bachenbülach,8.546430193,47.5035692;
52,8303,Bassersdorf,8.627838772,47.44430845;
53,8180,Bülach,8.540863629,47.51707101;
54,8305,Dietlikon,8.615781748,47.42552862;
55,8193,Eglisau,8.526037855,47.57518003;
56,8424,Embrach,8.595217102,47.50122843;
58,8192,Glattfelden,8.49894483,47.5588097;
59,8182,Hochfelden,8.515470064,47.52335844;
60,8181,Höri,8.508440693,47.50742392;
61,8194,Hüntwangen,8.492915786,47.59544946;
62,8302,Kloten,8.584370227,47.45253053;
63,8426,Lufingen,8.593667176,47.49039998;
64,8309,Nürensdorf,8.649206629,47.44797591;
65,8425,Oberembrach,8.617427756,47.48740723;
66,8152,Opfikon,8.577423342,47.43221267;
67,8197,Rafz,8.534988509,47.61438944;
68,8427,Rorbas,8.578119173,47.52898;
69,8304,Wallisellen,8.591794514,47.41267635;
70,8195,Wasterkingen,8.472611942,47.59012669;
72,8185,Winkel,8.554477337,47.49250038;
81,8164,Bachs,8.43907003,47.52505896;
82,8113,Boppelsen,8.402593613,47.47053418;
84,8108,Dällikon,8.439384094,47.43993161;
86,8157,Dielsdorf,8.45355459,47.48419186;
87,8115,Hüttikon,8.387168504,47.44608841;
88,8173,Neerach,8.474521203,47.51348577;
90,8155,Niederhasli,8.483811516,47.48232495;
91,8166,Niederweningen,8.368980278,47.50414123;
93,8165,Oberweningen,8.407361929,47.50377261;
94,8112,Otelfingen,8.387127547,47.46190585;
95,8158,Regensberg,8.438811952,47.4831497;
96,8105,Regensdorf,8.46558725,47.43068511;
97,8153,Rümlang,8.532700636,47.45169257;
98,8165,Schleinikon,8.391506524,47.49809258;
99,8165,Schöfflisdorf,8.41688129,47.50006328;
101,8162,Steinmaur,8.455669384,47.49912093;
102,8187,Weiach,8.437903124,47.55762071;
111,8344,Bäretswil,8.855778461,47.33753525;
112,8608,Bubikon,8.81722549,47.26900933;
113,8635,Dürnten,8.843185983,47.27813737;
114,8497,Fischenthal,8.919322585,47.33147323;
116,8627,Grüningen,8.761922879,47.28479878;
117,8340,Hinwil,8.84720861,47.30118207;
131,8134,Adliswil,8.522315304,47.31284104;
136,8135,Langnau am Albis,8.534583285,47.28824437;
137,8942,Oberrieden,8.576700382,47.2770143;
138,8805,Richterswil,8.700955878,47.20826067;
139,8803,Rüschlikon,8.554894204,47.30932442;
141,8800,Thalwil,8.569164156,47.29022311;
152,8704,Herrliberg,8.616883229,47.28519716;
153,8634,Hombrechtikon,8.763871784,47.25297519;
155,8708,Männedorf,8.693827542,47.25469792;
156,8706,Meilen,8.639900367,47.26809075;
157,8618,Oetwil am See,8.723220838,47.27018728;
158,8712,Stäfa,8.731044344,47.23895073;
159,8707,Uetikon am See,8.676921464,47.2618241;
160,8126,Zumikon,8.623277908,47.33140333;
161,8702,Zollikon,8.574179371,47.3382749;
172,8320,Fehraltorf,8.752276969,47.38712799;
173,8335,Hittnau,8.824101584,47.36092688;
176,8315,Lindau,8.67064776,47.44186307;
178,8332,Russikon,8.773790714,47.39620841;
180,8484,Weisslingen,8.765125612,47.43343497;
181,8492,Wila,8.845832656,47.41941565;
182,8489,Wildberg,8.816681798,47.42751412;
191,8600,Dübendorf,8.618052063,47.39508026;
193,8117,Fällanden,8.638358449,47.37052889;
194,8606,Greifensee,8.676980114,47.36498487;
195,8124,Maur,8.672844678,47.33780996;
196,8617,Mönchaltorf,8.721975179,47.31015613;
197,8603,Schwerzenbach,8.652131603,47.37979451;
198,8610,Uster,8.716900825,47.3458531;
199,8604,Volketswil,8.691422471,47.389055;
211,8479,Altikon,8.784504887,47.57524;
213,8311,Brütten,8.674222244,47.47408979;
214,8471,Dägerlen,8.71855112,47.56096437;
215,8421,Dättlikon,8.624168725,47.52488279;
216,8474,Dinhard,8.768290556,47.55520426;
218,8548,Ellikon an der Thur,8.825412166,47.56201674;
219,8352,Elsau,8.802517903,47.50615367;
221,8442,Hettlingen,8.708118814,47.54838178;
223,8413,Neftenbach,8.667824602,47.52855893;
224,8422,Pfungen,8.646536458,47.51587827;
227,8472,Seuzach,8.738367629,47.53623449;
228,8488,Turbenthal,8.847388691,47.43516269;
230,8400,Winterthur,8.729548843,47.49162187;
230,8404,Winterthur,8.759223003,47.50747512;
230,8405,Winterthur,8.778269586,47.4775495;
230,8406,Winterthur,8.700625776,47.48322457;
230,8408,Winterthur,8.68334221,47.5077395;
230,8409,Winterthur,8.781455851,47.50982511;
243,8953,Dietikon,8.403729396,47.4049142;
244,8954,Geroldswil,8.410376204,47.4224351;
245,8102,Oberengstringen,8.4623596,47.408374;
246,8955,Oetwil an der Limmat,8.39499527,47.42815598;
247,8952,Schlieren,8.445788972,47.39660491;
249,8103,Unterengstringen,8.449449189,47.41332598;
250,8902,Urdorf,8.423755265,47.38266537;
261,8001,Zürich,8.541364426,47.37277985;
261,8002,Zürich,8.531469068,47.36051849;
261,8003,Zürich,8.516142108,47.37257857;
261,8004,Zürich,8.523370173,47.37800217;
261,8005,Zürich,8.520684105,47.38676634;
261,8006,Zürich,8.543174739,47.38576567;
261,8008,Zürich,8.562991522,47.35590645;
261,8032,Zürich,8.564438726,47.3666888;
261,8037,Zürich,8.524261807,47.39849491;
261,8038,Zürich,8.532083492,47.3407945;
261,8041,Zürich,8.515664331,47.33605961;
261,8044,Zürich,8.572840469,47.38041478;
261,8045,Zürich,8.505710437,47.35161515;
261,8046,Zürich,8.508278676,47.42217738;
261,8047,Zürich,8.487021836,47.37389233;
261,8048,Zürich,8.483869307,47.38674496;
261,8049,Zürich,8.500466748,47.40869839;
261,8050,Zürich,8.550802019,47.41193801;
261,8051,Zürich,8.578817476,47.39965103;
261,8052,Zürich,8.540635922,47.42445077;
261,8053,Zürich,8.597417239,47.3612904;
261,8055,Zürich,8.490292051,47.36418881;
261,8057,Zürich,8.547392608,47.39992584;
261,8064,Zürich,8.485247273,47.3986576;
293,8820,Wädenswil,8.671744183,47.2284723;
294,8353,Elgg,8.867576656,47.49018186;
295,8810,Horgen,8.597385569,47.25952412;
297,8494,Bauma,8.877243825,47.36728866;
298,8542,Wiesendangen,8.789515622,47.52126013;
301,3270,Aarberg,7.275297463,47.04354553;
303,3257,Grossaffoltern,7.365658073,47.06625376;
304,3283,Kallnach,7.229976745,47.01780774;
305,3273,Kappelen,7.267581044,47.06019559;
306,3250,Lyss,7.307507139,47.07058059;
307,3045,Meikirch,7.362644782,47.00934684;
311,3054,Schüpfen,7.376796529,47.03821298;
321,4912,Aarwangen,7.769617203,47.24087409;
322,4944,Auswil,7.832675668,47.13466285;
323,4913,Bannwil,7.729947096,47.23740874;
324,3368,Bleienbach,7.757697858,47.1845656;
326,4955,Gondiswil,7.871932474,47.14623977;
329,4900,Langenthal,7.792487934,47.21159141;
331,4932,Lotzwil,7.788321827,47.1897359;
332,4934,Madiswil,7.799396162,47.1673714;
333,4917,Melchnau,7.856888456,47.18324333;
334,4924,Obersteckholz,7.818350048,47.19951339;
335,4943,Oeschenbach,7.747163114,47.10171097;
336,4919,Reisiswil,7.846290886,47.16512743;
338,4938,Rohrbach,7.812227681,47.1328865;
339,4938,Rohrbachgraben,7.800495669,47.12084443;
340,4933,Rütschelen,7.771088532,47.17322301;
341,4911,Schwarzhäusern,7.770033198,47.25511423;
342,4922,Thunstetten,7.753937899,47.20384201;
344,4937,Ursenbach,7.772910071,47.13568467;
345,4923,Wynau,7.813477965,47.25776893;
351,3004,Bern,7.452010707,46.98048719;
351,3005,Bern,7.449931552,46.93938995;
351,3006,Bern,7.471278343,46.94581212;
351,3007,Bern,7.434584681,46.93916946;
351,3008,Bern,7.413896593,46.94510056;
351,3010,Bern,7.424146923,46.94694975;
351,3011,Bern,7.447955891,46.94723895;
351,3011,Bern,7.461927095,46.95352363;
351,3012,Bern,7.426024906,46.96158402;
351,3013,Bern,7.446200709,46.95620889;
351,3014,Bern,7.458410005,46.9621999;
351,3015,Bern,7.484808363,46.94020836;
351,3018,Bern,7.389112618,46.93388885;
351,3019,Bern,7.347945581,46.93098262;
351,3020,Bern,7.320873279,46.93707995;
351,3027,Bern,7.387250063,46.95580001;
352,3065,Bolligen,7.496274644,46.97503186;
354,3038,Kirchlindach,7.414298395,46.99965591;
355,3098,Köniz,7.413420499,46.92111072;
355,3098,Köniz,7.435272381,46.93035928;
357,3096,Oberbalm,7.404624949,46.87296727;
358,3066,Stettlen,7.522595986,46.95913848;
361,3052,Zollikofen,7.461419687,46.99290346;
362,3063,Ittigen,7.479871609,46.97526373;
363,3072,Ostermundigen,7.497658032,46.95768749;
371,2502,Biel/Bienne,7.245725149,47.14198387;
371,2503,Biel/Bienne,7.258553924,47.1316858;
371,2504,Biel/Bienne,7.282651051,47.15632836;
371,2505,Biel/Bienne,7.217448982,47.13369844;
372,2533,Evilard,7.239625015,47.14981496;
381,3296,Arch,7.427523004,47.16385911;
382,3263,Büetigen,7.341190119,47.10657012;
383,3294,Büren an der Aare,7.374060992,47.13989348;
386,3293,Dotzigen,7.343422904,47.12093973;
388,3297,Leuzigen,7.454367888,47.17314672;
389,3294,Meienried,7.341371504,47.13868003;
390,2554,Meinisberg,7.348995908,47.16174072;
392,2542,Pieterlen,7.328274599,47.17412644;
401,3426,Aefligen,7.551745254,47.09571293;
402,3473,Alchenstorf,7.639326072,47.12633;
404,3400,Burgdorf,7.624661648,47.05652532;
405,3423,Ersigen,7.592661947,47.09557253;
407,3412,Heimiswil,7.659926832,47.06480211;
408,3429,Hellsau,7.651748721,47.14582512;
409,3324,Hindelbank,7.540033929,47.04176902;
410,3429,Höchstetten,7.631338979,47.14505498;
411,3309,Kernenried,7.549871877,47.06980689;
413,3425,Koppigen,7.595544473,47.13322187;
414,3326,Krauchthal,7.568516667,47.00898491;
415,3421,Lyssach,7.580871683,47.06329694;
416,3324,Mötschwil,7.567400396,47.04883025;
418,3414,Oberburg,7.620478129,47.03948014;
421,3472,Rumendingen,7.639411046,47.10588387;
423,3425,Willadingen,7.611115257,47.14667499;
424,3472,Wynigen,7.666680739,47.10611532;
431,2606,Corgémont,7.140839348,47.19424544;
432,2612,Cormoret,7.05408771,47.17289854;
433,2607,Cortébert,7.106665131,47.19159027;
434,2608,Courtelary,7.069229173,47.18020086;
435,2333,La Ferrière,6.894333695,47.14104262;
437,2723,Mont-Tramelan,7.053377237,47.20782281;
438,2534,Orvin,7.216379298,47.1591448;
444,2605,Sonceboz-Sombeval,7.168574136,47.19508286;
445,2615,Sonvilier,6.964328626,47.1399817;
446,2720,Tramelan,7.097173751,47.22313196;
448,2613,Villeret,7.017234902,47.15644633;
491,3237,Brüttelen,7.147408635,47.02232103;
492,3235,Erlach,7.095379555,47.04198744;
493,2577,Finsterhennen,7.178366124,47.02601877;
494,3238,Gals,7.049641627,47.02785157;
495,3236,Gampelen,7.059234648,47.01459205;
496,3232,Ins,7.101916542,47.00909621;
497,2576,Lüscherz,7.151551287,47.04665183;
498,3225,Müntschemier,7.14211597,46.99337063;
500,3226,Treiten,7.160944814,47.00907434;
501,3233,Tschugg,7.076034442,47.0268161;
502,3234,Vinelz,7.11124643,47.03378869;
533,3315,Bätterkinden,7.540340673,47.12899379;
536,3053,Diemerswil,7.427920945,47.01908209;
538,3312,Fraubrunnen,7.516891423,47.08410783;
540,3303,Jegenstorf,7.50700026,47.05023082;
541,3305,Iffwil,7.478234149,47.06401497;
543,3322,Mattstetten,7.513761407,47.02993396;
544,3302,Moosseedorf,7.482209552,47.01751945;
546,3053,Münchenbuchsee,7.446015381,47.02170403;
551,3322,Urtenen-Schönbühl,7.499897887,47.0255662;
552,3427,Utzenstorf,7.55728003,47.12680972;
553,3053,Wiggiswil,7.470864515,47.03131416;
556,4564,Zielebach,7.572960119,47.15958404;
561,3715,Adelboden,7.558821777,46.49291137;
563,3714,Frutigen,7.642719214,46.5880798;
564,3716,Kandergrund,7.662993835,46.54563767;
565,3718,Kandersteg,7.674723671,46.49466751;
566,3704,Krattigen,7.720748184,46.65835207;
567,3713,Reichenbach im Kandertal,7.694047298,46.6261533;
571,3803,Beatenberg,7.790785447,46.69600679;
574,3856,Brienzwiler,8.09893683,46.75016107;
575,3707,Därligen,7.807943971,46.66161552;
576,3818,Grindelwald,8.045843486,46.62475729;
577,3814,Gsteigwiler,7.878821045,46.6545758;
578,3815,Gündlischwand,7.911784104,46.63425201;
579,3804,Habkern,7.862764761,46.72512523;
581,3800,Interlaken,7.862870322,46.68689297;
582,3807,Iseltwald,7.964747714,46.70964924;
584,3822,Lauterbrunnen,7.908619284,46.59274925;
585,3706,Leissigen,7.772862878,46.65497297;
586,3816,Lütschental,7.948795873,46.63708883;
589,3854,Oberried am Brienzersee,7.956708826,46.73796841;
591,3813,Saxeten,7.83097993,46.6365292;
593,3800,Unterseen,7.849540147,46.68762138;
594,3812,Wilderswil,7.869480594,46.66608603;
603,3507,Biglen,7.628864914,46.92997623;
605,3533,Bowil,7.695002336,46.89303664;
606,3671,Brenzikofen,7.613781512,46.81613893;
607,3510,Freimettigen,7.627383327,46.86794859;
608,3506,Grosshöchstetten,7.641654169,46.90707494;
609,3510,Häutligen,7.606704118,46.8575987;
610,3671,Herbligen,7.608183985,46.82731098;
611,3629,Kiesen,7.575430544,46.81945545;
612,3510,Konolfingen,7.619468712,46.87816925;
613,3434,Landiswil,7.680012713,46.9583767;
614,3673,Linden,7.677174908,46.84723833;
615,3532,Mirchel,7.647224437,46.895616;
616,3110,Münsingen,7.555372011,46.87645253;
617,3504,Niederhünigen,7.636502702,46.87784834;
619,3672,Oberdiessbach,7.623760128,46.83815402;
620,3531,Oberthal,7.674852919,46.91663732;
622,3629,Oppligen,7.594840023,46.8200572;
623,3113,Rubigen,7.549246218,46.89791493;
626,3512,Walkringen,7.614825708,46.94803996;
627,3076,Worb,7.564317368,46.93014238;
628,3532,Zäziwil,7.661085277,46.90244598;
629,3504,Oberhünigen,7.658559076,46.87974014;
632,3114,Wichtrach,7.57943669,46.84552663;
661,1595,Clavaleyres,7.091256086,46.89945782;
662,3206,Ferenbalm,7.211446768,46.9483425;
663,3202,Frauenkappelen,7.337651452,46.95565459;
665,3208,Gurbrü,7.218054808,46.96410085;
666,3179,Kriechenwil,7.226784498,46.91078084;
668,3203,Mühleberg,7.261941411,46.95380375;
669,1797,Münchenwiler,7.12634363,46.91173692;
670,3176,Neuenegg,7.298493585,46.89711331;
671,3207,Wileroltigen,7.238853573,46.9708055;
681,2744,Belprahon,7.405885746,47.28635328;
683,2735,Champoz,7.298557541,47.25555025;
690,2738,Court,7.332206805,47.23996325;
691,2746,Crémines,7.439085811,47.28421554;
692,2743,Eschert,7.398845728,47.27559272;
694,2745,Grandval,7.425224073,47.28344509;
696,2732,Loveresse,7.236140949,47.24214781;
700,2740,Moutier,7.372157329,47.28048944;
701,2742,Perrefitte,7.341900022,47.27474064;
703,2732,Reconvilier,7.22729712,47.23525073;
706,2732,Saicourt,7.207578816,47.24298256;
708,2827,Schelten,7.551276321,47.3319959;
709,2747,Seehof,7.524964811,47.30467314;
711,2736,Sorvilier,7.305662346,47.23941641;
713,2710,Tavannes,7.197395427,47.22149973;
715,2717,Rebévelier,7.192604941,47.29115789;
723,2520,La Neuveville,7.097054741,47.06445425;
724,2518,Nods,7.080301113,47.11230785;
731,2558,Aegerten,7.291650838,47.12114939;
732,2564,Bellmund,7.245389819,47.10699076;
735,3272,Epsach,7.221727497,47.07046712;
736,2575,Hagneck,7.187962327,47.05813326;
737,3274,Hermrigen,7.243961208,47.08144668;
738,2565,Jens,7.263584307,47.09632026;
739,2563,Ipsach,7.235222382,47.11725998;
740,2514,Ligerz,7.135392347,47.08585022;
741,3274,Merzligen,7.254345145,47.08764247;
742,2572,Mörigen,7.211954219,47.08432178;
743,2560,Nidau,7.240556257,47.12504013;
744,2552,Orpund,7.312835709,47.13724075;
745,2562,Port,7.255418579,47.11722311;
746,2553,Safnern,7.327777617,47.15034836;
747,2556,Scheuren,7.320895587,47.13471067;
748,2556,Schwadernau,7.30778086,47.12779975;
751,2575,Täuffelen,7.198683441,47.06508632;
754,3272,Walperswil,7.230081249,47.05917005;
755,3252,Worben,7.292274827,47.10013224;
761,3763,Därstetten,7.495710542,46.65879117;
762,3754,Diemtigen,7.566115711,46.64938584;
763,3762,Erlenbach im Simmental,7.552085403,46.66096676;
766,3765,Oberwil im Simmental,7.432576711,46.65735786;
767,3647,Reutigen,7.619495083,46.69318185;
768,3700,Spiez,7.677169709,46.6907269;
769,3752,Wimmis,7.63529118,46.67297348;
782,3864,Guttannen,8.28973713,46.65500418;
784,3862,Innertkirchen,8.230780441,46.70637152;
785,3860,Meiringen,8.189185834,46.72944913;
786,3860,Schattenhalb,8.190340359,46.70700634;
791,3766,Boltigen,7.394266938,46.6303984;
793,3772,St. Stephan,7.400318093,46.50551981;
794,3770,Zweisimmen,7.371831811,46.55201673;
843,3792,Saanen,7.258479405,46.49033615;
852,3158,Guggisberg,7.329234066,46.76661953;
855,3150,Schwarzenburg,7.341858607,46.81698155;
861,3123,Belp,7.500502388,46.89090973;
863,3664,Burgistein,7.505175769,46.79627545;
866,3115,Gerzensee,7.547413797,46.83830709;
867,3663,Gurzelen,7.533301355,46.77972178;
868,3629,Jaberg,7.568439634,46.81805511;
869,3126,Kaufdorf,7.498690246,46.83803286;
870,3122,Kehrsatz,7.473546514,46.91263453;
877,3087,Niedermuhlern,7.465330536,46.86137921;
879,3132,Riggisberg,7.476678677,46.81162135;
880,3088,Rüeggisberg,7.438700601,46.82125529;
881,3128,Rümligen,7.495693272,46.83102063;
883,3662,Seftigen,7.540671424,46.78683109;
884,3125,Toffen,7.492819757,46.85851826;
885,3628,Uttigen,7.574351102,46.79312814;
886,3665,Wattenwil,7.504873153,46.77053121;
901,3537,Eggiwil,7.79577595,46.87442633;
902,3550,Langnau im Emmental,7.785107754,46.94186216;
903,3438,Lauperswil,7.737893828,46.96653915;
904,3538,Röthenbach im Emmental,7.745396941,46.85257839;
905,3437,Rüderswil,7.719590363,46.98276574;
906,6197,Schangnau,7.863773547,46.82823362;
907,3534,Signau,7.724510044,46.92057165;
908,3556,Trub,7.87742359,46.9431406;
909,3555,Trubschachen,7.845703575,46.92290918;
921,3633,Amsoldingen,7.579183784,46.72714736;
922,3638,Blumenstein,7.520384365,46.7411494;
924,3619,Eriz,7.777500137,46.78826364;
927,3625,Heiligenschwendi,7.67927133,46.75136977;
928,3627,Heimberg,7.601552758,46.78961505;
929,3652,Hilterfingen,7.662293347,46.74068329;
934,3653,Oberhofen am Thunersee,7.66850829,46.73119687;
936,3638,Pohlern,7.535254702,46.72515071;
938,3655,Sigriswil,7.720101515,46.71775725;
939,3612,Steffisburg,7.638250769,46.78268273;
939,3613,Steffisburg,7.614530433,46.77103957;
941,3634,Thierachern,7.576313731,46.75152121;
942,3600,Thun,7.623707098,46.7555245;
942,3603,Thun,7.600145126,46.76204218;
942,3604,Thun,7.617371989,46.74051455;
942,3608,Thun,7.598845359,46.73993777;
943,3635,Uebeschi,7.551474469,46.73966363;
944,3661,Uetendorf,7.576102611,46.77845392;
945,3614,Unterlangenegg,7.69278654,46.79814558;
947,3645,Zwieselberg,7.616686844,46.71006099;
951,3416,Affoltern im Emmental,7.734751217,47.06450812;
952,3465,Dürrenroth,7.791371076,47.0904932;
953,4952,Eriswil,7.850726082,47.07811733;
954,4950,Huttwil,7.849953944,47.11372038;
956,3417,Rüegsau,7.674543291,47.02477541;
957,3454,Sumiswald,7.744992015,47.02777137;
958,3456,Trachselwald,7.743286437,47.01704458;
960,4954,Wyssachen,7.824445708,47.07916643;
971,4536,Attiswil,7.616149148,47.25046072;
972,3376,Berken,7.705945691,47.22577489;
973,3366,Bettenhausen,7.718286782,47.1733181;
975,4539,Farnern,7.617789882,47.26692939;
976,3376,Graben,7.71780241,47.21527239;
977,3373,Heimenhausen,7.697933447,47.21360132;
979,3360,Herzogenbuchsee,7.714362194,47.1945341;
980,3375,Inkwil,7.673676168,47.20140889;
981,4704,Niederbipp,7.701828055,47.26839079;
982,3362,Niederönz,7.691470435,47.18435638;
983,4538,Oberbipp,7.656751427,47.26009251;
985,3367,Ochlenberg,7.736038005,47.14995127;
987,4539,Rumisberg,7.639793525,47.26560557;
988,3365,Seeberg,7.664375375,47.15629707;
989,3367,Thörigen,7.729711173,47.17495667;
992,3380,Wangen an der Aare,7.661079453,47.2316495;
993,3374,Wangenried,7.655651501,47.21712845;
995,4537,Wiedlisbach,7.647963517,47.24695773;
1001,6112,Doppleschwand,8.05545001,47.01892417;
1002,6162,Entlebuch,8.064728892,46.9922224;
1007,6113,Romoos,8.024017757,47.01100183;
1008,6170,Schüpfheim,8.019775159,46.95316622;
1009,6106,Werthenstein,8.10345295,47.05439261;
1022,6286,Altwis,8.247821559,47.23846183;
1023,6275,Ballwil,8.320719193,47.15228918;
1024,6032,Emmen,8.302483974,47.07901665;
1025,6294,Ermensee,8.242756301,47.22790029;
1030,6285,Hitzkirch,8.264382549,47.2252278;
1031,6280,Hochdorf,8.2930297,47.16689199;
1032,6276,Hohenrain,8.318349738,47.17948651;
1033,6034,Inwil,8.350280796,47.12219476;
1037,6026,Rain,8.263189012,47.12972863;
1040,6023,Rothenburg,8.273056534,47.09392639;
1041,6288,Schongau,8.267460044,47.26909775;
1051,6043,Adligenswil,8.365095623,47.07057687;
1052,6033,Buchrain,8.34601367,47.09476667;
1053,6036,Dierikon,8.371878999,47.09734982;
1054,6030,Ebikon,8.340223081,47.08179106;
1055,6038,Gisikon,8.399282324,47.12712616;
1056,6404,Greppen,8.430056873,47.05550729;
1057,6038,Honau,8.406206457,47.13286037;
1058,6048,Horw,8.312697569,47.01919161;
1059,6010,Kriens,8.279095241,47.03300396;
1061,6003,Luzern,8.297014297,47.05006542;
1061,6004,Luzern,8.298018051,47.06033116;
1061,6005,Luzern,8.314755646,47.03899987;
1061,6006,Luzern,8.344381231,47.05297412;
1061,6014,Luzern,8.24173297,47.05758694;
1061,6015,Luzern,8.277856715,47.06370453;
1062,6102,Malters,8.183441947,47.03594412;
1063,6045,Meggen,8.372062366,47.04648663;
1064,6344,Meierskappel,8.442683194,47.12528623;
1065,6037,Root,8.391598702,47.11422737;
1067,6044,Udligenswil,8.39928623,47.09111853;
1068,6354,Vitznau,8.483786093,47.01037569;
1069,6353,Weggis,8.434321962,47.03269629;
1081,6215,Beromünster,8.193146251,47.20702181;
1082,6233,Büron,8.090955118,47.21473887;
1083,6018,Buttisholz,8.094575452,47.11486149;
1084,6205,Eich,8.169558706,47.15299766;
1085,6232,Geuensee,8.113013305,47.20036051;
1086,6022,Grosswangen,8.050048288,47.13329677;
1088,6024,Hildisrieden,8.233377382,47.15010107;
1089,6213,Knutwil,8.072791888,47.20161476;
1091,6216,Mauensee,8.067031774,47.16773988;
1093,6206,Neuenkirch,8.203581932,47.09994938;
1094,6207,Nottwil,8.133839956,47.13437117;
1098,6017,Ruswil,8.126659027,47.08511564;
1099,6214,Schenkon,8.135521303,47.1732539;
1100,6231,Schlierbach,8.109973295,47.22600537;
1102,6204,Sempach,8.199040256,47.13301501;
1103,6210,Sursee,8.109416461,47.17332166;
1104,6234,Triengen,8.077336562,47.23407613;
1107,6110,Wolhusen,8.074791751,47.0597403;
1121,6248,Alberswil,7.997224828,47.14962729;
1122,6147,Altbüron,7.882414517,47.17991506;
1123,6246,Altishofen,7.960357451,47.20158782;
1125,6252,Dagmersellen,7.990332738,47.21418308;
1127,6243,Egolzwil,8.006360743,47.18546444;
1128,6218,Ettiswil,8.014499192,47.14853613;
1130,6142,Gettnau,7.970004141,47.14216679;
1131,6146,Grossdietwil,7.888587392,47.17153977;
1135,6156,Luthern,7.916404411,47.05911021;
1136,6122,Menznau,8.039328362,47.0840327;
1137,6244,Nebikon,7.974658823,47.19122897;
1139,6264,Pfaffnau,7.898301104,47.22854056;
1140,6260,Reiden,7.97217073,47.24354277;
1142,6265,Roggliswil,7.88627649,47.21208781;
1143,6247,Schötz,7.988979985,47.16941853;
1145,6153,Ufhusen,7.899981324,47.11756593;
1146,6242,Wauwil,8.022582971,47.18629359;
1147,4806,Wikon,7.967194367,47.26322002;
1151,6130,Willisau,7.989682769,47.11993345;
1202,6490,Andermatt,8.597370859,46.63183744;
1203,6468,Attinghausen,8.623979831,46.8649708;
1204,6466,Bauen,8.577656411,46.93514278;
1206,6472,Erstfeld,8.650372231,46.82031204;
1207,6454,Flüelen,8.628644802,46.90537642;
1208,6487,Göschenen,8.58390184,46.66960273;
1209,6482,Gurtnellen,8.628466949,46.73800246;
1210,6493,Hospental,8.572735787,46.61913513;
1211,6461,Isenthal,8.560996796,46.91181366;
1212,6491,Realp,8.501881527,46.59874809;
1213,6467,Schattdorf,8.658895591,46.86406548;
1215,6377,Seelisberg,8.585653912,46.9736587;
1216,6473,Silenen,8.672756323,46.79186334;
1217,6452,Sisikon,8.623585067,46.94807566;
1218,6464,Spiringen,8.728407767,46.87101288;
1219,6465,Unterschächen,8.768416418,46.86121195;
1301,8840,Einsiedeln,8.749811856,47.12836942;
1311,6442,Gersau,8.527020853,46.99283273;
1321,8835,Feusisberg,8.747752203,47.18772262;
1322,8807,Freienbach,8.760536656,47.20532735;
1323,8832,Wollerau,8.71885343,47.19596575;
1341,8852,Altendorf,8.830890142,47.19195505;
1342,8854,Galgenen,8.874186772,47.18231281;
1343,8858,Innerthal,8.919226854,47.106211;
1345,8864,Reichenburg,8.974202853,47.17144478;
1346,8862,Schübelbach,8.928175315,47.17324369;
1347,8856,Tuggen,8.940498219,47.20347119;
1348,8857,Vorderthal,8.899537972,47.12273617;
1361,8849,Alpthal,8.716168006,47.07072585;
1362,6415,Arth,8.52313917,47.06359211;
1363,6434,Illgau,8.723323423,46.98761805;
1365,6424,Lauerz,8.580071324,47.03540115;
1366,6443,Morschach,8.620376226,46.98163292;
1367,6436,Muotathal,8.759935806,46.97753989;
1368,8843,Oberiberg,8.786479411,47.04170172;
1369,6452,Riemenstalden,8.666355942,46.94699172;
1370,6418,Rothenthurm,8.675138009,47.1050704;
1371,6417,Sattel,8.637750661,47.08374641;
1372,6430,Schwyz,8.653676073,47.02135764;
1373,6422,Steinen,8.611839498,47.04729478;
1374,6416,Steinerberg,8.585308075,47.05208231;
1375,8842,Unteriberg,8.803249549,47.05637182;
1402,6390,Engelberg,8.403713849,46.81620987;
1403,6074,Giswil,8.181304942,46.83686405;
1404,6064,Kerns,8.280241595,46.90196597;
1405,6078,Lungern,8.158997768,46.78254;
1406,6072,Sachseln,8.233038343,46.86455156;
1407,6060,Sarnen,8.249556018,46.89356798;
1501,6375,Beckenried,8.468746765,46.96508859;
1502,6374,Buochs,8.420093585,46.97139614;
1503,6383,Dallenwil,8.390657838,46.93276379;
1504,6376,Emmetten,8.52312419,46.95558041;
1505,6373,Ennetbürgen,8.41448158,46.9848734;
1506,6372,Ennetmoos,8.331885282,46.9574758;
1509,6370,Stans,8.359634397,46.95794386;
1510,6362,Stansstad,8.339574513,46.97659456;
1511,6386,Wolfenschiessen,8.396490721,46.90881022;
1632,8750,Glarus,9.065665826,47.04046767;
1701,6340,Baar,8.522800423,47.19325037;
1702,6330,Cham,8.459624,47.17929185;
1703,6331,Hünenberg,8.428022565,47.17471985;
1704,6313,Menzingen,8.59031525,47.17878234;
1705,6345,Neuheim,8.575743614,47.20553905;
1706,6315,Oberägeri,8.613530435,47.13916512;
1707,6343,Risch,8.466850007,47.13395937;
1708,6312,Steinhausen,8.485180482,47.19601554;
1709,6314,Unterägeri,8.582707152,47.13839623;
1710,6318,Walchwil,8.514775843,47.10025367;
1711,6300,Zug,8.516015202,47.16518203;
2009,1529,Cheiry,6.833571833,46.74932778;
2016,1532,Fétigny,6.915476855,46.79709408;
2022,1544,Gletterens,6.93716016,46.89522941;
2027,1533,Ménières,6.881446286,46.78415058;
2035,1485,Nuvilly,6.830635293,46.784053;
2038,1410,Prévondavaux,6.793274546,46.72736648;
2043,1541,Sévaz,6.875499175,46.83899331;
2044,1528,Surpierre,6.861327068,46.74498594;
2045,1565,Vallon,6.953352501,46.88477493;
2061,1673,Auboranges,6.805706094,46.58269473;
2066,1608,Chapelle (Glâne),6.834287131,46.58782636;
2068,1553,Châtonnaye,6.938259369,46.75410094;
2086,1692,Massonnens,6.973414367,46.70064273;
2089,1674,Montet (Glâne),6.813973266,46.64458494;
2097,1673,Rue,6.822306019,46.61962746;
2099,1678,Siviriez,6.880088849,46.65785182;
2102,1670,Ursy,6.834187548,46.63558637;
2113,1687,Vuisternens-devant-Romont,6.929732652,46.65620408;
2123,1652,Botterens,7.112928285,46.62129082;
2124,1636,Broc,7.099473825,46.60495871;
2125,1630,Bulle,7.05845623,46.62027276;
2128,1653,Châtel-sur-Montsalvens,7.126417976,46.6136058;
2129,1647,Corbières,7.10111376,46.66137287;
2130,1653,Crésuz,7.14093336,46.61852929;
2131,1646,Echarlens,7.075605282,46.64786669;
2134,1666,Grandvillard,7.08566728,46.53879682;
2135,1663,Gruyères,7.083360449,46.58353514;
2137,1648,Hauteville,7.103288743,46.67094753;
2138,1656,Jaun,7.274585989,46.6113877;
2140,1633,Marsens,7.061858484,46.65576277;
2143,1638,Morlon,7.087767588,46.62792856;
2147,1649,Pont-la-Ville,7.1110473,46.70010386;
2148,1632,Riaz,7.061165922,46.64150003;
2153,1642,Sorens,7.060290233,46.66892013;
2155,1627,Vaulruz,6.993159256,46.62382014;
2160,1628,Vuadens,7.019143246,46.61646347;
2171,1732,Arconciel,7.123039053,46.74687141;
2173,1742,Autigny,7.020577047,46.73649484;
2175,1782,Belfaux,7.106939826,46.8224025;
2177,1744,Chénens,7.002460146,46.73967096;
2183,1720,Corminboeuf,7.102325569,46.80828801;
2194,1724,Ferpicloz,7.164546348,46.74790096;
2196,1700,Fribourg,7.162795392,46.80618469;
2197,1762,Givisiez,7.126584889,46.81220554;
2198,1763,Granges-Paccot,7.141505397,46.82508935;
2200,1772,Grolley,7.071152075,46.83367946;
2206,1723,Marly,7.158922529,46.77491017;
2208,1753,Matran,7.096297184,46.78644087;
2216,1723,Pierrafortscha,7.185644875,46.78696057;
2217,1772,Ponthaux,7.040101009,46.81557722;
2220,1724,Le Mouret,7.177776725,46.75108203;
2225,1724,Senèdes,7.142645678,46.74239604;
2226,1733,Treyvaux,7.137568958,46.72851463;
2228,1752,Villars-sur-Glâne,7.116042223,46.79103528;
2230,1723,Villarsel-sur-Marly,7.172995625,46.76043601;
2250,1796,Courgevaux,7.112030781,46.90733396;
2254,1784,Courtepin,7.126077302,46.86369497;
2258,3284,Fräschels,7.211127039,46.9954002;
2259,3285,Galmiz,7.157852323,46.9499603;
2260,3215,Gempenach,7.197575051,46.94073429;
2261,3280,Greng,7.091329058,46.91375257;
2262,3212,Gurmels,7.171910045,46.8927316;
2265,3210,Kerzers,7.196383123,46.97614662;
2266,3213,Kleinbösingen,7.205129383,46.89425015;
2271,3280,Meyriez,7.10909202,46.92496556;
2274,3286,Muntelier,7.12401944,46.93542577;
2275,3280,Murten,7.119109668,46.92842127;
2278,3214,Ulmiz,7.200690954,46.93258399;
2292,1719,Brünisried,7.279207527,46.76027446;
2293,3186,Düdingen,7.190666778,46.84603605;
2294,1735,Giffers,7.210402119,46.76114231;
2295,3178,Bösingen,7.228379375,46.89420052;
2296,1714,Heitenried,7.298664564,46.82990945;
2299,1716,Plaffeien,7.286055141,46.74227617;
2300,1737,Plasselb,7.251942736,46.73550965;
2301,1718,Rechthalten,7.240809355,46.76833007;
2302,1713,St. Antoni,7.260732316,46.82225064;
2303,1736,St. Silvester,7.22464368,46.7410774;
2304,1717,St. Ursen,7.221258568,46.7912711;
2306,1712,Tafers,7.217607776,46.81542213;
2307,1734,Tentlingen,7.197690529,46.77042665;
2308,3182,Ueberstorf,7.314340929,46.8654633;
2321,1616,Attalens,6.8492213,46.51084623;
2323,1615,Bossonnens,6.850066414,46.52180399;
2328,1614,Granges (Veveyse),6.831248567,46.52466495;
2333,1617,Remaufens,6.878652515,46.52764626;
2336,1623,Semsales,6.927713852,46.57288661;
2338,1624,La Verrerie,6.92140103,46.58937117;
2401,4622,Egerkingen,7.796297076,47.32619561;
2402,4624,Härkingen,7.823842173,47.30644275;
2403,4703,Kestenholz,7.754089651,47.27620179;
2404,4623,Neuendorf,7.796664013,47.30154329;
2405,4626,Niederbuchsiten,7.772376866,47.29480807;
2406,4625,Oberbuchsiten,7.772790234,47.31030062;
2407,4702,Oensingen,7.723819211,47.28729969;
2408,4628,Wolfwil,7.793443436,47.27066053;
2421,4714,Aedermannsdorf,7.608267275,47.30360545;
2422,4710,Balsthal,7.698198092,47.31193361;
2423,4716,Gänsbrunnen,7.470961201,47.26391276;
2424,4715,Herbetswil,7.588277918,47.2940111;
2426,4712,Laupersdorf,7.647457503,47.31523626;
2427,4713,Matzendorf,7.625778649,47.30499732;
2429,4716,Welschenrohr,7.518093127,47.27993505;
2445,4585,Biezwil,7.415473455,47.1165418;
2457,3254,Messen,7.448716075,47.09148745;
2461,3253,Schnottwil,7.397124324,47.11174999;
2463,4588,Unterramsern,7.482666734,47.11774042;
2471,4112,Bättwil,7.509967347,47.49192471;
2473,4143,Dornach,7.616681509,47.47868037;
2474,4145,Gempen,7.655658524,47.47588388;
2475,4146,Hochwald,7.641027883,47.45613084;
2479,4118,Rodersdorf,7.456108763,47.4811579;
2481,4108,Witterswil,7.528366731,47.48746192;
2492,4468,Kienberg,7.967763523,47.43886744;
2493,4654,Lostorf,7.951705386,47.38306878;
2495,5013,Niedergösgen,7.988126936,47.37741733;
2497,4653,Obergösgen,7.95583683,47.36247263;
2499,4655,Stüsslingen,7.974276915,47.39427802;
2500,4632,Trimbach,7.895941195,47.36743862;
2501,4652,Winznau,7.93011027,47.36355835;
2513,4562,Biberist,7.552292204,47.1831936;
2514,4556,Bolken,7.66630666,47.19129745;
2516,4543,Deitingen,7.62654967,47.21637646;
2517,4552,Derendingen,7.586544186,47.19476647;
2518,4554,Etziken,7.647335113,47.1893799;
2519,4563,Gerlafingen,7.571666328,47.17051122;
2520,4566,Halten,7.608298568,47.16982557;
2523,4557,Horriwil,7.622862721,47.18043858;
2524,4554,Hüniken,7.635783155,47.1830653;
2525,4566,Kriegstetten,7.594615546,47.17430597;
2526,4573,Lohn-Ammannsegg,7.527411368,47.17326529;
2527,4542,Luterbach,7.58136927,47.21356406;
2528,4564,Obergerlafingen,7.584126615,47.16098785;
2529,4566,Oekingen,7.606145787,47.18129373;
2530,4565,Recherswil,7.600097577,47.16045287;
2532,4553,Subingen,7.622779151,47.19665806;
2534,4528,Zuchwil,7.562529283,47.20440238;
2542,4512,Bellach,7.500984144,47.21214079;
2543,2544,Bettlach,7.429709458,47.20339385;
2545,4534,Flumenthal,7.601530852,47.23550344;
2546,2540,Grenchen,7.40722565,47.18898241;
2547,4524,Günsberg,7.57594587,47.25984826;
2548,4535,Hubersdorf,7.588778994,47.24478309;
2549,4535,Kammersrohr,7.593203977,47.25295723;
2550,4513,Langendorf,7.514550727,47.22174518;
2551,4514,Lommiswil,7.46364052,47.22244105;
2554,4533,Riedholz,7.566358872,47.23379739;
2555,4522,Rüttenen,7.530112453,47.23046562;
2556,2545,Selzach,7.453931115,47.20607439;
2571,4618,Boningen,7.856483647,47.30808487;
2573,4657,Dulliken,7.946246969,47.34786997;
2575,4629,Fulenbach,7.831352089,47.27726506;
2576,5014,Gretzenbach,8.002429636,47.35822472;
2578,4617,Gunzgen,7.833230209,47.31570991;
2579,4614,Hägendorf,7.836697088,47.33791371;
2581,4600,Olten,7.898623255,47.35095127;
2583,5012,Schönenwerd,8.010919881,47.36955258;
2584,4656,Starrkirch-Wil,7.929461334,47.35260903;
2601,4500,Solothurn,7.539730129,47.20842622;
2611,4252,Bärschwil,7.473087272,47.38340105;
2613,4226,Breitenbach,7.550965072,47.40315418;
2614,4227,Büsserach,7.546776326,47.38989902;
2615,4228,Erschwil,7.537197055,47.37302937;
2616,4232,Fehren,7.576990265,47.39652527;
2617,4247,Grindel,7.501375272,47.38136563;
2618,4204,Himmelried,7.598507302,47.4221559;
2619,4245,Kleinlützel,7.417971487,47.42426439;
2620,4233,Meltingen,7.588109821,47.38646905;
2621,4208,Nunningen,7.619250934,47.39339796;
2622,4234,Zullwil,7.599841401,47.39115248;
2701,4001,Basel,7.588870113,47.55637068;
2701,4031,Basel,7.582833474,47.56196606;
2701,4031,Basel,7.576346252,47.56248624;
2701,4051,Basel,7.586697634,47.55419054;
2701,4052,Basel,7.607432017,47.54737307;
2701,4052,Basel,7.596174402,47.5224716;
2701,4053,Basel,7.601012683,47.53833137;
2701,4054,Basel,7.568940144,47.55049381;
2701,4055,Basel,7.563961744,47.56372775;
2701,4056,Basel,7.573533628,47.56951486;
2701,4057,Basel,7.599656338,47.57607136;
2701,4058,Basel,7.613483901,47.56771366;
2701,4059,Basel,7.593411729,47.53160364;
2702,4126,Bettingen,7.664969203,47.57096074;
2703,4125,Riehen,7.649218138,47.58471115;
2762,4123,Allschwil,7.535641463,47.55062095;
2763,4144,Arlesheim,7.62676174,47.49508231;
2765,4102,Binningen,7.577510759,47.53915815;
2766,4127,Birsfelden,7.625557759,47.55544773;
2767,4103,Bottmingen,7.57445342,47.52575765;
2768,4107,Ettingen,7.551266092,47.47794203;
2769,4142,Münchenstein,7.621555203,47.51368936;
2770,4132,Muttenz,7.654465314,47.52099883;
2772,4148,Pfeffingen,7.588941095,47.4594819;
2774,4124,Schönenbuch,7.505889758,47.53483918;
2775,4106,Therwil,7.553658001,47.49723018;
2781,4223,Blauen,7.524017889,47.45043044;
2782,4225,Brislach,7.543649193,47.4180549;
2783,4117,Burg im Leimental,7.43949503,47.45607025;
2784,4243,Dittingen,7.496297572,47.4421404;
2785,4202,Duggingen,7.606372772,47.45230173;
2786,4203,Grellingen,7.587594496,47.44167189;
2787,4242,Laufen,7.498428335,47.42111498;
2788,4253,Liesberg,7.421778256,47.39696252;
2789,4224,Nenzlingen,7.557010256,47.44740027;
2790,2814,Roggenburg,7.341370046,47.43304567;
2791,4244,Röschenz,7.472341254,47.42779778;
2793,4222,Zwingen,7.529679783,47.43745135;
2821,4422,Arisdorf,7.766884692,47.51077489;
2823,4416,Bubendorf,7.743750139,47.44583956;
2824,4402,Frenkendorf,7.706743964,47.50185391;
2825,4414,Füllinsdorf,7.728726968,47.50756063;
2826,4304,Giebenach,7.743283503,47.52349474;
2827,4423,Hersberg,7.781979053,47.49139696;
2828,4415,Lausen,7.762768947,47.4684277;
2829,4410,Liestal,7.721057391,47.48539209;
2830,4419,Lupsingen,7.695737825,47.44432965;
2831,4133,Pratteln,7.688076161,47.51566715;
2832,4433,Ramlinsburg,7.76956517,47.449135;
2833,4411,Seltisberg,7.713293087,47.46065806;
2834,4417,Ziefen,7.705302576,47.42924293;
2841,4469,Anwil,7.939884737,47.45135938;
2842,4461,Böckten,7.832644905,47.46539832;
2843,4446,Buckten,7.84525047,47.4112986;
2844,4463,Buus,7.866240568,47.50587018;
2845,4442,Diepflingen,7.836413351,47.44443484;
2846,4460,Gelterkinden,7.858803366,47.46423286;
2847,4445,Häfelfingen,7.866042095,47.41503419;
2848,4465,Hemmiken,7.892945978,47.48840398;
2849,4452,Itingen,7.782383377,47.46558456;
2850,4447,Känerkinden,7.833744153,47.41471334;
2852,4448,Läufelfingen,7.859505151,47.39793333;
2853,4464,Maisprach,7.843981198,47.52492833;
2854,4453,Nusshof,7.804052003,47.49154974;
2855,4494,Oltingen,7.933773352,47.43311734;
2856,4466,Ormalingen,7.874077395,47.46937896;
2858,4467,Rothenfluh,7.914393312,47.46195012;
2859,4444,Rümlingen,7.853491385,47.42576657;
2860,4497,Rünenberg,7.887187814,47.43300824;
2861,4450,Sissach,7.815969449,47.47075546;
2862,4492,Tecknau,7.887409439,47.44589286;
2863,4456,Tenniken,7.816405821,47.43652785;
2864,4441,Thürnen,7.827855269,47.45478653;
2865,4493,Wenslingen,7.909527001,47.43996213;
2866,4451,Wintersingen,7.825954666,47.49253593;
2867,4443,Wittinsburg,7.839281395,47.42725553;
2868,4495,Zeglingen,7.904712151,47.41684419;
2869,4455,Zunzgen,7.802706968,47.44920065;
2881,4424,Arboldswil,7.718602711,47.4166256;
2882,4431,Bennwil,7.781152216,47.40073508;
2883,4207,Bretzwil,7.648835502,47.399526;
2884,4457,Diegten,7.812870526,47.41455603;
2885,4458,Eptingen,7.823733995,47.38610888;
2886,4434,Hölstein,7.775622031,47.42707546;
2887,4432,Lampenberg,7.754166165,47.42612356;
2888,4438,Langenbruck,7.767491481,47.34889426;
2889,4426,Lauwil,7.675400621,47.387737;
2890,4436,Liedertswil,7.720666248,47.39051845;
2891,4435,Niederdorf,7.749580766,47.40945327;
2893,4418,Reigoldswil,7.686666711,47.4004038;
2894,4425,Titterten,7.719533621,47.40390376;
2895,4437,Waldenburg,7.748514635,47.38303278;
2901,8214,Gächlingen,8.49991474,47.70223961;
2901,8214,Gächlingen,8.510387388,47.73511291;
2903,8224,Löhningen,8.55306484,47.69912854;
2904,8213,Neunkirch,8.498689225,47.69058142;
2914,8236,Büttenhardt,8.652982183,47.75602667;
2915,8239,Dörflingen,8.722849757,47.70616146;
2920,8240,Thayngen,8.711194668,47.74744105;
2932,8222,Beringen,8.572611625,47.69917867;
2933,8454,Buchberg,8.562847813,47.57278002;
2936,8232,Merishausen,8.607066926,47.76008784;
2937,8212,Neuhausen am Rheinfall,8.617446572,47.68182623;
2938,8455,Rüdlingen,8.572229026,47.57917929;
2939,8200,Schaffhausen,8.625944328,47.71766273;
2939,8203,Schaffhausen,8.662055193,47.6997599;
2939,8207,Schaffhausen,8.672768788,47.72346968;
2939,8208,Schaffhausen,8.635900474,47.71189902;
2951,8228,Beggingen,8.533659242,47.76762416;
2952,8226,Schleitheim,8.488614291,47.74962633;
2953,8225,Siblingen,8.519391059,47.71418721;
2962,8261,Hemishofen,8.832070487,47.67687162;
2963,8262,Ramsen,8.813003042,47.70692881;
2964,8260,Stein am Rhein,8.86017242,47.65893572;
2971,8215,Hallau,8.462171251,47.69841482;
2972,8216,Oberhallau,8.47852195,47.70488198;
2973,8219,Trasadingen,8.430676202,47.66793685;
2974,8217,Wilchingen,8.464667439,47.66923791;
2974,8217,Wilchingen,8.519372868,47.65550249;
3001,9100,Herisau,9.279451691,47.3859257;
3002,9064,Hundwil,9.320539709,47.36564559;
3003,9105,Schönengrund,9.226361465,47.32578436;
3004,9103,Schwellbrunn,9.249267805,47.35225925;
3006,9107,Urnäsch,9.282936944,47.31704325;
3007,9104,Waldstatt,9.283506051,47.35647795;
3021,9055,Bühler,9.42584192,47.37339399;
3022,9056,Gais,9.455029332,47.36227506;
3023,9042,Speicher,9.442710396,47.41318472;
3025,9043,Trogen,9.465423036,47.40830648;
3032,9410,Heiden,9.535066243,47.44511656;
3033,9426,Lutzenberg,9.583624632,47.45959067;
3034,9038,Rehetobel,9.482502271,47.42623638;
3037,9428,Walzenhausen,9.601169093,47.45152788;
3038,9427,Wolfhalden,9.550719046,47.45404241;
3101,9050,Appenzell,9.410087892,47.33089871;
3102,9108,Gonten,9.346644208,47.32827198;
3105,9057,Schwende,9.434208315,47.30073493;
3111,9413,Oberegg,9.55347773,47.42160353;
3111,9413,Oberegg,9.583253573,47.42344336;
3201,9312,Häggenschwil,9.343854253,47.49423437;
3202,9313,Muolen,9.321541408,47.52001552;
3203,9000,St. Gallen,9.362229414,47.42363488;
3203,9008,St. Gallen,9.391851107,47.44181557;
3203,9010,St. Gallen,9.371710249,47.44223918;
3203,9011,St. Gallen,9.399316304,47.41476308;
3203,9012,St. Gallen,9.360818719,47.41028434;
3203,9014,St. Gallen,9.335477414,47.40925795;
3203,9015,St. Gallen,9.310157853,47.40574619;
3203,9016,St. Gallen,9.414065452,47.44150236;
3204,9300,Wittenbach,9.379114458,47.46335033;
3212,9034,Eggersriet,9.471835196,47.44235623;
3213,9403,Goldach,9.464790705,47.47336409;
3214,9402,Mörschwil,9.424458195,47.4681785;
3215,9400,Rorschach,9.491352119,47.47445967;
3216,9404,Rorschacherberg,9.502127445,47.46628089;
3217,9323,Steinach,9.440228924,47.5026371;
3218,9327,Tübach,9.453790788,47.48474292;
3219,9033,Untereggen,9.44594399,47.4522588;
3232,9436,Balgach,9.606310606,47.40737324;
3233,9442,Berneck,9.609395505,47.42456435;
3234,9444,Diepoldsau,9.65762911,47.3854032;
3235,9424,Rheineck,9.590040969,47.46579958;
3237,9425,Thal,9.569448639,47.46503526;
3238,9443,Widnau,9.639645589,47.40413509;
3252,9453,Eichberg,9.529540034,47.3450274;
3255,9445,Rebstein,9.584152908,47.39949821;
3272,9473,Gams,9.440358587,47.20375447;
3273,9472,Grabs,9.447085273,47.18113361;
3274,9466,Sennwald,9.50791251,47.26561727;
3275,9475,Sevelen,9.486082549,47.12149413;
3291,7310,Bad Ragaz,9.500957652,47.00401525;
3292,8890,Flums,9.344703494,47.09081359;
3293,8887,Mels,9.422496253,47.04652678;
3294,7312,Pfäfers,9.498407693,46.98837577;
3295,8883,Quarten,9.241598059,47.1091568;
3296,7320,Sargans,9.435127315,47.05033685;
3298,8880,Walenstadt,9.314830882,47.12412841;
3311,8873,Amden,9.145783627,47.14960034;
3313,8722,Kaltbrunn,9.024535761,47.21394544;
3315,8718,Schänis,9.045409063,47.15991739;
3316,8872,Weesen,9.096226018,47.13531434;
3338,8716,Schmerikon,8.940920249,47.22674007;
3339,8730,Uznach,8.98632514,47.22548265;
3341,8737,Gommiswald,9.0226656,47.23118114;
3352,9642,Ebnat-Kappel,9.120548661,47.26406307;
3360,9650,Nesslau,9.200146539,47.22391577;
3372,9633,Hemberg,9.175915933,47.30065344;
3374,9620,Lichtensteig,9.088876964,47.3225089;
3375,9621,Oberhelfenschwil,9.112060867,47.35618574;
3379,9630,Wattwil,9.088564585,47.30430398;
3393,9604,Lütisburg,9.085684586,47.39580836;
3394,9607,Mosnang,9.039778413,47.36246727;
3401,9113,Degersheim,9.196920395,47.37338764;
3402,9230,Flawil,9.183742059,47.41696411;
3405,9243,Jonschwil,9.088287181,47.4240992;
3407,9242,Oberuzwil,9.1206025,47.43117447;
3408,9240,Uzwil,9.131231117,47.43667159;
3422,9246,Niederbüren,9.207785559,47.46509056;
3423,9527,Niederhelfenschwil,9.187100802,47.47616257;
3424,9245,Oberbüren,9.161507991,47.45116002;
3444,9205,Waldkirch,9.284957238,47.46953654;
3506,7082,Vaz/Obervaz,9.531557687,46.69593103;
3513,7083,Lantsch/Lenz,9.562409143,46.68309617;
3551,7743,Brusio,10.12433083,46.25853739;
3561,7742,Poschiavo,10.06200467,46.32553465;
3572,7153,Falera,9.231613345,46.80026752;
3581,7152,Sagogn,9.254014948,46.78901975;
3582,7151,Schluein,9.228317309,46.78881934;
3603,7132,Vals,9.178048275,46.61854809;
3633,7414,Fürstenau,9.448719078,46.72043748;
3637,7405,Rothenbrunnen,9.426804063,46.76956456;
3638,7412,Scharans,9.459437769,46.71800416;
3640,7411,Sils im Domleschg,9.454479948,46.69984409;
3661,7408,Cazis,9.429711686,46.72116881;
3662,7426,Flerden,9.396100982,46.67356376;
3662,7426,Flerden,9.405185307,46.70370927;
3663,7425,Masein,9.42683268,46.70498782;
3668,7430,Thusis,9.438788481,46.69438277;
3669,7428,Tschappina,9.372219456,46.68670794;
3670,7427,Urmein,9.400737922,46.69178084;
3695,7434,Sufers,9.367006237,46.57219903;
3701,7440,Andeer,9.424795023,46.60167105;
3705,7433,Donat,9.430350503,46.62882051;
3708,7433,Mathon,9.411841002,46.63625127;
3711,7430,Rongellen,9.443320936,46.67352815;
3721,7402,Bonaduz,9.402439992,46.81183704;
3722,7013,Domat/Ems,9.451354466,46.83613595;
3723,7403,Rhäzüns,9.392792628,46.7969637;
3731,7012,Felsberg,9.470582688,46.84542795;
3733,7015,Tamins,9.407984258,46.82921899;
3734,7014,Trin,9.363619957,46.83043434;
3746,7530,Zernez,10.09523806,46.69927391;
3762,7550,Scuol,10.30452334,46.79390116;
3781,7502,Bever,9.889271599,46.5523505;
3781,7502,Bever,9.729523165,46.52856559;
3782,7505,Celerina/Schlarigna,9.862630285,46.51227783;
3783,7523,Madulain,9.936914304,46.58549177;
3783,7523,Madulain,9.998295664,46.49724614;
3784,7504,Pontresina,9.902474735,46.49350225;
3785,7522,La Punt-Chamues-ch,9.928683611,46.57754148;
3786,7503,Samedan,9.870554894,46.53389813;
3787,7500,St. Moritz,9.839985337,46.49841189;
3788,7525,S-chanf,9.985068421,46.61388725;
3790,7513,Silvaplana,9.795161925,46.45944063;
3791,7524,Zuoz,9.886658206,46.61164183;
3791,7524,Zuoz,9.956313339,46.60138647;
3804,6542,Buseno,9.107344858,46.27275912;
3805,6540,Castaneda,9.140497236,46.25700736;
3808,6548,Rossa,9.127096907,46.37282886;
3821,6558,Lostallo,9.194435336,46.31260034;
3822,6563,Mesocco,9.230758252,46.39278034;
3823,6562,Soazza,9.222924597,46.36691328;
3831,6557,Cama,9.173172862,46.27211822;
3832,6537,Grono,9.144999241,46.24754591;
3861,7235,Fideris,9.740345301,46.91400223;
3862,7232,Furna,9.678968217,46.93695873;
3863,7233,Jenaz,9.716706266,46.92643566;
3881,7241,Conters im Prättigau,9.79904356,46.90321856;
3882,7240,Küblis,9.777042388,46.91422616;
3891,7242,Luzein,9.762851334,46.92001284;
3901,7000,Chur,9.532799835,46.84817709;
3911,7075,Churwalden,9.544472928,46.780705;
3921,7050,Arosa,9.675599162,46.77729828;
3941,7023,Haldenstein,9.521942767,46.87920009;
3945,7203,Trimmis,9.563937833,46.89602558;
3946,7204,Untervaz,9.535084368,46.92721864;
3947,7205,Zizers,9.566025483,46.93664705;
3951,7306,Fläsch,9.513896761,47.02572782;
3952,7307,Jenins,9.55602649,47.00107054;
3953,7304,Maienfeld,9.53148074,47.00798955;
3955,7302,Landquart,9.558616106,46.96356942;
3961,7214,Grüsch,9.647034954,46.98245181;
3962,7220,Schiers,9.770067705,46.99531981;
3962,7220,Schiers,9.688374573,46.97022011;
3981,7165,Breil/Brigels,9.061461595,46.7681718;
3982,7180,Disentis/Mustér,8.851466127,46.70338935;
3985,7175,Sumvitg,8.939095029,46.72818531;
3987,7166,Trun,8.984790129,46.74196929;
4001,5000,Aarau,8.048667761,47.38901423;
4001,5004,Aarau,8.060592031,47.40092104;
4002,5023,Biberstein,8.081244804,47.41595514;
4004,5026,Densbüren,8.054863238,47.45285899;
4006,5722,Gränichen,8.102126287,47.35650489;
4007,5042,Hirschthal,8.056392816,47.3187072;
4008,5024,Küttigen,8.047804176,47.41303059;
4009,5037,Muhen,8.051355936,47.33502935;
4010,5036,Oberentfelden,8.033773788,47.35800389;
4012,5034,Suhr,8.076050237,47.37319914;
4013,5035,Unterentfelden,8.038348881,47.36968525;
4021,5400,Baden,8.30898147,47.4726264;
4021,5404,Baden,8.278285489,47.45450666;
4022,5454,Bellikon,8.345428544,47.3912045;
4023,8962,Bergdietikon,8.380370151,47.39075686;
4026,5408,Ennetbaden,8.323996846,47.48055557;
4027,5442,Fislisbach,8.296880208,47.43904219;
4028,5423,Freienwil,8.326438854,47.50263523;
4029,5412,Gebenstorf,8.240166177,47.48065576;
4030,8956,Killwangen,8.348718962,47.43271019;
4031,5444,Künten,8.326894507,47.39027902;
4032,5506,Mägenwil,8.233670143,47.40973189;
4033,5507,Mellingen,8.281400897,47.41819941;
4034,5432,Neuenhof,8.323675643,47.44570936;
4035,5443,Niederrohrdorf,8.297717523,47.423822;
4037,5452,Oberrohrdorf,8.321986407,47.42273392;
4039,5453,Remetschwil,8.326704061,47.40831772;
4040,8957,Spreitenbach,8.36560059,47.41685406;
4042,5300,Turgi,8.253695284,47.49072826;
4044,5417,Untersiggenthal,8.259889012,47.50528989;
4045,5430,Wettingen,8.330465776,47.46781163;
4046,5512,Wohlenschwil,8.256708641,47.41238659;
4047,5303,Würenlingen,8.258632312,47.53023544;
4048,5436,Würenlos,8.364873281,47.44278732;
4049,5420,Ehrendingen,8.342137172,47.49731558;
4062,8965,Berikon,8.376808906,47.35164287;
4065,5605,Dottikon,8.241003012,47.38366379;
4066,5445,Eggenwil,8.339158432,47.36716737;
4067,5525,Fischbach-Göslikon,8.311100254,47.36911994;
4068,5607,Hägglingen,8.254076354,47.38752043;
4071,8916,Jonen,8.395477922,47.29580041;
4073,8917,Oberlunkhofen,8.38996634,47.31240279;
4074,8966,Oberwil-Lieli,8.385604554,47.33571856;
4076,5614,Sarmenstorf,8.251926898,47.31334721;
4077,5522,Tägerig,8.281379344,47.4024301;
4078,5619,Uezwil,8.275508502,47.31552188;
4079,8918,Unterlunkhofen,8.380813881,47.32126972;
4080,5612,Villmergen,8.243859162,47.34573342;
4081,8967,Widen,8.357668364,47.36767821;
4083,5621,Zufikon,8.360908045,47.34452306;
4084,8905,Islisberg,8.4392672,47.32252684;
4091,5105,Auenstein,8.140704947,47.41599376;
4092,5242,Birr,8.201220856,47.43688882;
4093,5244,Birrhard,8.245620455,47.43417579;
4094,5076,Bözen,8.085269356,47.4954784;
4096,5078,Effingen,8.103884318,47.48882523;
4097,5077,Elfingen,8.098860315,47.50680707;
4099,5245,Habsburg,8.185986808,47.46142634;
4104,5242,Lupfig,8.202233208,47.44332818;
4105,5318,Mandach,8.186152106,47.54679991;
4106,5237,Mönthal,8.143331707,47.51788471;
4107,5243,Mülligen,8.239424232,47.45783389;
4110,5236,Remigen,8.186918052,47.51605285;
4111,5223,Riniken,8.189964694,47.49293629;
4121,5234,Villigen,8.212994781,47.5271313;
4122,5213,Villnachern,8.156566646,47.46935481;
4123,5210,Windisch,8.213338534,47.47571374;
4124,5225,Bözberg,8.161412825,47.49127257;
4131,5712,Beinwil am See,8.208411288,47.26499072;
4132,5708,Birrwil,8.197733078,47.29015199;
4134,5724,Dürrenäsch,8.157474325,47.32131722;
4135,5728,Gontenschwil,8.14517879,47.27177248;
4136,5043,Holziken,8.034309026,47.31951315;
4138,5725,Leutwil,8.174014637,47.30947546;
4139,5737,Menziken,8.186373579,47.23951272;
4140,5727,Oberkulm,8.12407335,47.29897637;
4142,5044,Schlossrued,8.089061568,47.29273216;
4143,5046,Schmiedrued,8.108591883,47.2709803;
4144,5040,Schöftland,8.050659836,47.30480596;
4146,5726,Unterkulm,8.115530429,47.31050073;
4147,5732,Zetzwil,8.150961865,47.28824399;
4161,5074,Eiken,7.989013831,47.53196448;
4163,5070,Frick,8.022433734,47.50442303;
4164,5272,Gansingen,8.140018463,47.54288927;
4165,5073,Gipf-Oberfrick,8.003394356,47.497276;
4166,5027,Herznach,8.047513848,47.47148572;
4167,5075,Hornussen,8.062964295,47.49875905;
4169,5082,Kaisten,8.04589602,47.54012404;
4170,5080,Laufenburg,8.061498195,47.56198981;
4173,5062,Oberhof,8.002737526,47.4487421;
4175,5072,Oeschgen,8.01900283,47.52307329;
4176,5326,Schwaderloch,8.145842619,47.58391321;
4179,5028,Ueken,8.043505559,47.48630031;
4181,5064,Wittnau,7.974821041,47.48084097;
4182,5063,Wölflinswil,7.995651561,47.46184558;
4183,5079,Zeihen,8.087616855,47.47533872;
4192,5706,Boniswil,8.18443387,47.31519516;
4193,5505,Brunegg,8.216922443,47.41894819;
4194,5606,Dintikon,8.226827887,47.36186055;
4195,5704,Egliswil,8.185632876,47.34974018;
4196,5615,Fahrwangen,8.242276584,47.29484522;
4197,5705,Hallwil,8.175924624,47.32868767;
4198,5604,Hendschiken,8.216985886,47.38592941;
4200,5502,Hunzenschwil,8.123043672,47.3840019;
4201,5600,Lenzburg,8.179301759,47.38807292;
4202,5616,Meisterschwanden,8.234450743,47.29513586;
4204,5702,Niederlenz,8.170355769,47.4026998;
4205,5504,Othmarsingen,8.210146733,47.40211381;
4206,5102,Rupperswil,8.134577043,47.40276627;
4207,5503,Schafisheim,8.142271341,47.37818732;
4208,5707,Seengen,8.203056472,47.32639539;
4209,5703,Seon,8.156748986,47.34618892;
4210,5603,Staufen,8.162874049,47.38074694;
4222,5628,Aristau,8.36096289,47.28693886;
4223,5644,Auw,8.367053702,47.21009177;
4224,5637,Beinwil (Freiamt),8.346439853,47.23023726;
4226,5627,Besenbüren,8.344054708,47.31197795;
4227,5618,Bettwil,8.266529016,47.29065579;
4228,5623,Boswil,8.308824073,47.30381277;
4229,5624,Bünzen,8.326619408,47.30950862;
4230,5632,Buttwil,8.313805833,47.26953344;
4231,6042,Dietwil,8.392971263,47.14764507;
4232,5637,Geltwil,8.325986636,47.24900563;
4233,5625,Kallern,8.293308783,47.3131695;
4234,5634,Merenschwand,8.375762672,47.26024147;
4235,5642,Mühlau,8.39036769,47.22996087;
4237,5647,Oberrüti,8.396097858,47.16566498;
4238,8919,Rottenschwil,8.365946869,47.31442727;
4239,5643,Sins,8.346412353,47.18723987;
4239,5643,Sins,8.395449552,47.19463268;
4240,5622,Waltenschwil,8.302093062,47.33388709;
4251,4316,Hellikon,7.923151056,47.50768269;
4252,4303,Kaiseraugst,7.724933013,47.53960668;
4253,4312,Magden,7.810885828,47.5309242;
4254,4313,Möhlin,7.843404634,47.56172136;
4255,4322,Mumpf,7.922779524,47.54575359;
4256,4324,Obermumpf,7.933557443,47.53031021;
4257,4305,Olsberg,7.783366434,47.52085235;
4258,4310,Rheinfelden,7.792735752,47.5541516;
4259,4325,Schupfart,7.966626498,47.51332342;
4261,4323,Wallbach,7.900412435,47.5626026;
4262,4317,Wegenstetten,7.935330389,47.49870444;
4263,4314,Zeiningen,7.86995558,47.54212021;
4264,4315,Zuzgen,7.897047377,47.52464181;
4271,4663,Aarburg,7.899275288,47.32076463;
4273,4814,Bottenwil,8.005011144,47.28474759;
4274,4805,Brittnau,7.948329378,47.25891494;
4275,5054,Kirchleerau,8.068249288,47.27639136;
4276,5742,Kölliken,8.029380718,47.33800511;
4277,5054,Moosleerau,8.064579351,47.26910483;
4279,4853,Murgenthal,7.832270139,47.26542147;
4280,4665,Oftringen,7.930490135,47.31033022;
4281,5057,Reitnau,8.048901553,47.25102315;
4282,4852,Rothrist,7.878109902,47.30619795;
4283,5745,Safenwil,7.982150014,47.31757205;
4284,5053,Staffelbach,8.04233748,47.28372518;
4285,4802,Strengelbach,7.927548289,47.27989482;
4286,4813,Uerkheim,8.024873095,47.30617338;
4287,4803,Vordemwald,7.896133548,47.27257873;
4288,5058,Wiliberg,8.022370446,47.26762581;
4289,4800,Zofingen,7.945071277,47.28881625;
4301,5333,Baldingen,8.320807814,47.55572929;
4302,5334,Böbikon,8.333066905,47.55343304;
4303,5315,Böttstein,8.223289886,47.55553891;
4304,5312,Döttingen,8.258693336,47.5700601;
4305,5304,Endingen,8.28985912,47.53670417;
4306,5467,Fisibach,8.40790507,47.56213026;
4307,5324,Full-Reuenthal,8.202766962,47.60875753;
4309,5313,Klingnau,8.249813804,47.58087388;
4310,5322,Koblenz,8.238288219,47.60785396;
4311,5325,Leibstadt,8.180284431,47.59169441;
4313,5316,Leuggern,8.216845925,47.58001521;
4314,5465,Mellikon,8.347607175,47.56709236;
4316,5323,Rietheim,8.280672126,47.6020426;
4318,5425,Schneisingen,8.366631225,47.52032812;
4319,5462,Siglistorf,8.380668092,47.54580746;
4320,5306,Tegerfelden,8.289672148,47.55702367;
4322,5463,Wislikofen,8.362765897,47.55746577;
4323,5330,Bad Zurzach,8.295302674,47.58208209;
4401,9320,Arbon,9.436893294,47.51523397;
4406,8582,Dozwil,9.320000156,47.5760453;
4411,9322,Egnach,9.382844376,47.54428725;
4416,8580,Hefenhofen,9.298945482,47.5647858;
4421,9326,Horn,9.463107378,47.49383972;
4426,8593,Kesswil,9.316816143,47.59339456;
4436,8590,Romanshorn,9.36941403,47.56486901;
4441,8599,Salmsach,9.374814391,47.55568063;
4446,8580,Sommeri,9.290137404,47.56719187;
4451,8592,Uttwil,9.341015137,47.58358393;
4461,8580,Amriswil,9.297489222,47.5449759;
4471,9220,Bischofszell,9.238937814,47.49401262;
4476,8586,Erlen,9.234463146,47.54804405;
4495,9216,Hohentannen,9.223662086,47.50991213;
4506,8583,Sulgen,9.183827841,47.54305198;
4545,8253,Diessenhofen,8.748711047,47.69001656;
4551,8355,Aadorf,8.897698233,47.49135943;
4561,8552,Felben-Wellhausen,8.942650615,47.57690915;
4566,8500,Frauenfeld,8.89826187,47.55599474;
4571,8547,Gachnang,8.851107442,47.53785042;
4590,8553,Hüttlingen,8.981241751,47.57668322;
4591,9548,Matzingen,8.93256102,47.52010956;
4606,9507,Stettfurt,8.953958389,47.52457191;
4611,8512,Thundorf,8.963467904,47.54570477;
4641,8595,Altnau,9.257678769,47.60802656;
4643,8598,Bottighofen,9.213300051,47.6407993;
4646,8272,Ermatingen,9.080437384,47.66986778;
4651,8274,Gottlieben,9.133590564,47.66380352;
4656,8594,Güttingen,9.286361342,47.60262747;
4671,8280,Kreuzlingen,9.173202396,47.64467769;
4681,8585,Langrickenbach,9.247342901,47.58327922;
4683,8574,Lengwil,9.206966465,47.61548436;
4683,8574,Lengwil,9.190032487,47.62586496;
4691,8596,Münsterlingen,9.23500014,47.63143726;
4696,8274,Tägerwilen,9.136657021,47.6548714;
4701,8564,Wäldi,9.094201176,47.63409666;
4711,9556,Affeltrangen,9.030027789,47.52598926;
4716,9553,Bettwiesen,9.026730718,47.49399845;
4723,9502,Braunau,9.071221208,47.50368804;
4726,8376,Fischingen,8.968245908,47.4124116;
4741,9506,Lommis,8.997950948,47.51697631;
4756,8577,Schönholzerswilen,9.140919788,47.51699252;
4761,8370,Sirnach,8.997506657,47.46203075;
4781,9545,Wängi,8.95442393,47.50081235;
4791,9514,Wuppenau,9.103464971,47.49530313;
4801,8267,Berlingen,9.016329955,47.67446375;
4806,8264,Eschenz,8.875013679,47.64654703;
4811,8535,Herdern,8.912918924,47.60336002;
4816,8508,Homburg,9.008433224,47.635141;
4821,8536,Hüttwilen,8.875866297,47.60841585;
4826,8265,Mammern,8.916934747,47.64582255;
4841,8505,Pfyn,8.961350447,47.59437567;
4846,8558,Raperswilen,9.04238313,47.63224859;
4851,8268,Salenstein,9.057660063,47.66930081;
4864,8266,Steckborn,8.983403285,47.66674692;
4871,8259,Wagenhausen,8.848168779,47.66164729;
4881,8514,Amlikon-Bissegg,9.048579405,47.56591681;
4901,8585,Birwinken,9.197325671,47.58244588;
4921,9565,Bussnang,9.081945168,47.55782925;
4941,8560,Märstetten,9.069275601,47.59392403;
4946,8570,Weinfelden,9.111270745,47.5680694;
4951,8556,Wigoltingen,9.030963684,47.59573433;
5002,6500,Bellinzona,9.035526645,46.19698978;
5002,6503,Bellinzona,9.007086992,46.20859708;
5003,6593,Cadenazzo,8.952044308,46.14902058;
5009,6810,Isone,8.985251202,46.12891353;
5010,6533,Lumino,9.06598904,46.23038036;
5048,6716,Acquarossa,8.937067935,46.4559345;
5061,6780,Airolo,8.609216703,46.5291038;
5063,6781,Bedretto,8.511692297,46.50610372;
5071,6774,Dalpe,8.775088647,46.47301647;
5072,6760,Faido,8.797847643,46.47880536;
5073,6745,Giornico,8.875042946,46.39980725;
5076,6744,Personico,8.919402409,46.37044927;
5077,6742,Pollegio,8.941482066,46.36542103;
5078,6773,Prato (Leventina),8.756553498,46.48282632;
5079,6777,Quinto,8.711391587,46.51099217;
5091,6612,Ascona,8.767949629,46.15493371;
5095,6634,Brione (Verzasca),8.790302639,46.29676824;
5096,6645,Brione sopra Minusio,8.814466587,46.18302378;
5097,6614,Brissago,8.710822713,46.11862131;
5102,6631,Corippo,8.840927326,46.23576596;
5105,6636,Frasco,8.802104599,46.34022892;
5108,6596,Gordola,8.86525603,46.17921912;
5112,6633,Lavertezzo,8.835991749,46.25720837;
5113,6600,Locarno,8.79354919,46.16253935;
5113,6600,Locarno,8.781813585,46.19082887;
5113,6605,Locarno,8.777799826,46.18506656;
5115,6616,Losone,8.759675127,46.16934156;
5117,6647,Mergoscia,8.848231783,46.21065902;
5118,6648,Minusio,8.813030987,46.17672013;
5120,6600,Muralto,8.805271858,46.17269249;
5121,6644,Orselina,8.800197358,46.18010235;
5125,6622,Ronco sopra Ascona,8.72647176,46.14409083;
5129,6637,Sonogno,8.78615528,46.34982582;
5135,6632,Vogorno,8.858640407,46.22262559;
5141,6982,Agno,8.897706146,45.99766145;
5143,6994,Aranno,8.873080157,46.0179088;
5144,6822,Arogno,8.9885675,45.9595876;
5146,6999,Astano,8.816226897,46.01269992;
5148,6930,Bedano,8.919360091,46.05135606;
5149,6981,Bedigliora,8.828670198,46.02174296;
5149,6981,Bedigliora,8.842428267,46.00255893;
5151,6934,Bioggio,8.908674138,46.01446591;
5154,6816,Bissone,8.96435568,45.9512868;
5160,6827,Brusino Arsizio,8.93773124,45.92884232;
5161,6936,Cademario,8.892348739,46.02270541;
5162,6814,Cadempino,8.934516354,46.03373215;
5167,6952,Canobbio,8.968644557,46.03365829;
5171,6987,Caslano,8.883458075,45.97195418;
5176,6949,Comano,8.955061071,46.03598982;
5180,6944,Cureglia,8.944538439,46.03704673;
5181,6986,Curio,8.862969838,46.00152882;
5186,6916,Grancia,8.928871313,45.96698653;
5187,6929,Gravesano,8.916687753,46.04274161;
5189,6814,Lamone,8.931263108,46.04435262;
5192,6900,Lugano,8.946559809,46.00540441;
5193,6983,Magliaso,8.884558404,45.98173906;
5194,6928,Manno,8.918672498,46.03445274;
5195,6817,Maroggia,8.96870201,45.93562123;
5196,6900,Massagno,8.943177947,46.01271291;
5197,6818,Melano,8.986406848,45.91907544;
5198,6815,Melide,8.949071177,45.95474818;
5200,6986,Miglieglia,8.857293564,46.02540936;
5202,6998,Monteggio,8.813768963,45.99605712;
5203,6922,Morcote,8.914261962,45.92315376;
5205,6933,Muzzano,8.922319947,45.99836021;
5206,6991,Neggio,8.879414969,45.98722096;
5207,6986,Novaggio,8.855959887,46.01020145;
5208,6945,Origlio,8.944443388,46.05430134;
5210,6900,Paradiso,8.946391474,45.98921398;
5212,6946,Ponte Capriasca,9.065809221,46.12408267;
5212,6946,Ponte Capriasca,8.949387363,46.06208913;
5213,6988,Ponte Tresa,8.858345468,45.96962135;
5214,6948,Porza,8.954543376,46.02728482;
5216,6984,Pura,8.868835536,45.98604951;
5219,6821,Rovio,8.987192139,45.93293668;
5221,6942,Savosa,8.951453325,46.02377107;
5222,6997,Sessa,8.818794625,45.9989426;
5225,6924,Sorengo,8.934790365,46.00034222;
5230,6992,Vernate,8.886735789,45.99477563;
5231,6943,Vezia,8.93702229,46.02347221;
5233,6921,Vico Morcote,8.922439147,45.93036603;
5242,6828,Balerna,9.00806271,45.84957641;
5249,6874,Castel San Pietro,9.009861455,45.85968613;
5250,6830,Chiasso,9.026855752,45.83487905;
5251,6877,Coldrerio,8.98587503,45.85349884;
5254,6850,Mendrisio,8.989202799,45.87076409;
5257,6834,Morbio Inferiore,9.016861049,45.85361922;
5260,6883,Novazzano,8.981331232,45.84157474;
5263,6826,Riva San Vitale,8.969665752,45.90682326;
5266,6855,Stabio,8.938546353,45.85072789;
5268,6833,Vacallo,9.03495165,45.84764847;
5281,6710,Biasca,8.972224403,46.36011201;
5304,6685,Bosco/Gurin,8.49156063,46.31675491;
5307,6684,Campo (Vallemaggia),8.496479613,46.28901304;
5309,6683,Cerentino,8.547635959,46.30564674;
5310,6675,Cevio,8.601752337,46.31646226;
5315,6682,Linescio,8.583101159,46.30816611;
5317,6673,Maggia,8.708302102,46.24677316;
5401,1860,Aigle,6.967618108,46.31728153;
5402,1880,Bex,7.012436832,46.25121695;
5403,1846,Chessel,6.894260961,46.34958711;
5404,1856,Corbeyrier,6.96246653,46.35024522;
5405,1882,Gryon,7.062829628,46.27348908;
5407,1854,Leysin,7.012534761,46.34163669;
5408,1845,Noville,6.898592743,46.38091857;
5412,1847,Rennaz,6.918628431,46.37590331;
5415,1853,Yvorne,6.960860991,46.33089702;
5421,1143,Apples,6.42862169,46.55225646;
5422,1170,Aubonne,6.392147415,46.49671942;
5423,1144,Ballens,6.374079844,46.55469059;
5424,1149,Berolle,6.336612069,46.55822468;
5425,1145,Bière,6.333425627,46.53816359;
5426,1172,Bougy-Villars,6.354063424,46.47894222;
5427,1173,Féchy,6.369900214,46.48117051;
5428,1188,Gimel,6.309750863,46.50814106;
5429,1261,Longirod,6.258434169,46.49480258;
5430,1261,Marchissy,6.247316458,46.48722158;
5432,1174,Montherod,6.36578362,46.49877938;
5437,1189,Saubraz,6.330347569,46.5142655;
5451,1580,Avenches,7.04060687,46.88024835;
5456,1588,Cudrefin,7.019627598,46.95528217;
5458,1595,Faoug,7.077399675,46.90875463;
5471,1042,Bettens,6.577339282,46.62574199;
5472,1035,Bournens,6.563767638,46.60381147;
5473,1034,Boussens,6.582774916,46.60374592;
5474,1308,La Chaux (Cossonay),6.472897603,46.6180059;
5475,1148,Chavannes-le-Veyron,6.451340312,46.60591164;
5476,1316,Chevilly,6.476963209,46.64234755;
5479,1148,Cuarnens,6.438362728,46.62528136;
5480,1306,Daillens,6.548779763,46.62049809;
5481,1304,Dizy,6.496281332,46.63559205;
5482,1312,Eclépens,6.525699489,46.6524733;
5483,1313,Ferreyres,6.485469186,46.65837856;
5484,1124,Gollion,6.508397737,46.58524041;
5485,1117,Grancy,6.464161343,46.59172198;
5486,1148,L'Isle,6.41318638,46.61789483;
5487,1307,Lussery-Villars,6.525997132,46.63290062;
5488,1148,Mauraz,6.422517691,46.60524408;
5491,1148,Mont-la-Ville,6.408887016,46.6459012;
5492,1147,Montricher,6.376921388,46.60115133;
5493,1317,Orny,6.525591765,46.66831302;
5494,1142,Pampigny,6.428914831,46.58164153;
5495,1305,Penthalaz,6.529311132,46.61426354;
5496,1303,Penthaz,6.538843027,46.60032175;
5497,1318,Pompaples,6.511229077,46.66628015;
5498,1315,La Sarraz,6.514473254,46.65953844;
5499,1304,Senarclens,6.488992624,46.60080506;
5500,1141,Sévery,6.438016115,46.57589734;
5501,1036,Sullens,6.567050979,46.59429853;
5503,1302,Vufflens-la-Ville,6.538876976,46.57696406;
5511,1042,Assens,6.622637836,46.61256021;
5512,1038,Bercher,6.708521982,46.692155;
5513,1042,Bioley-Orjulaz,6.597390123,46.62184834;
5514,1041,Bottens,6.659493143,46.62057995;
5515,1053,Bretigny-sur-Morrens,6.642521978,46.59778997;
5518,1040,Echallens,6.634071134,46.64077072;
5520,1417,Essertines-sur-Yverdon,6.637980054,46.71835465;
5521,1037,Etagnières,6.611946989,46.60009591;
5522,1044,Fey,6.681244837,46.67608797;
5523,1055,Froideville,6.680741889,46.60177609;
5529,1377,Oulens-sous-Echallens,6.578322478,46.64357561;
5530,1416,Pailly,6.672463639,46.69931418;
5531,1375,Penthéréaz,6.603534364,46.68199426;
5533,1041,Poliez-Pittet,6.68250601,46.62756;
5534,1046,Rueyres,6.691896139,46.69344906;
5537,1040,Villars-le-Terroir,6.639055956,46.65776088;
5539,1418,Vuarrens,6.648244176,46.68724176;
5551,1427,Bonvillars,6.672409387,46.83998553;
5552,1453,Bullet,6.554823907,46.83048352;
5553,1424,Champagne,6.658150009,46.83049642;
5554,1426,Concise,6.720174842,46.84990815;
5555,1426,Corcelles-près-Concise,6.707498692,46.84710317;
5556,1420,Fiez,6.623613427,46.82632374;
5557,1421,Fontaines-sur-Grandson,6.619319786,46.83533415;
5559,1429,Giez,6.616413044,46.80957596;
5560,1421,Grandevent,6.606365866,46.83845832;
5561,1422,Grandson,6.6435875,46.80832761;
5562,1453,Mauborget,6.616810731,46.85576434;
5563,1428,Mutrux,6.727485323,46.88311385;
5564,1431,Novalles,6.595859596,46.8284106;
5566,1428,Provence,6.726265372,46.88999998;
5581,1092,Belmont-sur-Lausanne,6.680420544,46.52011651;
5582,1033,Cheseaux-sur-Lausanne,6.605033985,46.58487508;
5583,1023,Crissier,6.578758802,46.55616943;
5584,1066,Epalinges,6.673652602,46.54595133;
5585,1008,Jouxtens-Mézery,6.597695685,46.55280624;
5586,1003,Lausanne,6.63003378,46.52000382;
5586,1004,Lausanne,6.618677635,46.5284803;
5586,1005,Lausanne,6.642500089,46.51985889;
5586,1006,Lausanne,6.637110458,46.51084911;
5586,1007,Lausanne,6.608606081,46.5177541;
5586,1010,Lausanne,6.6589203,46.53614303;
5586,1011,Lausanne,6.642880248,46.5256348;
5586,1012,Lausanne,6.656931152,46.52634215;
5586,1015,Lausanne,6.574089858,46.52148451;
5586,1018,Lausanne,6.628646377,46.53872491;
5587,1052,Le Mont-sur-Lausanne,6.636118333,46.55679959;
5588,1094,Paudex,6.672349202,46.50595854;
5589,1008,Prilly,6.607760316,46.53437455;
5590,1009,Pully,6.661971123,46.50918525;
5592,1032,Romanel-sur-Lausanne,6.606144559,46.56319399;
5601,1071,Chexbres,6.777522333,46.48225318;
5604,1072,Forel (Lavaux),6.76984212,46.54116267;
5606,1095,Lutry,6.686387691,46.50267914;
5607,1070,Puidoux,6.766130385,46.49386438;
5609,1071,Rivaz,6.778516696,46.4763564;
5611,1073,Savigny,6.733058093,46.53759082;
5621,1123,Aclens,6.509843091,46.56765545;
5622,1121,Bremblens,6.517706659,46.54668899;
5623,1164,Buchillon,6.42124901,46.47016509;
5624,1030,Bussigny,6.551060506,46.55316479;
5625,1136,Bussy-Chardonney,6.442639941,46.52914372;
5627,1022,Chavannes-près-Renens,6.576338446,46.53584014;
5628,1134,Chigny,6.477036046,46.52008759;
5629,1127,Clarmont,6.450289096,46.54726268;
5631,1135,Denens,6.456803962,46.51900191;
5632,1026,Denges,6.538963804,46.52337065;
5633,1026,Echandens,6.542410555,46.53281594;
5634,1112,Echichens,6.498642497,46.52601638;
5636,1163,Etoy,6.420576311,46.4861295;
5637,1175,Lavigny,6.404656398,46.50053154;
5638,1027,Lonay,6.520880751,46.52647746;
5640,1167,Lussy-sur-Morges,6.450631898,46.50367716;
5642,1110,Morges,6.499991686,46.51073177;
5643,1028,Préverenges,6.526944991,46.51839753;
5644,1128,Reverolle,6.439706981,46.54243384;
5645,1122,Romanel-sur-Morges,6.511647592,46.55556444;
5649,1131,Tolochenaz,6.473872173,46.50591604;
5650,1126,Vaux-sur-Morges,6.46632914,46.5365407;
5652,1168,Villars-sous-Yens,6.428609261,46.51039918;
5653,1134,Vufflens-le-Château,6.470901961,46.52681597;
5654,1115,Vullierens,6.481220227,46.57418692;
5655,1169,Yens,6.417157056,46.51859779;
5661,1063,Boulens,6.719003909,46.681878;
5663,1514,Bussy-sur-Moudon,6.811128646,46.68674309;
5665,1512,Chavannes-sur-Moudon,6.808358768,46.65711159;
5669,1521,Curtilles,6.847597398,46.70267823;
5673,1513,Hermenches,6.760199774,46.64190236;
5674,1682,Lovatens,6.865103117,46.69336416;
5675,1522,Lucens,6.837990938,46.71032245;
5678,1510,Moudon,6.799126693,46.66815641;
5680,1045,Ogens,6.722009773,46.71105663;
5683,1682,Prévonloup,6.881533564,46.69978049;
5684,1513,Rossenges,6.772959598,46.65372145;
5688,1510,Syens,6.778761743,46.64603123;
5690,1515,Villars-le-Comte,6.799620231,46.71064034;
5692,1509,Vucherens,6.773930579,46.62253014;
5701,1277,Arnex-sur-Nyon,6.191473864,46.37533284;
5702,1273,Arzier-Le Muids,6.207359269,46.46051917;
5703,1269,Bassins,6.23150139,46.46213566;
5704,1268,Begnins,6.251524754,46.44079259;
5705,1279,Bogis-Bossey,6.166266059,46.3538292;
5706,1277,Borex,6.177607821,46.37869015;
5707,1279,Chavannes-de-Bogis,6.162315851,46.3443723;
5708,1290,Chavannes-des-Bois,6.133766414,46.31597351;
5709,1275,Chéserex,6.175051932,46.40072647;
5710,1267,Coinsins,6.2393898,46.42361255;
5711,1291,Commugny,6.180396318,46.32017117;
5712,1296,Coppet,6.193095614,46.31587657;
5713,1299,Crans-près-Céligny,6.2063681,46.35590015;
5714,1263,Crassier,6.163789355,46.37427462;
5715,1266,Duillier,6.233039806,46.40897013;
5716,1262,Eysins,6.204703496,46.37930797;
5717,1297,Founex,6.192731938,46.33292639;
5718,1272,Genolier,6.217926859,46.43465906;
5719,1276,Gingins,6.17970108,46.40948532;
5720,1271,Givrins,6.202121407,46.42926293;
5721,1196,Gland,6.265217411,46.42369574;
5722,1274,Grens,6.192073912,46.39495065;
5723,1295,Mies,6.170929379,46.30540209;
5724,1260,Nyon,6.238007697,46.38081669;
5725,1197,Prangins,6.249859646,46.39452901;
5726,1278,La Rippe,6.15026516,46.38168934;
5729,1295,Tannay,6.176231827,46.30881886;
5730,1270,Trélex,6.203947598,46.41321735;
5731,1261,Le Vaud,6.234589714,46.47729882;
5732,1267,Vich,6.249666484,46.42933235;
5741,1355,L'Abergement,6.489411676,46.75438677;
5742,1352,Agiez,6.50679752,46.71825308;
5743,1321,Arnex-sur-Orbe,6.519195537,46.69324482;
5744,1338,Ballaigues,6.414753435,46.72924651;
5745,1446,Baulmes,6.518266849,46.79093106;
5746,1372,Bavois,6.565619801,46.68535328;
5747,1353,Bofflens,6.498897653,46.70309865;
5748,1329,Bretonnières,6.475198383,46.71212945;
5749,1373,Chavornay,6.570535742,46.7014364;
5750,1356,Les Clées,6.462759159,46.73154107;
5752,1322,Croy,6.476727027,46.69432688;
5754,1326,Juriens,6.448918824,46.6912975;
5755,1357,Lignerolle,6.456390321,46.7400981;
5756,1354,Montcherand,6.510630549,46.73265981;
5757,1350,Orbe,6.532988039,46.72460189;
5758,1148,La Praz,6.427087807,46.66772275;
5759,1324,Premier,6.445239783,46.7044689;
5760,1439,Rances,6.53092894,46.76119696;
5762,1355,Sergey,6.499717288,46.75073913;
5763,1358,Valeyres-sous-Rances,6.519338947,46.75192075;
5764,1337,Vallorbe,6.380037929,46.71290269;
5765,1325,Vaulion,6.390390889,46.68922457;
5766,1445,Vuiteboeuf,6.549861843,46.80707904;
5785,1082,Corcelles-le-Jorat,6.741519197,46.60648192;
5788,1078,Essertes,6.789137077,46.56243933;
5790,1613,Maracon,6.871015173,46.54966958;
5792,1081,Montpreveyres,6.748185532,46.58423944;
5798,1088,Ropraz,6.751667477,46.61495678;
5799,1077,Servion,6.785343876,46.57808291;
5803,1085,Vulliens,6.79669077,46.62167001;
5812,1537,Champtauroz,6.787779927,46.76020202;
5813,1545,Chevroux,6.907240845,46.88756139;
5816,1562,Corcelles-près-Payerne,6.961212156,46.83163996;
5817,1543,Grandcour,6.930484387,46.87190466;
5819,1525,Henniez,6.884056164,46.74138881;
5821,1565,Missy,6.970399673,46.88037918;
5822,1530,Payerne,6.937768363,46.82073549;
5827,1552,Trey,6.925910153,46.77026612;
5828,1538,Treytorrens (Payerne),6.800867797,46.77113673;
5830,1555,Villarzel,6.912689474,46.74888867;
5841,1660,Château-d'Oex,7.129430266,46.47274682;
5842,1658,Rossinière,7.081172972,46.46635917;
5843,1659,Rougemont,7.206249159,46.48755384;
5851,1165,Allaman,6.395306005,46.47084026;
5852,1195,Bursinel,6.304185247,46.43835034;
5853,1183,Bursins,6.289859079,46.45310162;
5854,1268,Burtigny,6.259267692,46.46491207;
5855,1195,Dully,6.294776992,46.42936435;
5856,1186,Essertines-sur-Rolle,6.317898287,46.49314509;
5857,1182,Gilly,6.300270816,46.45922259;
5858,1184,Luins,6.272738166,46.44643127;
5859,1185,Mont-sur-Rolle,6.33695805,46.47093746;
5860,1166,Perroy,6.365406048,46.46759253;
5861,1180,Rolle,6.336176694,46.45856527;
5862,1180,Tartegnin,6.315067202,46.46637885;
5863,1184,Vinzel,6.278879408,46.44816119;
5871,1344,L'Abbaye,6.3196028,46.65009658;
5873,1345,Le Lieu,6.282085777,46.64744795;
5881,1807,Blonay,6.89440819,46.46585584;
5882,1803,Chardonne,6.826986517,46.47683983;
5883,1802,Corseaux,6.832808625,46.47230892;
5884,1804,Corsier-sur-Vevey,6.841694653,46.47019893;
5885,1805,Jongny,6.842134865,46.47790665;
5886,1820,Montreux,6.912799318,46.4308324;
5889,1814,La Tour-de-Peilz,6.85701723,46.45360906;
5890,1800,Vevey,6.84815148,46.45906041;
5891,1820,Veytaux,6.928819623,46.42081729;
5902,1432,Belmont-sur-Yverdon,6.623927703,46.7455274;
5903,1407,Bioley-Magnoux,6.711821747,46.72688488;
5904,1436,Chamblon,6.606571141,46.77854653;
5905,1443,Champvent,6.575169351,46.78348003;
5907,1464,Chavannes-le-Chêne,6.777114063,46.77685751;
5908,1464,Chêne-Pâquier,6.768789761,46.77133551;
5909,1400,Cheseaux-Noréaz,6.676861324,46.78309279;
5910,1406,Cronay,6.696382785,46.75714146;
5911,1404,Cuarny,6.688815262,46.7700799;
5912,1415,Démoret,6.756370327,46.7474382;
5913,1407,Donneloye,6.716143436,46.74506839;
5919,1438,Mathod,6.56730188,46.76678468;
5921,1415,Molondin,6.748554992,46.75973757;
5922,1442,Montagny-près-Yverdon,6.612289883,46.79300416;
5923,1047,Oppens,6.692450927,46.71410601;
5924,1430,Orges,6.588554747,46.80801749;
5925,1413,Orzens,6.683697282,46.72138979;
5926,1405,Pomy,6.66947324,46.75931886;
5928,1463,Rovray,6.765184463,46.7844974;
5929,1433,Suchy,6.598992653,46.72246569;
5930,1437,Suscévaz,6.577961201,46.76423489;
5931,1436,Treycovagnes,6.609411451,46.77412538;
5932,1412,Ursins,6.668219249,46.73533814;
5933,1441,Valeyres-sous-Montagny,6.608906679,46.79894043;
5934,1412,Valeyres-sous-Ursins,6.655622993,46.74629333;
5935,1404,Villars-Epeney,6.696901579,46.78171109;
5937,1431,Vugelles-La Mothe,6.578591556,46.82408643;
5938,1400,Yverdon-les-Bains,6.640379843,46.77886465;
5939,1462,Yvonand,6.745091238,46.7982265;
6004,3939,Eggerberg,7.876986227,46.30660064;
6007,3904,Naters,7.983780067,46.32673577;
6008,3911,Ried-Brig,8.017136417,46.31406781;
6010,3912,Termen,8.024123483,46.32977414;
6021,1957,Ardon,7.252568086,46.21044115;
6022,1955,Chamoson,7.225019028,46.20210343;
6023,1964,Conthey,7.304875136,46.22735012;
6025,1963,Vétroz,7.278629853,46.22365688;
6033,1945,Liddes,7.184741134,45.99106451;
6034,1937,Orsières,7.146210438,46.03109246;
6035,1933,Sembrancher,7.150544813,46.07821789;
6036,1941,Vollèges,7.168797207,46.08737275;
6052,3997,Bellwald,8.160617873,46.42649191;
6054,3996,Binn,8.183673104,46.36519075;
6056,3995,Ernen,8.143971047,46.39886294;
6057,3984,Fiesch,8.131218504,46.40442054;
6058,3984,Fieschertal,8.143128536,46.4244281;
6061,3994,Lax,8.117382008,46.38958001;
6083,1983,Evolène,7.49430588,46.11097092;
6084,1987,Hérémence,7.404523526,46.18053813;
6089,1981,Vex,7.397356857,46.21184119;
6101,3951,Agarn,7.663313714,46.29666333;
6102,3955,Albinen,7.633348702,46.3403791;
6104,3947,Ergisch,7.71306986,46.29097546;
6109,3953,Inden,7.618611539,46.34384516;
6111,3954,Leukerbad,7.629260791,46.37938722;
6112,3948,Oberems,7.689918547,46.28131169;
6113,3970,Salgesch,7.570781432,46.31173143;
6116,3953,Varen,7.607308998,46.31652689;
6117,3956,Guttet-Feschel,7.672645623,46.32690616;
6131,1932,Bovernier,7.087412805,46.07996265;
6132,1906,Charrat,7.129801617,46.1234859;
6133,1926,Fully,7.113703645,46.1382216;
6134,1914,Isérables,7.245092403,46.16149784;
6135,1912,Leytron,7.214660401,46.18786284;
6136,1920,Martigny,7.073760737,46.10061864;
6139,1908,Riddes,7.220397365,46.16866445;
6140,1913,Saillon,7.121784018,46.19033967;
6140,1913,Saillon,7.184742034,46.17137896;
6141,1907,Saxon,7.18075667,46.14533587;
6142,1929,Trient,6.994749281,46.05600543;
6151,1874,Champéry,6.870265229,46.17828606;
6153,1870,Monthey,6.94699635,46.25269662;
6153,1870,Monthey,6.815222334,46.20704347;
6156,1872,Troistorrents,6.919014794,46.22976022;
6157,1873,Val-d'Illiez,6.893094754,46.20444987;
6158,1895,Vionnaz,6.899649505,46.3089812;
6159,1896,Vouvry,6.886023203,46.33542907;
6172,3983,Bister,8.064454756,46.36032318;
6173,3982,Bitsch,8.010682265,46.33682205;
6177,3993,Grengiols,8.09349065,46.37178297;
6181,3987,Riederalp,8.027722836,46.37757235;
6191,3938,Ausserberg,7.851100174,46.31433512;
6193,3935,Bürchen,7.816428034,46.28229822;
6194,3943,Eischoll,7.781344094,46.2949247;
6195,3916,Ferden,7.755929286,46.39512638;
6197,3917,Kippel,7.770550521,46.39734891;
6198,3942,Niedergesteln,7.78178067,46.31288224;
6199,3942,Raron,7.800127579,46.31136131;
6202,3918,Wiler (Lötschen),7.783561471,46.40420582;
6205,3992,Bettmeralp,8.062584053,46.39010166;
6211,1903,Collonges,7.033932316,46.17162531;
6212,1905,Dorénaz,7.041856659,46.14892629;
6213,1902,Evionnaz,7.023582672,46.17846801;
6214,1925,Finhaut,6.974126422,46.08241383;
6215,1869,Massongex,6.989587774,46.24263881;
6218,1922,Salvan,7.020941556,46.12062975;
6219,1904,Vernayaz,7.038748683,46.13431014;
6220,1891,Vérossaz,6.988392425,46.21053357;
6232,3966,Chalais,7.504636446,46.26522927;
6235,3965,Chippis,7.54024075,46.28056877;
6238,3979,Grône,7.454334164,46.25169501;
6239,1977,Icogne,7.438547225,46.29072702;
6240,1978,Lens,7.445402633,46.27894474;
6241,3972,Miège,7.547221324,46.31213414;
6248,3960,Sierre,7.536354241,46.29361153;
6249,3973,Venthône,7.531992202,46.30774565;
6250,3968,Veyras,7.537032508,46.30244701;
6253,3963,Crans-Montana,7.481684065,46.31272459;
6261,1974,Arbaz,7.383492449,46.27226513;
6263,1971,Grimisuat,7.385608035,46.2599125;
6265,1965,Savièse,7.349772612,46.25077215;
6266,1950,Sion,7.361994271,46.23342613;
6267,1993,Veysonnaz,7.336023878,46.1960653;
6281,3937,Baltschieder,7.864849657,46.30944701;
6281,3937,Baltschieder,7.881133662,46.37593646;
6282,3922,Eisten,7.893370686,46.19917356;
6283,3926,Embd,7.828290711,46.21498772;
6285,3925,Grächen,7.838430299,46.19526981;
6286,3931,Lalden,7.904554774,46.29902422;
6287,3928,Randa,7.786564088,46.09982582;
6288,3905,Saas-Almagell,7.959007695,46.09372091;
6289,3908,Saas-Balen,7.927514426,46.15417396;
6290,3906,Saas-Fee,7.924743754,46.10718924;
6291,3910,Saas-Grund,7.936774249,46.12404516;
6294,3933,Staldenried,7.887666364,46.22936072;
6295,3929,Täsch,7.782096667,46.06813114;
6296,3923,Törbel,7.8492921,46.2382567;
6297,3930,Visp,7.881181865,46.29039599;
6298,3932,Visperterminen,7.900793818,46.25810236;
6299,3934,Zeneggen,7.86519388,46.27485126;
6300,3920,Zermatt,7.746746619,46.0195164;
6404,2017,Boudry,6.83710285,46.9514221;
6408,2016,Cortaillod,6.846326435,46.94293093;
6412,2034,Peseux,6.88864459,46.98730623;
6413,2019,Rochefort,6.809946374,46.97767568;
6421,2300,La Chaux-de-Fonds,6.833091499,47.10412513;
6422,2325,Les Planchettes,6.770941264,47.10624394;
6431,2416,Les Brenets,6.705492704,47.06758822;
6432,2406,La Brévine,6.607601204,46.97982675;
6433,2318,Brot-Plamboz,6.745999443,46.97922483;
6434,2414,Le Cerneux-Péquignot,6.664996874,47.01694112;
6435,2405,La Chaux-du-Milieu,6.701960257,47.01355496;
6436,2400,Le Locle,6.749502062,47.05815367;
6437,2316,Les Ponts-de-Martel,6.731593002,46.99974518;
6453,2073,Enges,7.012308608,47.05646447;
6455,2525,Le Landeron,7.065008238,47.05364598;
6456,2523,Lignières,7.065398697,47.08077844;
6458,2000,Neuchâtel,6.926355821,46.99204504;
6485,2042,Valangin,6.907060958,47.0161643;
6504,2117,La Côte-aux-Fées,6.489548597,46.86696931;
6511,2126,Les Verrières,6.478999504,46.90507467;
6601,1288,Aire-la-Ville,6.043391791,46.19083668;
6602,1247,Anières,6.222904664,46.27622095;
6603,1237,Avully,5.999954902,46.16946844;
6606,1293,Bellevue,6.1532961,46.25376841;
6607,1233,Bernex,6.069660359,46.1737084;
6609,1236,Cartigny,6.017165984,46.17380356;
6610,1298,Céligny,6.175357689,46.34775086;
6610,1298,Céligny,6.195091402,46.35024349;
6611,1284,Chancy,5.971343351,46.14969235;
6612,1224,Chêne-Bougeries,6.188610742,46.19774539;
6613,1225,Chêne-Bourg,6.191914852,46.19372666;
6614,1244,Choulex,6.226591095,46.22812771;
6616,1245,Collonge-Bellerive,6.204034163,46.25367874;
6617,1223,Cologny,6.181208658,46.21625929;
6618,1232,Confignon,6.084483885,46.1739728;
6620,1283,Dardagny,5.995317201,46.19480713;
6621,1201,Genève,6.144226933,46.20988206;
6621,1202,Genève,6.136708643,46.22141864;
6621,1203,Genève,6.123611323,46.20858288;
6621,1204,Genève,6.144682024,46.2017042;
6621,1205,Genève,6.143626574,46.19523644;
6621,1206,Genève,6.158811139,46.18716016;
6621,1207,Genève,6.163060302,46.20536319;
6621,1208,Genève,6.165888713,46.19939432;
6621,1209,Genève,6.124968056,46.22186061;
6622,1294,Genthod,6.157561614,46.26477168;
6623,1218,Le Grand-Saconnex,6.124000575,46.23243392;
6624,1251,Gy,6.257596038,46.25247237;
6625,1248,Hermance,6.244453013,46.30138894;
6626,1254,Jussy,6.26602659,46.23539011;
6627,1287,Laconnex,6.034670755,46.15474046;
6629,1252,Meinier,6.234226276,46.2465588;
6630,1217,Meyrin,6.070661676,46.22826745;
6631,1213,Onex,6.100958304,46.18206119;
6633,1228,Plan-les-Ouates,6.115859144,46.16806157;
6635,1243,Presinge,6.255053064,46.21894168;
6636,1241,Puplinge,6.232415891,46.20988746;
6637,1281,Russin,6.014072202,46.1875304;
6638,1242,Satigny,6.031415896,46.21823078;
6639,1286,Soral,6.043053384,46.14479366;
6640,1226,Thônex,6.19867591,46.18827085;
6641,1256,Troinex,6.148517414,46.161152;
6642,1253,Vandoeuvres,6.202565541,46.22120534;
6643,1214,Vernier,6.08653403,46.21528818;
6644,1290,Versoix,6.165301469,46.28190599;
6645,1255,Veyrier,6.186075896,46.16679939;
6702,2856,Boécourt,7.215560609,47.34898413;
6703,2803,Bourrignon,7.243355669,47.39787352;
6706,2825,Courchapoix,7.451434046,47.34734122;
6708,2830,Courrendlin,7.379267942,47.33835863;
6709,2822,Courroux,7.375115195,47.36221565;
6710,2852,Courtételle,7.315917184,47.34041244;
6711,2800,Delémont,7.343637118,47.3646972;
6712,2802,Develier,7.291281749,47.35471571;
6713,2813,Ederswiler,7.335569976,47.42669835;
6715,2827,Mervelier,7.503727722,47.3442501;
6716,2806,Mettembert,7.319467758,47.39789231;
6718,2812,Movelier,7.31635174,47.4100707;
6719,2807,Pleigne,7.294114789,47.40763286;
6721,2842,Rossemaison,7.342748705,47.34579519;
6722,2873,Saulcy,7.154196117,47.30225217;
6724,2805,Soyhières,7.369468778,47.39156987;
6742,2336,Les Bois,6.905130749,47.17660126;
6743,2345,Les Breuleux,7.003539481,47.21263531;
6744,2345,La Chaux-des-Breuleux,7.027469071,47.2227036;
6745,2363,Les Enfers,7.044251614,47.2880171;
6751,2362,Montfaucon,7.051073492,47.2826564;
6753,2338,Muriaux,6.978292734,47.24608394;
6754,2340,Le Noirmont,6.957516697,47.22646565;
6757,2350,Saignelégier,6.995682601,47.25573404;
6759,2887,Soubey,7.048514256,47.30956139;
6771,2942,Alle,7.128727317,47.42725993;
6773,2935,Beurnevésin,7.1371704,47.49352687;
6774,2926,Boncourt,7.013222911,47.49643442;
6775,2944,Bonfol,7.147485967,47.479528;
6778,2915,Bure,7.006006426,47.44081723;
6781,2932,Coeuve,7.096215613,47.4545334;
6782,2952,Cornol,7.163826424,47.40590479;
6783,2922,Courchavon,7.054918122,47.44092967;
6784,2950,Courgenay,7.126216253,47.40308436;
6785,2905,Courtedoux,7.042542434,47.40870547;
6787,2933,Damphreux,7.102402942,47.47685305;
6789,2916,Fahy,6.949203567,47.41788803;
6790,2902,Fontenais,7.081091172,47.40298397;
6792,2908,Grandfontaine,6.939734143,47.39173442;
6793,2933,Lugnez,7.097583023,47.4832899;
6800,2900,Porrentruy,7.076829393,47.41589644;
6806,2943,Vendlincourt,7.146347783,47.45106203;
7001,9490,Vaduz,9.522579348,47.1362529;
7002,9495,Triesen,9.530340725,47.10600135;
7003,9496,Balzers,9.502347484,47.06527493;
7004,9497,Triesenberg,9.543957719,47.11790272;
7005,9494,Schaan,9.506298647,47.17311342;
7006,9498,Planken,9.545773016,47.18513493;
7007,9492,Eschen,9.52421868,47.21204686;
7010,9491,Ruggell,9.528830278,47.24100026;
7011,9488,Schellenberg,9.546006841,47.23136529;
9073,9999,Thunersee,7.715524564,46.68803328;
9089,9999,Brienzersee,7.974096705,46.72850584;
