ID-BFS,Population,PopulationDensity,Age0-19,Age20-64,Age65+,Households,HousholdSize,Workers,Workplaces;
1,1982,251,19.7,62.8,17.6,835,2.4,440,143;
2,12229,1155,20.5,61.3,18.2,5348,2.2,6704,985;
3,5548,747,23.7,60.3,16.0,2325,2.4,996,274;
4,3701,272,21.8,60.7,17.5,1546,2.4,1088,265;
5,3734,572,21.8,61.8,16.5,1540,2.4,1458,199;
6,1157,146,25.2,60.8,14.0,465,2.5,319,100;
7,2373,367,23.9,61.1,15.0,925,2.6,531,128;
8,656,140,23.0,59.8,17.2,272,2.4,162,68;
9,5094,391,22.7,59.8,17.5,2050,2.5,1654,313;
10,5599,743,23.5,59.8,16.7,2302,2.4,1239,308;
11,2555,509,19.9,59.3,20.8,1106,2.3,684,175;
12,1123,173,27.9,56.5,15.6,442,2.5,255,88;
13,3680,306,20.7,62.9,16.4,1525,2.4,772,193;
14,5188,1376,23.2,56.8,19.9,2153,2.4,1304,300;
21,707,107,20.9,62.7,16.4,280,2.5,147,67;
22,855,151,20.5,64.3,15.2,361,2.4,271,71;
23,570,81,14.4,60.5,25.1,250,2.3,128,49;
24,977,96,25.7,60.1,14.2,371,2.6,199,75;
25,1920,711,21.5,58.3,20.2,782,2.4,384,107;
26,658,118,22.2,61.2,16.6,257,2.5,143,50;
27,3623,1461,20.5,62.3,17.3,1613,2.2,1073,X;
28,1414,139,21.2,61.9,16.9,593,2.4,792,147;
29,1438,597,21.0,60.8,18.2,619,2.3,397,X;
30,2215,329,23.1,57.8,19.1,925,2.4,1505,192;
31,2239,739,23.0,56.8,20.2,905,2.5,602,111;
32,487,132,23.0,55.9,21.1,184,2.6,151,42;
33,2109,205,21.8,60.8,17.4,879,2.4,1090,196;
34,1709,272,20.4,58.3,21.3,727,2.3,505,105;
35,1908,135,19.3,61.8,18.9,837,2.3,1123,209;
37,1641,125,21.1,61.2,17.7,699,2.3,417,103;
38,1333,149,18.5,61.6,19.9,596,2.2,656,X;
39,917,142,21.8,61.3,16.9,386,2.4,257,73;
40,1066,112,19.9,56.5,23.6,471,2.3,311,95;
41,477,108,24.3,57.7,18.0,181,2.6,102,37;
43,362,113,26.8,61.9,11.3,149,2.4,105,X;
51,4165,966,20.8,58.8,20.4,1778,2.3,1836,X;
52,11687,1294,20.9,63.0,16.1,4950,2.3,4388,635;
53,20447,1271,20.7,62.4,16.9,8889,2.3,10722,1245;
54,7776,1830,20.2,59.3,20.4,3451,2.2,6193,X;
55,5217,576,22.6,60.6,16.9,2131,2.4,1560,325;
56,9440,744,21.7,62.1,16.2,3910,2.4,3537,484;
57,2371,282,19.7,61.7,18.6,977,2.4,662,157;
58,5200,423,22.1,63.8,14.1,2171,2.4,1071,256;
59,1931,313,23.0,60.1,16.9,782,2.5,398,87;
60,2845,594,19.9,65.5,14.6,1156,2.4,1244,207;
61,1031,210,20.8,60.4,18.8,420,2.4,325,90;
62,19679,1021,18.8,65.0,16.1,9003,2.2,36939,1492;
63,2401,464,23.5,65.2,11.2,944,2.5,377,108;
64,5629,561,18.9,60.2,20.9,2454,2.3,1027,301;
65,1073,105,17.9,62.5,19.6,478,2.2,246,91;
66,20361,3642,20.1,68.1,11.8,9221,2.2,19059,1351;
67,4576,428,20.9,62.2,16.8,1925,2.4,1427,243;
68,2830,637,24.0,63.7,12.4,1128,2.5,498,156;
69,16324,2543,19.5,64.6,15.9,7343,2.2,19958,1393;
70,560,141,21.3,58.8,20.0,249,2.2,87,X;
71,1425,159,20.4,59.0,20.6,586,2.4,505,123;
72,4518,557,17.4,64.1,18.5,1996,2.2,948,260;
81,580,64,18.3,60.5,21.2,234,2.5,278,63;
82,1377,348,23.7,57.8,18.4,562,2.4,262,74;
83,6397,1095,21.1,65.8,13.1,2709,2.3,2251,291;
84,4149,920,20.9,62.9,16.2,1739,2.4,2726,277;
85,1874,653,21.1,65.0,13.9,765,2.4,418,108;
86,6001,1022,20.1,63.3,16.6,2568,2.3,4133,421;
87,926,582,26.2,60.5,13.3,351,2.6,105,43;
88,3178,526,16.1,63.8,20.1,1446,2.2,646,249;
89,4954,1376,20.5,64.5,15.0,2079,2.4,1417,233;
90,9264,820,22.1,62.4,15.4,3838,2.4,2432,461;
91,3053,446,23.2,63.0,13.8,1202,2.5,789,146;
92,7108,862,22.2,66.6,11.2,2985,2.4,1673,302;
93,1803,365,19.4,63.5,17.1,757,2.4,281,87;
94,2939,411,23.3,60.6,16.2,1183,2.5,2335,258;
95,485,205,19.8,60.6,19.6,227,2.1,218,X;
96,18457,1262,20.8,62.7,16.5,7962,2.3,10749,1263;
97,8172,659,20.5,64.5,15.0,3509,2.3,5960,714;
98,728,128,19.1,65.9,15.0,302,2.4,129,56;
99,1376,343,19.8,60.0,20.1,596,2.3,349,93;
100,2289,178,21.5,62.2,16.3,989,2.3,509,149;
101,3535,376,20.1,62.7,17.2,1566,2.2,799,205;
102,1810,189,18.9,68.2,12.9,779,2.3,283,94;
111,5029,227,21.7,58.4,19.9,2093,2.4,1634,394;
112,7334,632,22.5,58.7,18.8,2976,2.4,3540,549;
113,7637,747,21.9,61.2,16.9,3122,2.4,1799,428;
114,2501,83,23.7,61.0,15.3,973,2.5,695,202;
115,10222,560,21.2,60.0,18.8,4290,2.4,2654,639;
116,3475,395,20.9,61.2,17.9,1485,2.3,1854,272;
117,11138,500,19.5,60.8,19.8,4899,2.2,7013,860;
118,12174,1210,19.3,61.5,19.2,5476,2.2,4928,860;
119,1443,383,20.4,63.2,16.4,601,2.4,553,107;
120,9949,394,20.0,62.4,17.5,4334,2.3,3521,676;
121,24809,1476,19.8,62.8,17.4,10575,2.3,14194,1800;
131,18769,2416,19.9,61.2,18.9,8621,2.1,8011,X;
135,8858,3433,21.4,60.8,17.9,4053,2.2,4058,X;
136,7547,870,21.5,57.5,21.0,3241,2.3,1514,354;
137,5083,1822,19.1,56.1,24.8,2290,2.2,X,X;
138,13513,1795,21.7,59.3,19.0,5831,2.3,4190,797;
139,6035,2060,21.8,59.3,19.0,2514,2.4,X,X;
141,17990,3271,19.9,61.1,19.1,8287,2.2,6613,X;
151,5618,1944,21.8,58.8,19.4,2395,2.3,1934,X;
152,6391,711,21.0,58.0,21.0,2713,2.3,1393,429;
153,8757,719,21.4,58.7,20.0,3710,2.3,2913,597;
154,14397,1165,20.6,56.2,23.2,6428,2.2,6465,1249;
155,11243,2357,21.0,58.4,20.5,4917,2.2,5019,766;
156,14220,1191,20.6,58.4,21.1,6204,2.3,5934,1110;
157,4817,788,21.9,63.7,14.4,2053,2.3,2240,298;
158,14497,1688,18.8,58.2,23.0,6563,2.2,5970,1039;
159,6176,1785,20.9,59.4,19.7,2608,2.3,1582,364;
160,5284,964,21.5,53.3,25.2,2310,2.3,X,X;
161,13012,1658,20.7,56.5,22.8,5888,2.2,5733,1116;
172,6435,680,22.1,61.3,16.7,2697,2.4,4206,437;
173,3688,285,22.6,62.2,15.2,1503,2.4,785,243;
176,5617,468,21.0,62.2,16.8,2289,2.4,2686,349;
177,11935,611,19.8,60.0,20.2,5269,2.2,5674,811;
178,4370,308,21.6,58.4,19.9,1764,2.5,1232,291;
180,3384,264,21.9,58.8,19.3,1384,2.4,876,224;
181,1971,214,19.9,61.4,18.7,866,2.3,622,158;
182,1006,95,22.6,61.1,16.3,417,2.4,220,74;
191,28678,2106,19.3,65.0,15.7,13087,2.2,20246,1855;
192,8598,592,20.0,58.9,21.1,3703,2.3,2530,595;
193,8672,1359,21.9,59.5,18.6,3778,2.3,2907,505;
194,5358,2360,22.0,57.1,20.9,2260,2.4,1663,X;
195,10215,692,20.6,58.6,20.8,4382,2.3,2227,621;
196,3769,497,21.5,56.7,21.9,1619,2.3,1301,244;
197,5115,1952,20.1,62.5,17.3,2250,2.2,2792,307;
198,34722,1219,20.4,62.1,17.6,15313,2.2,16795,2410;
199,18669,1330,22.0,62.0,16.0,7623,2.4,11145,1246;
200,7906,998,21.3,64.5,14.2,3268,2.4,5789,568;
211,706,92,21.5,60.8,17.7,307,2.3,147,63;
213,2010,305,19.6,59.8,20.7,862,2.3,364,130;
214,1017,128,23.0,62.0,14.9,389,2.6,317,98;
215,789,274,25.0,58.8,16.2,312,2.5,168,57;
216,1655,234,21.8,58.5,19.6,687,2.4,386,115;
218,901,179,23.0,60.6,16.4,355,2.5,648,69;
219,3659,453,22.4,59.7,17.9,1458,2.5,1280,232;
220,1082,133,19.2,65.2,15.5,470,2.3,226,77;
221,3148,534,24.7,58.1,17.2,1216,2.6,664,162;
223,5679,377,23.3,60.9,15.9,2310,2.4,1561,352;
224,3845,771,22.7,64.1,13.3,1603,2.4,1402,223;
225,2704,449,24.2,58.4,17.5,1098,2.4,489,162;
226,769,86,26.9,56.6,16.5,297,2.6,142,63;
227,7342,971,17.9,58.7,23.4,3259,2.2,2658,439;
228,4900,194,22.7,60.7,16.6,1999,2.4,1625,327;
230,111851,1643,19.9,63.9,16.2,50776,2.2,71832,7927;
231,6032,465,21.7,60.3,18.0,2524,2.3,1480,336;
241,1555,297,21.8,60.3,17.9,675,2.3,347,84;
242,6519,571,20.6,59.7,19.7,2892,2.2,2422,404;
243,27265,2919,20.4,64.1,15.5,11971,2.2,18548,1754;
244,4958,2569,22.2,58.4,19.5,2106,2.3,X,X;
245,6600,3070,17.8,61.2,21.0,3009,2.1,1236,X;
246,2553,922,16.6,62.0,21.4,1194,2.1,281,X;
247,18736,2843,19.2,67.2,13.5,8129,2.3,18552,1363;
248,4344,992,20.6,57.3,22.1,1823,2.4,1047,262;
249,3881,1162,18.9,61.1,20.0,1694,2.3,979,256;
250,9848,1299,20.6,59.9,19.4,4427,2.2,6355,656;
251,4832,900,20.7,64.0,15.3,1997,2.4,2023,269;
261,415367,4724,17.4,67.7,14.9,201252,2.0,480106,44625;
292,2747,115,21.4,58.3,20.3,1125,2.4,1155,266;
293,24341,683,19.7,59.9,20.3,10371,2.3,9624,1867;
294,4903,201,20.8,60.5,18.8,2121,2.3,1690,342;
295,22665,735,20.7,60.5,18.9,9685,2.3,10082,1418;
296,17068,519,20.1,60.3,19.6,7585,2.2,6822,1052;
297,4965,168,20.5,62.0,17.5,2081,2.4,1852,387;
298,6521,340,21.4,58.4,20.2,2621,2.5,1519,379;
301,4628,584,19.8,59.7,20.5,2109,2.2,2801,347;
302,999,127,20.2,60.6,19.2,413,2.4,401,75;
303,3018,200,19.7,60.7,19.6,1298,2.3,667,194;
304,2222,124,17.7,61.3,21.0,973,2.3,1081,171;
305,1419,129,21.8,61.9,16.3,620,2.3,594,112;
306,15282,1030,19.2,62.3,18.4,6968,2.2,8227,930;
307,2461,241,17.2,57.9,24.9,1052,2.3,500,155;
309,1285,87,19.1,63.9,17.0,574,2.2,259,109;
310,2618,116,19.9,61.9,18.2,1114,2.3,905,247;
311,3734,188,19.7,61.9,18.4,1671,2.2,1342,274;
312,3116,149,19.0,60.9,20.1,1396,2.2,1231,227;
321,4561,461,20.5,60.5,19.0,1914,2.3,1548,256;
322,439,95,18.2,62.2,19.6,194,2.2,150,48;
323,669,140,21.1,57.8,21.1,299,2.2,156,52;
324,697,122,17.2,58.4,24.4,318,2.2,606,69;
325,188,66,13.8,60.1,26.1,89,2.1,49,X;
326,730,78,22.2,55.6,22.2,315,2.3,238,75;
329,15624,907,19.1,60.2,20.8,7194,2.1,12633,1250;
331,2565,412,21.2,60.3,18.5,1111,2.3,917,148;
332,3279,142,20.1,58.5,21.4,1376,2.3,1286,292;
333,1517,148,21.3,56.0,22.7,669,2.2,706,120;
334,419,107,21.0,51.6,27.4,181,2.3,93,36;
335,232,59,17.2,59.9,22.8,104,2.2,114,35;
336,176,88,21.6,59.7,18.8,77,2.3,X,X;
337,4083,521,21.0,58.9,20.1,1746,2.3,1612,215;
338,1480,363,20.3,58.1,21.6,670,2.2,529,103;
339,404,63,22.3,57.2,20.5,149,2.7,164,X;
340,557,140,23.5,57.8,18.7,228,2.4,89,34;
341,522,138,20.7,59.2,20.1,217,2.4,100,35;
342,3397,352,20.8,59.5,19.8,1467,2.3,1557,201;
344,896,98,20.5,60.3,19.2,371,2.3,422,98;
345,1628,321,19.1,61.3,19.6,723,2.2,408,103;
351,133883,2594,16.7,66.0,17.3,63414,2.0,189079,14595;
352,6264,378,19.5,51.5,29.0,2757,2.2,1594,349;
353,4387,2309,20.7,54.6,24.7,1908,2.3,630,X;
354,3160,264,17.6,58.2,24.2,1444,2.1,803,181;
355,41784,819,19.3,60.2,20.5,18809,2.2,22193,2269;
356,13054,1711,18.5,54.3,27.2,5895,2.1,9898,1043;
357,853,69,19.5,59.8,20.8,381,2.2,293,96;
358,3116,890,20.4,59.3,20.3,1354,2.3,653,147;
359,5298,213,19.7,58.1,22.1,2298,2.3,1291,311;
360,9282,256,18.4,54.0,27.5,4144,2.2,1891,512;
361,10306,1912,19.4,58.6,22.0,4692,2.1,7718,523;
362,11351,2703,18.7,58.7,22.5,5096,2.2,12512,686;
363,17751,2978,18.7,60.3,21.0,8554,2.0,6802,706;
371,55159,2603,19.4,62.3,18.3,26339,2.1,40349,4386;
372,2674,723,23.8,52.9,23.3,1099,2.4,353,134;
381,1594,250,20.2,59.6,20.2,715,2.2,610,114;
382,870,241,20.3,62.4,17.2,358,2.4,120,49;
383,3583,284,21.1,59.4,19.5,1595,2.2,2023,275;
385,989,156,24.1,58.8,17.1,398,2.5,253,63;
386,1461,345,21.1,58.8,20.1,605,2.4,743,86;
387,5254,709,19.6,58.4,21.9,2348,2.2,1601,262;
388,1259,122,21.4,58.9,19.7,546,2.3,283,97;
389,59,91,16.9,62.7,20.3,25,2.4,X,X;
390,1303,297,22.3,56.2,21.5,552,2.3,230,74;
391,875,130,23.0,57.7,19.3,366,2.4,196,76;
392,4364,523,22.9,60.2,16.9,1899,2.3,1255,227;
393,859,132,18.4,61.2,20.4,379,2.2,550,69;
394,613,87,20.7,62.2,17.1,277,2.2,153,60;
401,1090,534,19.7,61.4,18.9,494,2.2,252,77;
402,575,88,18.1,59.3,22.6,257,2.2,127,X;
403,1062,389,19.8,58.9,21.4,463,2.3,168,56;
404,16420,1055,18.4,61.0,20.6,7679,2.1,13846,1289;
405,2068,134,21.9,58.7,19.5,873,2.3,564,151;
406,3286,150,20.2,60.5,19.4,1399,2.3,1197,247;
407,1621,69,22.3,57.9,19.7,659,2.4,497,159;
408,211,143,23.2,61.1,15.6,79,2.7,125,X;
409,2496,370,21.1,59.8,19.2,1138,2.2,923,168;
410,275,104,19.3,60.7,20.0,113,2.4,102,28;
411,553,166,20.8,59.7,19.5,227,2.4,111,30;
412,5965,659,19.7,59.5,20.8,2663,2.2,3138,409;
413,2095,302,18.9,60.0,21.2,924,2.2,921,150;
414,2366,122,19.5,62.0,18.4,1015,2.3,538,137;
415,1446,239,17.9,61.8,20.3,659,2.2,1485,153;
416,119,40,14.3,66.4,19.3,51,2.3,X,X;
418,2937,208,21.6,59.6,18.8,1267,2.3,1147,186;
420,2418,889,19.0,63.6,17.4,1090,2.2,1053,112;
421,78,32,23.1,57.7,19.2,36,2.1,142,X;
422,160,124,20.6,61.9,17.5,73,2.2,X,X;
423,205,94,17.1,59.0,23.9,94,2.2,X,X;
424,2060,73,20.7,58.1,21.3,884,2.3,723,216;
431,1706,97,22.9,57.4,19.7,738,2.3,652,109;
432,491,36,22.4,55.2,22.4,207,2.4,114,45;
433,705,48,22.0,58.2,19.9,312,2.2,233,63;
434,1438,65,23.8,57.0,19.3,586,2.4,731,111;
435,534,38,20.0,64.6,15.4,219,2.4,221,57;
437,122,26,29.5,54.1,16.4,47,2.6,47,X;
438,1225,57,19.8,58.4,21.8,533,2.3,480,88;
441,928,73,19.7,62.4,17.9,415,2.2,272,72;
442,199,28,11.6,64.3,24.1,86,2.2,34,X;
443,5131,246,20.6,60.3,19.1,2477,2.0,3481,345;
444,1968,132,24.4,59.2,16.3,772,2.4,1599,105;
445,1237,52,25.4,59.6,15.0,527,2.3,297,101;
446,4568,184,21.9,57.7,20.4,2040,2.2,2310,315;
448,925,57,22.3,57.5,20.2,414,2.2,1052,70;
449,815,61,16.7,59.4,23.9,378,2.1,162,45;
450,1901,80,20.8,59.0,20.3,831,2.3,459,105;
491,578,87,17.0,63.3,19.7,265,2.2,300,63;
492,1385,397,17.1,62.9,20.0,649,2.1,443,103;
493,571,160,22.9,60.4,16.6,216,2.6,167,X;
494,827,105,21.4,59.7,18.9,359,2.3,648,64;
495,963,91,17.7,65.7,16.6,398,2.3,721,98;
496,3564,149,22.9,57.5,19.6,1509,2.3,1660,283;
497,560,103,15.7,63.0,21.3,271,2.1,133,48;
498,1406,289,21.3,62.9,15.8,581,2.4,1017,88;
499,595,108,18.2,59.7,22.2,259,2.3,253,67;
500,416,88,19.0,59.4,21.6,184,2.2,137,X;
501,458,139,19.9,64.4,15.7,208,2.2,420,X;
502,867,190,19.4,56.7,23.9,387,2.2,187,69;
533,3250,319,20.3,59.5,20.2,1417,2.3,827,158;
535,86,40,10.5,73.3,16.3,38,2.2,208,X;
536,206,72,25.7,59.2,15.0,72,2.8,65,X;
538,5113,160,21.9,59.8,18.3,2153,2.4,1200,345;
540,5746,426,20.5,56.0,23.5,2548,2.2,2293,336;
541,443,88,22.1,60.9,16.9,169,2.6,156,40;
543,561,148,20.5,51.7,27.8,227,2.4,191,39;
544,4111,644,19.8,62.2,18.1,1857,2.2,5157,248;
546,10213,1159,20.3,59.1,20.6,4579,2.2,5426,519;
551,6271,872,20.7,60.8,18.5,2834,2.2,3490,326;
552,4333,256,19.8,60.2,19.9,1930,2.2,1856,267;
553,103,72,22.3,65.0,12.6,45,2.3,39,X;
554,963,252,22.4,60.3,17.2,411,2.3,334,56;
556,321,168,16.8,58.3,24.9,147,2.1,47,X;
557,578,167,22.1,55.9,22.0,231,2.5,X,X;
561,3390,39,20.3,58.1,21.6,1478,2.3,2402,408;
562,2217,72,21.2,58.1,20.6,992,2.2,1002,224;
563,6923,96,22.0,57.2,20.8,2966,2.3,4211,651;
564,805,25,20.4,58.5,21.1,373,2.1,275,83;
565,1298,10,13.7,59.6,26.7,669,1.9,716,137;
566,1132,189,17.6,54.9,27.6,529,2.1,281,73;
567,3608,29,21.2,57.3,21.4,1589,2.2,1427,367;
571,1195,41,15.9,55.7,28.4,587,1.9,565,126;
572,2536,168,19.3,58.4,22.3,1169,2.1,776,132;
573,3092,64,18.5,57.5,24.0,1471,2.1,1509,302;
574,479,27,15.9,59.9,24.2,240,1.9,146,55;
575,435,63,21.8,55.9,22.3,205,2.1,74,X;
576,3802,22,15.7,61.7,22.6,1922,2.0,2945,471;
577,406,58,17.2,62.8,20.0,196,2.0,141,36;
578,338,20,21.6,61.5,16.9,145,2.3,111,X;
579,639,13,21.9,56.3,21.8,273,2.3,283,84;
580,518,59,13.7,59.3,27.0,219,2.2,294,69;
581,5610,1314,15.2,62.6,22.2,2845,1.9,X,X;
582,438,20,18.5,54.3,27.2,201,2.1,113,38;
584,2290,14,14.3,61.7,24.1,1224,1.8,2114,365;
585,1123,108,20.3,58.9,20.8,508,2.2,229,73;
586,216,18,17.1,65.3,17.6,104,2.0,65,X;
587,4103,694,16.2,62.2,21.6,1913,2.1,1227,222;
588,357,83,13.4,57.4,29.1,182,1.9,46,X;
589,459,23,13.3,59.0,27.7,242,1.9,144,42;
590,2562,293,18.1,59.5,22.4,1232,2.0,725,172;
591,99,5,12.1,61.6,26.3,55,1.8,X,X;
592,617,87,17.2,55.8,27.1,305,2.0,61,27;
593,5751,411,16.4,60.8,22.8,2757,2.0,3189,419;
594,2658,202,19.0,62.1,18.9,1229,2.1,1195,211;
602,928,89,21.9,59.3,18.9,400,2.3,247,86;
603,1815,506,18.5,62.2,19.3,815,2.2,715,134;
605,1373,94,22.2,61.1,16.7,581,2.3,398,121;
606,488,223,18.4,62.7,18.9,221,2.2,81,X;
607,466,157,23.2,58.2,18.7,195,2.4,65,X;
608,4166,601,19.8,56.9,23.3,1832,2.2,1770,273;
609,250,81,17.6,66.0,16.4,102,2.4,X,X;
610,603,218,23.5,59.0,17.4,238,2.5,155,35;
611,1001,213,23.5,62.1,14.4,421,2.4,361,58;
612,5283,414,18.8,59.1,22.1,2372,2.2,3116,345;
613,625,61,20.2,57.3,22.6,260,2.4,290,86;
614,1298,98,21.6,59.1,19.3,495,2.4,547,136;
615,624,267,25.5,55.1,19.4,254,2.4,138,X;
616,12724,807,19.7,55.6,24.7,5717,2.2,6598,797;
617,644,119,22.2,63.2,14.6,270,2.4,125,37;
619,3527,214,20.2,60.9,18.8,1504,2.3,1755,278;
620,727,69,19.3,60.0,20.8,317,2.3,355,88;
622,650,191,23.1,61.8,15.1,271,2.4,211,50;
623,2929,423,18.9,59.4,21.7,1313,2.2,1168,152;
626,1767,103,19.1,59.3,21.6,760,2.3,996,188;
627,11316,537,19.1,57.4,23.6,5090,2.2,3978,699;
628,1595,295,20.9,59.6,19.5,696,2.2,444,107;
629,313,52,23.3,57.2,19.5,124,2.5,80,X;
630,590,155,18.5,53.4,28.1,253,2.3,217,X;
632,4293,370,21.2,59.6,19.3,1886,2.3,1221,259;
661,46,46,13.0,58.7,28.3,17,2.7,X,X;
662,1260,138,18.8,58.6,22.6,536,2.3,373,97;
663,1240,133,17.3,61.0,21.7,561,2.2,475,90;
665,261,140,20.7,57.1,22.2,104,2.5,115,X;
666,427,90,15.7,50.8,33.5,193,2.2,126,44;
667,3136,757,18.8,58.3,22.9,1495,2.1,1323,X;
668,2986,114,17.1,62.5,20.4,1350,2.2,1318,226;
669,522,210,22.8,63.0,14.2,215,2.4,202,37;
670,5541,254,19.4,60.0,20.5,2454,2.2,1957,328;
671,360,87,18.9,66.7,14.4,152,2.4,X,X;
681,294,77,14.3,57.5,28.2,124,2.4,94,X;
683,170,24,26.5,59.4,14.1,63,2.7,X,X;
687,205,30,14.6,64.4,21.0,94,2.2,64,19;
690,1420,58,21.6,55.8,22.5,595,2.4,675,112;
691,509,54,21.0,51.7,27.3,232,2.2,227,40;
692,377,57,20.2,61.5,18.3,161,2.3,128,22;
694,404,49,22.3,58.4,19.3,171,2.3,88,X;
696,348,74,24.7,56.6,18.7,147,2.3,237,X;
700,7384,377,19.5,58.4,22.1,3396,2.1,3734,490;
701,463,54,20.1,56.2,23.8,200,2.3,82,38;
703,2317,281,21.5,58.1,20.3,1027,2.2,946,128;
704,201,22,10.0,67.7,22.4,95,2.1,48,18;
706,628,46,23.2,59.6,17.2,261,2.4,286,X;
707,151,35,22.5,52.3,25.2,66,2.3,28,X;
708,36,6,22.2,63.9,13.9,13,2.7,X,X;
709,58,7,15.5,62.1,22.4,23,2.5,X,X;
711,283,41,19.8,59.7,20.5,128,2.2,66,26;
713,3586,243,22.1,61.4,16.5,1648,2.1,1495,257;
715,41,12,29.3,46.3,24.4,16,2.6,X,X;
716,426,18,23.9,58.5,17.6,164,2.6,185,60;
717,3975,213,20.2,57.8,22.0,1764,2.2,1661,235;
723,3739,551,18.3,59.7,22.0,1758,2.1,1571,277;
724,765,29,21.7,61.4,16.9,318,2.4,171,60;
726,2048,80,21.0,58.6,20.4,857,2.3,374,133;
731,2159,1000,19.4,57.9,22.8,978,2.2,373,X;
732,1689,446,22.9,58.8,18.3,674,2.5,282,71;
733,4390,878,20.4,58.4,21.2,2060,2.1,3015,339;
734,464,156,16.2,64.7,19.2,216,2.1,86,37;
735,317,93,19.9,62.8,17.4,120,2.6,X,X;
736,413,224,16.2,62.7,21.1,180,2.3,80,25;
737,322,94,18.0,56.5,25.5,136,2.4,76,27;
738,659,144,19.4,59.2,21.4,276,2.4,126,46;
739,3987,2098,18.7,57.0,24.2,1819,2.2,835,X;
740,544,304,18.2,55.0,26.8,260,2.1,182,61;
741,393,171,17.3,52.7,30.0,177,2.2,49,24;
742,879,407,16.6,57.0,26.4,377,2.3,156,53;
743,6823,4489,18.4,57.9,23.8,3367,2.0,X,X;
744,2800,705,18.4,57.9,23.7,1279,2.2,709,131;
745,3695,1502,18.6,57.1,24.3,1653,2.2,951,X;
746,1928,343,20.3,57.4,22.4,847,2.3,563,123;
747,448,212,20.5,61.2,18.3,191,2.3,133,X;
748,662,160,21.8,58.6,19.6,273,2.4,187,44;
749,3326,1218,21.8,59.7,18.5,1438,2.3,1725,156;
750,1395,391,21.3,58.2,20.5,594,2.3,576,93;
751,2872,657,19.4,54.2,26.4,1283,2.2,1157,170;
754,1043,150,21.4,61.0,17.6,436,2.4,309,69;
755,2287,829,19.2,58.1,22.7,1026,2.2,813,97;
756,1160,94,13.7,59.3,27.0,579,2.0,371,109;
761,849,26,19.6,60.4,20.0,359,2.3,347,94;
762,2250,17,21.1,58.1,20.8,975,2.3,1349,321;
763,1746,48,18.0,59.6,22.3,798,2.2,716,170;
766,808,18,18.9,54.7,26.4,358,2.2,324,107;
767,999,88,19.0,60.2,20.8,454,2.2,240,63;
768,12812,767,16.9,59.0,24.1,5976,2.1,5629,874;
769,2537,114,21.4,59.6,19.0,1111,2.3,1279,179;
770,1016,71,21.1,63.6,15.4,435,2.3,194,80;
782,263,1,15.6,51.0,33.5,117,2.2,178,38;
783,1164,28,24.5,49.9,25.6,469,2.3,872,134;
784,1063,4,18.3,57.9,23.8,484,2.2,597,122;
785,4622,114,18.3,60.1,21.6,2174,2.1,2740,416;
786,552,18,17.9,58.3,23.7,260,2.1,596,49;
791,1263,16,17.5,56.8,25.7,551,2.3,504,179;
792,2345,19,18.5,57.9,23.6,1078,2.1,1750,334;
793,1339,22,19.3,57.1,23.6,588,2.2,688,162;
794,3018,41,16.7,57.0,26.3,1357,2.2,1798,332;
841,978,16,17.3,64.5,18.2,478,2.0,388,122;
842,827,14,21.3,57.3,21.4,354,2.3,373,118;
843,6818,57,17.1,61.8,21.0,3240,2.1,6803,908;
852,1508,27,19.7,58.4,21.9,627,2.4,542,188;
853,1662,29,17.2,59.4,23.4,789,2.1,429,152;
855,6831,152,18.4,58.9,22.7,3066,2.2,3236,605;
861,11510,495,19.4,59.9,20.7,5228,2.2,5200,755;
863,1096,146,20.3,62.2,17.4,471,2.3,374,96;
866,1215,156,20.4,61.5,18.1,520,2.3,299,91;
867,840,186,23.8,61.4,14.8,348,2.4,157,63;
868,278,212,21.9,65.5,12.6,112,2.5,85,20;
869,1089,529,23.6,59.7,16.7,437,2.5,154,53;
870,4305,970,22.0,57.2,20.9,1812,2.3,1052,221;
872,1843,126,20.2,62.0,17.7,787,2.3,584,172;
877,501,69,17.8,63.9,18.4,212,2.3,153,60;
879,2554,86,19.6,59.0,21.3,1098,2.3,1751,215;
880,1791,50,17.3,61.6,21.1,811,2.2,624,222;
881,438,94,17.1,62.3,20.5,193,2.3,135,47;
883,2144,551,20.9,58.2,20.9,949,2.2,616,145;
884,2515,515,17.7,58.2,24.1,1108,2.2,463,135;
885,2103,552,21.3,60.0,18.7,872,2.4,277,116;
886,2936,202,22.8,57.5,19.8,1249,2.3,1075,218;
888,1177,88,19.4,57.8,22.9,504,2.3,612,107;
889,1922,323,20.8,58.3,20.9,814,2.3,414,116;
901,2440,40,23.3,57.0,19.7,970,2.5,1293,320;
902,9380,194,19.9,58.9,21.2,4146,2.2,6117,783;
903,2615,123,19.1,60.0,20.9,1156,2.2,1339,243;
904,1169,32,22.2,57.4,20.4,467,2.4,576,165;
905,2385,139,20.8,60.2,19.0,1036,2.3,778,223;
906,908,25,22.7,58.3,19.1,381,2.4,588,148;
907,2660,120,19.5,58.2,22.2,1170,2.2,994,236;
908,1326,21,23.5,56.6,20.0,496,2.6,646,206;
909,1450,93,19.0,56.3,24.7,586,2.4,1049,135;
921,812,172,19.0,58.0,23.0,358,2.2,131,59;
922,1246,80,18.9,57.6,23.4,534,2.3,340,84;
923,1527,100,21.5,58.4,20.0,624,2.4,525,161;
924,483,22,19.3,57.8,23.0,218,2.2,172,58;
925,809,121,21.0,59.3,19.7,334,2.4,194,73;
927,703,127,18.8,56.3,24.9,347,2.0,581,X;
928,6832,1256,19.6,61.5,18.9,3026,2.2,2500,384;
929,4047,1440,17.5,54.3,28.2,1934,2.0,956,X;
931,509,78,27.5,56.2,16.3,197,2.6,157,61;
932,235,12,23.8,57.9,18.3,93,2.5,103,39;
934,2413,890,14.9,52.0,33.1,1216,2.0,764,182;
935,462,50,23.2,55.8,21.0,194,2.3,280,67;
936,255,26,24.3,58.0,17.6,113,2.2,65,27;
938,4833,87,13.5,55.3,31.2,2459,1.9,1832,396;
939,15959,1078,18.5,58.6,22.9,7354,2.1,6328,829;
940,174,38,20.1,62.1,17.8,74,2.3,79,31;
941,2428,322,22.4,57.6,20.0,1021,2.4,443,139;
942,43734,2028,16.9,59.3,23.8,20836,2.1,28784,3256;
943,673,152,24.2,57.2,18.6,270,2.5,174,68;
944,5893,579,18.4,56.9,24.7,2625,2.2,3333,459;
945,998,147,20.9,60.8,18.2,419,2.3,334,95;
946,235,67,22.1,51.5,26.4,97,2.4,X,X;
947,332,135,28.0,55.7,16.3,124,2.7,90,X;
948,765,170,21.4,61.7,16.9,338,2.2,187,62;
951,1101,96,17.1,61.1,21.8,482,2.3,528,132;
952,1061,75,22.5,56.4,21.1,438,2.4,444,122;
953,1396,123,21.7,56.0,22.3,582,2.3,415,134;
954,4898,284,19.9,59.4,20.7,2193,2.2,3105,431;
955,4147,154,20.2,59.2,20.5,1818,2.2,1676,355;
956,3260,216,19.8,58.6,21.6,1436,2.2,1273,226;
957,5045,85,19.5,58.0,22.4,2254,2.2,2878,475;
958,960,60,22.1,57.8,20.1,401,2.3,363,115;
959,538,68,22.1,56.5,21.4,198,2.7,215,75;
960,1138,97,21.2,57.7,21.1,471,2.3,517,120;
971,1505,197,18.2,58.2,23.6,676,2.2,387,94;
972,45,32,11.1,62.2,26.7,21,2.1,45,X;
973,631,160,16.0,59.3,24.7,300,2.1,114,37;
975,202,55,15.3,60.4,24.3,95,2.1,X,X;
976,332,105,22.9,59.6,17.5,134,2.4,78,X;
977,1143,196,19.6,62.6,17.8,500,2.3,182,57;
979,7200,733,19.9,58.8,21.3,3229,2.2,3924,473;
980,626,185,14.7,62.9,22.4,300,2.1,142,X;
981,4899,248,19.1,64.3,16.5,2094,2.3,3081,337;
982,1670,599,20.8,57.7,21.6,729,2.3,834,69;
983,1767,209,20.4,64.3,15.3,767,2.3,865,114;
985,570,47,20.0,56.3,23.7,244,2.3,187,74;
987,488,95,18.2,59.2,22.5,220,2.2,80,X;
988,1560,93,19.4,61.3,19.3,681,2.3,473,149;
989,1155,254,21.2,61.4,17.4,519,2.2,352,77;
990,211,144,15.2,59.7,25.1,103,2.0,68,X;
991,608,198,15.5,63.8,20.7,277,2.1,103,33;
992,2312,443,18.9,62.3,18.8,1081,2.1,1202,196;
993,425,146,20.2,57.2,22.6,179,2.3,116,X;
995,2377,317,18.8,63.0,18.2,1121,2.1,1229,193;
1001,782,113,28.0,57.7,14.3,290,2.7,210,74;
1002,3284,58,22.3,59.6,18.1,1335,2.4,1687,374;
1004,1961,18,21.7,60.7,17.6,725,2.3,1055,240;
1005,1744,43,22.6,59.9,17.4,671,2.6,871,166;
1007,666,18,22.7,59.6,17.7,255,2.6,292,102;
1008,4219,110,22.9,58.9,18.2,1636,2.5,2446,402;
1009,2122,134,23.8,61.3,14.9,827,2.5,1761,215;
1010,4342,41,21.0,58.2,20.8,1774,2.4,2349,501;
1021,1246,270,18.5,63.1,18.4,542,2.3,572,131;
1022,437,149,27.7,59.7,12.6,151,2.9,163,44;
1023,2764,315,24.5,59.7,15.8,1104,2.5,934,216;
1024,30929,1518,19.9,63.0,17.1,13661,2.2,16427,1510;
1025,990,174,22.8,62.7,14.4,378,2.6,388,94;
1026,3583,271,21.5,60.6,17.9,1474,2.4,1475,272;
1030,5316,216,22.5,62.3,15.2,2027,2.6,2732,440;
1031,9846,1021,21.7,60.7,17.6,3995,2.4,5018,575;
1032,2415,104,23.7,62.3,14.0,896,2.7,1190,259;
1033,2620,254,23.9,63.2,12.9,1058,2.5,1234,205;
1037,2807,298,25.8,61.5,12.7,1080,2.6,856,210;
1039,1789,108,25.5,60.9,13.6,692,2.6,602,150;
1040,7617,492,22.0,60.1,17.9,3027,2.5,5290,542;
1041,1039,84,24.1,62.8,13.1,398,2.6,413,129;
1051,5391,771,21.7,55.9,22.4,2211,2.4,1610,348;
1052,6242,1300,22.3,63.1,14.6,2494,2.5,2340,276;
1053,1475,531,22.0,66.0,12.0,606,2.4,2283,95;
1054,13617,1407,19.7,62.2,18.1,5918,2.3,7160,784;
1055,1387,1284,20.1,68.0,11.9,590,2.3,412,X;
1056,1118,337,24.7,64.2,11.1,442,2.5,146,70;
1057,395,316,22.0,68.4,9.6,147,2.7,139,X;
1058,14109,1097,18.6,59.4,22.0,6190,2.2,5236,826;
1059,27444,1005,18.7,59.9,21.4,12339,2.2,12003,1517;
1061,81691,2807,16.1,64.4,19.5,41139,1.9,81515,8217;
1062,7318,256,21.1,64.0,14.9,3023,2.4,3579,494;
1063,7238,996,17.6,56.3,26.0,3226,2.2,2335,586;
1064,1460,215,24.2,61.0,14.9,565,2.6,447,111;
1065,5041,583,23.1,64.7,12.2,1995,2.5,4488,448;
1066,1709,43,22.2,61.8,16.0,684,2.5,470,148;
1067,2280,367,22.6,59.6,17.9,901,2.5,419,143;
1068,1379,155,15.9,61.1,23.0,650,2.1,603,130;
1069,4369,371,15.0,58.8,26.2,1952,2.1,2284,418;
1081,6580,156,24.4,60.1,15.5,2558,2.5,2788,564;
1082,2541,473,22.6,64.6,12.8,1000,2.5,1269,168;
1083,3294,197,25.5,60.7,13.8,1207,2.7,1748,290;
1084,1626,274,17.7,64.3,18.0,708,2.3,598,156;
1085,2942,455,25.3,61.5,13.2,1096,2.6,936,168;
1086,3241,165,24.7,61.2,14.0,1234,2.6,1416,308;
1088,2334,332,21.5,59.3,19.2,929,2.5,655,164;
1089,2229,229,24.0,61.7,14.3,876,2.5,727,158;
1091,1458,202,19.9,67.4,12.7,570,2.5,294,80;
1093,7065,277,23.5,62.8,13.7,2747,2.6,2558,533;
1094,3858,373,23.9,62.8,13.3,1501,2.5,2644,246;
1095,4707,517,22.5,64.2,13.3,1902,2.5,3035,296;
1097,3366,284,23.6,60.7,15.7,1326,2.5,1316,243;
1098,6969,154,22.6,61.3,16.1,2760,2.5,3046,585;
1099,2939,436,20.9,64.2,14.9,1209,2.4,1122,245;
1100,892,124,25.1,61.1,13.8,332,2.7,191,58;
1102,4169,468,23.7,59.0,17.3,1668,2.5,2003,315;
1103,9955,1708,18.7,63.6,17.7,4525,2.2,13620,1107;
1104,4652,211,22.7,61.7,15.6,1692,2.7,3336,320;
1107,4340,304,23.1,60.8,16.1,1726,2.5,2415,312;
1121,662,187,19.6,69.3,11.0,265,2.5,231,52;
1122,1005,149,21.1,62.9,16.0,385,2.6,528,101;
1123,1955,137,24.7,62.7,12.6,714,2.7,2747,184;
1125,5504,231,22.2,63.3,14.4,2282,2.4,3405,388;
1127,1457,349,19.5,67.9,12.6,623,2.3,553,80;
1128,2747,218,23.8,62.7,13.5,1080,2.5,920,196;
1129,711,88,21.5,61.6,16.9,262,2.6,201,63;
1130,1170,193,25.2,60.4,14.4,435,2.6,624,87;
1131,858,84,19.9,63.8,16.3,323,2.6,416,89;
1132,1913,61,24.7,58.5,16.8,702,2.7,885,223;
1135,1275,34,23.6,58.0,18.4,469,2.6,707,183;
1136,2879,95,23.1,60.1,16.8,1117,2.5,1503,253;
1137,2635,706,23.5,62.8,13.7,1056,2.5,1112,158;
1139,2678,151,20.7,63.5,15.8,1128,2.3,1577,213;
1140,7132,264,20.3,63.6,16.1,2995,2.4,3829,483;
1142,707,114,21.4,65.1,13.6,274,2.5,323,84;
1143,4434,290,23.9,63.5,12.6,1777,2.5,1808,304;
1145,902,74,22.6,60.4,17.0,342,2.6,325,112;
1146,2247,759,20.2,65.7,14.2,898,2.5,688,133;
1147,1529,185,22.3,59.8,17.9,621,2.4,869,106;
1150,2038,147,22.8,59.5,17.7,803,2.5,1561,202;
1151,7781,189,21.8,59.1,19.1,3216,2.4,4858,734;
1201,9401,921,19.4,60.1,20.5,4119,2.2,6884,813;
1202,1390,22,14.7,61.6,23.7,704,1.9,1184,157;
1203,1725,37,25.3,58.4,16.3,655,2.6,405,102;
1204,165,43,11.5,67.3,21.2,80,2.1,42,X;
1205,3977,75,21.4,59.9,18.7,1589,2.5,1869,290;
1206,3788,64,18.8,57.8,23.4,1652,2.2,1456,220;
1207,1972,159,19.4,60.4,20.2,857,2.3,971,139;
1208,448,4,14.1,60.7,25.2,195,2.1,189,48;
1209,540,6,19.3,55.0,25.7,228,2.3,213,65;
1210,186,5,12.9,62.9,24.2,89,2.1,X,X;
1211,483,8,23.2,59.2,17.6,172,2.8,186,70;
1212,153,2,8.5,56.9,34.6,77,1.9,X,X;
1213,5424,332,20.4,59.3,20.3,2200,2.4,2827,281;
1214,1858,120,27.0,58.2,14.9,703,2.6,659,104;
1215,661,50,16.5,57.8,25.7,283,2.2,251,77;
1216,1949,13,19.4,59.2,21.4,787,2.4,420,128;
1217,369,22,21.4,61.8,16.8,160,2.3,87,32;
1218,849,13,22.1,59.1,18.7,326,2.6,277,105;
1219,697,9,24.0,59.4,16.6,262,2.7,201,73;
1220,398,4,17.1,56.3,26.6,169,2.2,240,X;
1301,15870,160,20.1,61.5,18.4,6741,2.3,6880,1323;
1311,2319,161,15.9,62.0,22.1,1088,2.1,630,203;
1321,5263,301,17.5,65.7,16.7,2314,2.2,3651,891;
1322,16391,1189,17.6,63.5,19.0,7254,2.2,14670,2546;
1323,7255,1150,17.2,62.8,20.0,3133,2.3,4145,1094;
1331,13087,445,19.2,62.3,18.5,5727,2.2,6993,1126;
1341,7083,347,18.7,65.1,16.2,3044,2.3,4464,762;
1342,5211,393,21.0,63.0,16.1,2201,2.3,1239,370;
1343,173,3,19.1,57.8,23.1,78,2.2,X,X;
1344,8752,3617,18.1,63.3,18.6,3944,2.2,5174,X;
1345,3750,325,21.4,65.7,12.9,1544,2.4,1325,266;
1346,9250,319,20.5,65.5,14.0,3883,2.4,2904,624;
1347,3310,245,20.1,65.0,15.0,1411,2.3,1423,263;
1348,1015,36,16.2,65.8,18.0,457,2.2,250,91;
1349,5054,597,18.6,63.8,17.6,2148,2.3,1757,423;
1361,616,27,19.0,63.8,17.2,265,2.3,202,63;
1362,11985,285,20.5,63.3,16.2,4988,2.4,4113,763;
1363,802,73,26.4,60.8,12.7,292,2.7,208,57;
1364,8913,665,18.0,58.8,23.1,3857,2.2,3348,633;
1365,1100,120,23.5,63.1,13.5,446,2.5,191,68;
1366,1159,56,23.6,63.1,13.3,487,2.3,759,121;
1367,3527,20,23.4,59.4,17.2,1393,2.5,1469,296;
1368,902,27,17.0,53.4,29.6,436,2.0,446,119;
1369,90,8,37.8,40.0,22.2,30,3.0,41,X;
1370,2411,106,24.8,62.5,12.7,945,2.5,884,206;
1371,1938,111,22.2,64.1,13.7,812,2.4,597,186;
1372,15181,285,19.4,61.9,18.7,6455,2.3,12708,1404;
1373,3417,288,22.6,61.2,16.2,1383,2.4,1246,257;
1374,946,137,22.1,61.1,16.8,371,2.5,353,87;
1375,2395,52,19.2,63.9,16.9,1054,2.2,872,246;
1401,6031,112,20.9,63.9,15.3,2496,2.4,2956,519;
1402,4181,56,16.6,61.0,22.5,1982,2.1,2567,497;
1403,3658,43,20.7,62.4,16.9,1503,2.4,1338,339;
1404,6337,68,23.3,60.9,15.8,2526,2.5,2542,499;
1405,2120,46,20.3,57.7,22.0,909,2.3,1161,177;
1406,5146,95,21.1,60.0,18.9,2111,2.4,3214,376;
1407,10368,142,18.8,60.2,21.0,4498,2.3,8411,1247;
1501,3672,151,20.0,61.4,18.6,1590,2.3,1184,279;
1502,5311,533,18.9,62.2,18.9,2258,2.3,1924,398;
1503,1846,119,21.5,61.7,16.8,749,2.4,776,164;
1504,1429,57,15.5,65.1,19.4,701,2.0,376,130;
1505,4801,515,16.6,60.3,23.0,2223,2.1,1653,325;
1506,2193,156,21.8,62.6,15.6,898,2.4,678,157;
1507,5777,404,14.8,62.6,22.6,2698,2.1,2807,793;
1508,3124,193,21.4,59.8,18.8,1284,2.4,1319,188;
1509,8393,757,18.6,61.9,19.6,3599,2.3,9939,1034;
1510,4580,505,14.6,60.1,25.4,2188,2.1,2119,418;
1511,2097,23,23.9,58.7,17.4,834,2.5,891,212;
1630,18483,126,20.1,61.9,18.0,8033,2.3,8723,1338;
1631,9494,22,16.2,58.9,24.9,4352,2.1,4965,805;
1632,12426,120,19.9,60.6,19.5,5536,2.2,8355,1163;
1701,24468,985,20.2,63.1,16.7,10598,2.3,24856,3650;
1702,16723,943,21.0,63.8,15.2,6988,2.4,10277,1904;
1703,8808,478,22.4,60.1,17.5,3477,2.5,7429,1221;
1704,4539,165,19.3,60.9,19.7,1769,2.4,1726,380;
1705,2257,285,22.8,61.3,15.9,888,2.5,1010,248;
1706,6081,202,21.4,60.9,17.7,2565,2.3,1863,520;
1707,10862,731,20.4,67.1,12.5,4537,2.4,11157,1070;
1708,10026,1989,20.3,62.6,17.1,4203,2.4,8947,1063;
1709,8868,346,21.5,59.7,18.8,3826,2.3,3354,679;
1710,3663,270,19.5,59.3,21.2,1568,2.3,1098,323;
1711,30542,1413,18.8,63.2,18.0,14048,2.1,41199,6897;
2008,466,358,21.9,60.1,18.0,189,2.4,33,X;
2009,416,64,24.0,60.6,15.4,163,2.5,90,X;
2011,1752,177,24.1,60.6,15.3,699,2.5,390,95;
2016,1060,259,27.0,59.0,14.1,419,2.5,314,X;
2022,1071,418,23.3,61.1,15.6,426,2.5,235,51;
2025,1141,207,28.0,59.7,12.3,423,2.7,359,71;
2027,439,100,26.4,58.5,15.0,160,2.7,111,X;
2029,2634,150,24.1,61.2,14.7,1049,2.5,523,158;
2035,426,107,27.2,59.9,12.9,161,2.6,122,58;
2038,65,36,24.6,63.1,12.3,29,2.2,X,X;
2041,1801,228,24.9,61.5,13.5,720,2.5,423,102;
2043,289,116,25.3,62.6,12.1,115,2.5,394,X;
2044,708,85,20.9,62.4,16.7,281,2.5,126,40;
2045,447,127,24.6,62.4,13.0,192,2.3,X,X;
2050,1474,143,24.4,60.8,14.9,577,2.5,330,95;
2051,1148,166,18.6,62.2,19.3,501,2.3,186,63;
2053,5521,214,25.3,61.7,13.0,2130,2.6,2512,349;
2054,9716,242,22.3,61.9,15.9,3996,2.4,4481,662;
2055,2320,238,22.9,59.6,17.5,960,2.4,320,111;
2061,289,150,26.6,61.2,12.1,105,2.7,62,X;
2063,772,158,20.1,63.3,16.6,306,2.5,359,38;
2066,291,144,24.1,61.9,14.1,104,2.8,39,25;
2067,372,50,24.5,59.9,15.6,131,2.8,115,X;
2068,846,134,24.6,62.2,13.2,328,2.6,167,67;
2072,339,69,19.5,69.0,11.5,128,2.6,79,X;
2079,212,64,28.8,59.4,11.8,78,2.7,61,X;
2086,527,123,25.4,61.1,13.5,201,2.6,87,32;
2087,1045,117,20.5,62.9,16.7,395,2.6,247,70;
2089,385,175,24.9,61.6,13.5,141,2.7,47,X;
2096,5280,485,23.1,61.3,15.6,2210,2.3,3768,423;
2097,1526,136,22.9,63.7,13.4,633,2.4,253,106;
2099,2239,110,23.4,61.7,14.9,865,2.5,602,168;
2102,3198,214,25.7,60.4,14.0,1241,2.5,1015,176;
2113,2324,97,25.5,58.7,15.8,880,2.6,701,193;
2114,1441,93,24.9,60.7,14.4,552,2.5,354,99;
2115,964,95,27.3,58.7,14.0,357,2.7,154,58;
2117,2287,148,24.4,61.3,14.3,897,2.5,601,149;
2121,1542,26,22.3,59.0,18.7,666,2.3,387,124;
2122,1824,180,22.3,62.0,15.8,757,2.4,416,106;
2123,577,135,25.3,60.0,14.7,229,2.5,141,X;
2124,2651,264,21.1,61.8,17.1,1201,2.2,955,120;
2125,23439,982,21.9,63.6,14.5,9861,2.3,15022,1611;
2128,286,141,21.0,62.2,16.8,118,2.4,X,X;
2129,898,93,22.8,61.8,15.4,360,2.5,173,53;
2130,382,213,18.6,55.8,25.7,189,2.0,X,X;
2131,840,181,23.8,63.5,12.7,324,2.6,132,52;
2134,844,35,24.6,60.3,15.0,335,2.5,176,51;
2135,2200,77,24.8,60.0,15.2,904,2.4,1271,162;
2137,672,64,26.3,61.3,12.4,256,2.6,113,40;
2138,644,12,21.3,55.0,23.8,253,2.5,242,70;
2140,1909,243,27.4,60.3,12.2,700,2.7,961,96;
2143,615,233,23.1,59.7,17.2,245,2.5,122,X;
2145,1344,299,26.0,60.4,13.5,509,2.6,236,54;
2147,601,138,22.0,66.1,12.0,232,2.6,151,42;
2148,2781,358,24.2,62.2,13.6,1117,2.5,1219,168;
2149,1711,71,23.7,61.1,15.2,674,2.5,642,121;
2152,1463,78,25.6,61.9,12.4,532,2.7,600,126;
2153,1098,126,24.2,61.3,14.5,436,2.5,334,78;
2155,1063,105,22.2,62.1,15.7,423,2.5,583,104;
2160,2405,230,25.7,61.7,12.7,946,2.5,1211,149;
2162,1454,44,23.2,61.7,15.1,610,2.4,697,85;
2163,2483,22,19.8,56.2,24.0,1124,2.2,1110,221;
2171,949,154,27.9,59.9,12.2,354,2.7,103,45;
2173,796,128,22.6,65.2,12.2,315,2.5,119,48;
2174,1921,329,23.5,62.3,14.3,757,2.5,1327,205;
2175,3283,370,24.9,60.8,14.3,1250,2.6,734,167;
2177,856,217,25.4,63.1,11.6,317,2.7,227,51;
2183,2696,373,23.9,61.2,14.9,997,2.7,1055,140;
2186,1509,304,28.6,56.6,14.8,550,2.7,379,65;
2189,1089,194,23.1,60.9,16.0,414,2.6,229,73;
2194,273,268,23.8,59.3,16.8,99,2.7,94,X;
2196,38365,4130,19.2,64.2,16.6,17144,2.1,33730,X;
2197,3166,915,23.1,65.5,11.5,1253,2.4,4850,X;
2198,3750,940,24.3,67.0,8.7,1571,2.4,4018,285;
2200,1921,360,22.3,63.9,13.7,752,2.5,825,104;
2206,8193,1061,21.8,58.3,19.8,3341,2.4,2910,425;
2208,1521,523,22.5,63.4,14.1,577,2.6,1449,X;
2211,2567,464,26.0,61.6,12.4,969,2.6,268,95;
2216,156,31,21.8,59.0,19.2,53,2.9,39,X;
2217,745,126,27.7,59.1,13.3,255,2.9,134,43;
2220,3154,170,22.0,61.1,16.9,1256,2.5,835,152;
2225,160,314,21.9,56.3,21.9,63,2.5,X,X;
2226,1470,129,24.0,60.7,15.3,578,2.5,390,101;
2228,12094,2207,22.9,60.9,16.2,5001,2.4,9618,694;
2230,84,60,14.3,77.4,8.3,29,2.9,X,X;
2233,2498,209,26.1,60.4,13.6,959,2.5,1165,147;
2234,2046,199,26.9,60.1,13.0,769,2.6,218,77;
2235,1190,171,25.1,63.2,11.7,451,2.6,226,69;
2236,7448,207,24.9,62.5,12.6,2928,2.5,2746,456;
2237,2236,139,25.0,61.7,13.3,839,2.7,438,127;
2250,1420,420,22.0,62.9,15.1,546,2.6,584,78;
2254,5454,249,25.2,62.2,12.6,2112,2.6,2651,251;
2257,1002,240,22.8,63.5,13.8,398,2.5,718,57;
2258,464,149,17.7,68.3,14.0,188,2.4,103,36;
2259,679,75,21.9,61.0,17.1,282,2.4,148,39;
2260,289,173,13.1,69.6,17.3,128,2.3,114,X;
2261,174,181,17.8,61.5,20.7,72,2.4,X,X;
2262,4352,251,23.1,62.2,14.7,1698,2.5,869,217;
2265,4970,405,20.8,64.4,14.8,2021,2.4,2459,325;
2266,693,229,21.1,62.2,16.7,275,2.5,133,47;
2271,565,1662,16.3,61.9,21.8,235,2.4,X,X;
2272,2044,180,25.0,62.4,12.6,777,2.6,398,93;
2274,972,884,19.7,57.8,22.5,439,2.2,X,X;
2275,8279,335,20.9,59.9,19.2,3572,2.3,4703,731;
2276,1183,157,19.7,64.3,16.0,482,2.4,754,93;
2278,441,155,19.7,64.4,15.9,183,2.4,X,X;
2284,3819,218,18.0,62.7,19.3,1654,2.3,1158,242;
2291,2028,126,20.8,59.4,19.8,854,2.3,523,137;
2292,645,198,18.3,65.0,16.7,281,2.3,83,X;
2293,7964,259,18.5,61.1,20.4,3419,2.3,4021,575;
2294,1634,313,22.3,60.7,17.0,671,2.4,376,99;
2295,3408,238,19.3,62.6,18.1,1405,2.4,1087,236;
2296,1403,154,21.5,62.9,15.7,569,2.4,318,101;
2299,3594,54,18.4,61.7,19.9,1599,2.2,1610,284;
2300,1048,58,16.8,62.4,20.8,457,2.2,156,62;
2301,1103,151,17.9,59.9,22.2,508,2.1,199,77;
2302,2076,124,19.0,60.9,20.1,909,2.3,542,156;
2303,958,136,18.1,61.8,20.1,406,2.3,175,67;
2304,1345,86,19.9,61.9,18.2,541,2.4,398,112;
2305,4035,299,21.5,60.6,17.8,1589,2.5,1566,232;
2306,3450,410,22.0,59.1,19.0,1387,2.5,1836,220;
2307,1345,373,18.0,63.5,18.5,576,2.3,361,67;
2308,2375,147,20.4,59.6,20.0,1022,2.3,483,160;
2309,5579,420,20.7,62.5,16.8,2296,2.4,2469,355;
2321,3521,361,25.2,61.7,13.0,1374,2.5,737,194;
2323,1505,365,25.7,62.4,11.9,579,2.6,433,94;
2325,6971,145,22.7,63.2,14.1,3051,2.3,3759,590;
2328,880,197,25.2,60.5,14.3,334,2.6,198,50;
2333,1140,193,26.8,59.5,13.7,447,2.5,227,56;
2335,1005,103,23.2,62.7,14.1,363,2.7,199,69;
2336,1413,48,24.1,59.8,16.1,577,2.4,449,112;
2337,1208,126,26.7,61.2,12.1,442,2.7,174,78;
2338,1188,88,26.5,60.8,12.7,456,2.6,261,91;
2401,3683,530,21.0,62.5,16.4,1571,2.3,3808,294;
2402,1644,298,20.2,66.8,13.0,704,2.3,3329,197;
2403,1805,210,21.9,59.8,18.3,762,2.4,618,122;
2404,2237,313,21.8,64.6,13.6,953,2.3,2025,141;
2405,1175,214,20.1,64.9,15.1,532,2.2,637,69;
2406,2297,245,20.5,65.8,13.6,979,2.3,665,130;
2407,6288,520,19.5,64.3,16.2,2755,2.3,5200,443;
2408,2274,331,20.4,60.5,19.1,974,2.3,635,152;
2421,570,44,21.6,58.4,20.0,227,2.5,181,52;
2422,6121,390,21.7,60.1,18.2,2610,2.3,2771,377;
2423,85,7,23.5,61.2,15.3,33,2.6,32,X;
2424,539,33,20.2,57.0,22.8,217,2.4,139,42;
2425,696,90,20.0,60.2,19.8,318,2.2,267,55;
2426,1813,117,23.2,58.1,18.6,729,2.5,452,120;
2427,1332,118,19.4,62.9,17.7,561,2.3,422,117;
2428,2441,69,18.4,61.5,20.1,1066,2.2,804,182;
2429,1115,86,18.7,58.4,23.0,497,2.2,266,74;
2445,305,73,20.0,58.4,21.6,127,2.4,86,X;
2455,797,180,20.6,56.8,22.6,350,2.2,163,51;
2456,322,105,18.6,58.7,22.7,138,2.3,181,35;
2457,1481,125,22.1,60.0,18.0,586,2.5,419,123;
2461,1135,158,19.8,62.6,17.6,492,2.3,319,83;
2463,218,138,18.3,66.5,15.1,89,2.4,71,X;
2464,1083,139,21.1,60.0,18.9,466,2.3,454,84;
2465,2580,114,18.1,62.6,19.2,1101,2.3,936,220;
2471,1186,710,21.0,61.3,17.7,475,2.5,483,97;
2472,1043,167,22.5,61.2,16.3,418,2.5,178,66;
2473,6780,1171,18.9,58.9,22.2,3099,2.2,3143,X;
2474,867,145,23.0,58.2,18.8,358,2.4,528,56;
2475,1310,157,19.5,61.4,19.1,527,2.5,229,95;
2476,3157,420,20.5,58.3,21.1,1310,2.4,529,159;
2477,933,110,17.8,60.7,21.5,404,2.2,252,67;
2478,1487,235,18.6,60.3,21.1,632,2.3,212,94;
2479,1310,245,19.1,54.4,26.6,539,2.4,183,74;
2480,1010,62,16.4,61.5,22.1,472,2.1,267,90;
2481,1438,539,18.4,58.8,22.7,583,2.4,530,84;
2491,315,59,23.8,58.7,17.5,124,2.5,82,34;
2492,513,60,18.7,61.2,20.1,212,2.4,119,X;
2493,3952,298,20.3,58.9,20.7,1655,2.4,978,219;
2495,3865,895,19.7,61.8,18.5,1654,2.3,1241,168;
2497,2206,608,19.2,60.8,20.0,974,2.2,484,109;
2498,91,41,17.6,71.4,11.0,36,2.5,X,X;
2499,1055,171,18.8,59.8,21.4,450,2.3,206,63;
2500,6552,862,18.9,61.7,19.4,2929,2.2,1746,304;
2501,1919,487,18.3,59.3,22.4,864,2.2,266,88;
2502,417,87,19.2,63.8,17.0,183,2.3,88,X;
2503,3556,401,21.6,60.3,18.1,1525,2.3,726,169;
2511,1214,222,16.1,64.9,19.0,556,2.2,209,65;
2513,8568,699,19.4,60.7,20.0,3812,2.2,3229,469;
2514,601,283,23.0,63.4,13.6,237,2.5,X,X;
2516,2207,290,19.5,58.8,21.7,935,2.3,839,179;
2517,6482,1153,18.2,63.2,18.6,2886,2.2,2002,340;
2518,881,261,20.4,61.3,18.3,389,2.2,426,51;
2519,5204,2813,22.4,60.2,17.4,2212,2.3,X,X;
2520,864,467,20.0,58.4,21.5,363,2.4,120,X;
2523,846,320,21.5,57.9,20.6,337,2.5,209,41;
2524,148,145,25.7,55.4,18.9,59,2.5,X,X;
2525,1293,1134,18.3,61.0,20.7,560,2.3,X,X;
2526,2814,628,18.6,59.6,21.9,1207,2.3,1034,182;
2527,3480,770,18.5,59.9,21.6,1596,2.2,1140,173;
2528,1176,779,18.8,60.6,20.6,513,2.3,570,120;
2529,839,351,23.5,59.1,17.4,348,2.4,87,36;
2530,2009,598,17.8,62.3,19.9,865,2.3,436,109;
2532,3203,511,19.9,63.7,16.4,1360,2.3,2480,191;
2534,8962,1936,18.9,62.8,18.3,4248,2.1,X,X;
2535,746,163,18.9,64.6,16.5,311,2.4,89,36;
2541,205,37,19.0,62.0,19.0,82,2.4,96,X;
2542,5213,985,18.5,58.6,22.9,2331,2.2,2342,282;
2543,4911,403,17.4,61.3,21.3,2292,2.1,2269,255;
2544,982,391,15.4,58.0,26.6,453,2.1,296,X;
2545,976,314,16.9,63.3,19.8,446,2.2,356,61;
2546,17372,667,17.6,60.2,22.2,7881,2.2,10617,1013;
2547,1175,223,19.6,60.3,20.1,524,2.2,215,74;
2548,747,553,22.1,59.6,18.3,290,2.5,130,36;
2549,28,29,10.7,67.9,21.4,12,2.3,X,X;
2550,3782,1939,17.6,56.8,25.6,1756,2.1,X,X;
2551,1536,267,20.1,58.7,21.2,639,2.4,171,71;
2553,1724,145,21.6,57.0,21.3,721,2.4,468,97;
2554,2310,323,20.9,59.1,20.0,993,2.3,421,120;
2555,1462,167,19.3,57.0,23.7,655,2.2,324,100;
2556,3447,177,20.4,59.7,19.9,1478,2.3,1756,218;
2571,772,280,19.7,68.9,11.4,327,2.3,247,39;
2572,2851,525,18.0,63.0,19.0,1275,2.2,2484,242;
2573,5048,836,18.5,61.9,19.6,2196,2.3,1375,235;
2574,330,182,15.8,63.6,20.6,159,2.0,294,X;
2575,1777,397,21.5,60.6,17.9,758,2.3,746,125;
2576,2784,478,22.4,61.6,16.0,1139,2.4,877,166;
2578,1652,420,18.9,63.9,17.2,744,2.2,770,97;
2579,5138,369,21.1,61.2,17.7,2122,2.4,3176,306;
2580,3239,635,20.5,62.1,17.4,1397,2.3,564,132;
2581,18363,1598,16.3,65.3,18.5,9190,1.9,21578,X;
2582,1012,367,15.9,66.1,18.0,457,2.2,X,X;
2583,4911,1324,19.5,61.3,19.2,2099,2.3,2284,X;
2584,1714,926,21.1,58.9,20.0,719,2.4,333,X;
2585,724,162,19.5,61.2,19.3,305,2.4,159,X;
2586,5057,727,19.7,61.7,18.6,2202,2.3,2676,206;
2601,16777,2671,15.5,64.4,20.1,8385,1.9,21396,2174;
2611,788,70,15.7,59.1,25.1,352,2.2,125,49;
2612,283,12,22.3,57.6,20.1,104,2.7,142,X;
2613,3854,567,19.8,60.0,20.2,1590,2.4,1739,254;
2614,2296,304,19.9,61.6,18.6,976,2.3,689,133;
2615,924,124,20.7,59.2,20.1,374,2.5,413,63;
2616,605,409,21.0,59.8,19.2,248,2.4,88,35;
2617,512,166,17.2,63.7,19.1,210,2.4,49,X;
2618,909,151,16.8,60.4,22.8,423,2.1,118,66;
2619,1261,77,19.2,56.8,24.0,546,2.3,366,111;
2620,660,115,20.8,60.2,19.1,268,2.4,137,41;
2621,1880,182,19.8,59.5,20.7,816,2.3,680,139;
2622,668,183,24.9,55.1,20.1,278,2.4,138,44;
2701,172258,7223,16.8,64.1,19.1,86350,1.9,185605,16098;
2702,1169,524,19.4,55.9,24.6,467,2.3,516,X;
2703,21339,1963,20.4,53.7,25.9,9614,2.2,4845,943;
2761,10352,1399,18.7,58.6,22.7,4608,2.2,5690,644;
2762,21157,2380,18.2,59.2,22.6,10045,2.1,10404,1181;
2763,9129,1317,19.6,53.7,26.7,4188,2.1,6272,678;
2764,3414,829,22.8,54.3,23.0,1403,2.4,1036,232;
2765,15678,3515,18.8,57.5,23.7,7273,2.1,5952,972;
2766,10303,4105,16.1,59.3,24.6,5100,2.0,4151,X;
2767,6693,2238,20.4,55.2,24.4,2964,2.2,1396,320;
2768,5267,833,18.9,58.3,22.7,2361,2.2,1271,274;
2769,12099,1683,18.7,60.2,21.1,5428,2.2,11977,1012;
2770,17809,1070,18.8,57.6,23.6,7992,2.2,13124,1269;
2771,11138,1412,20.1,57.2,22.7,4836,2.3,3765,722;
2772,2336,478,19.8,57.3,22.9,942,2.5,366,112;
2773,19216,2757,18.3,56.1,25.6,8600,2.2,11729,1282;
2774,1396,1034,19.5,56.7,23.8,595,2.3,354,92;
2775,9867,1288,20.1,56.6,23.3,4239,2.3,3034,558;
2781,691,97,17.2,59.2,23.6,303,2.3,97,41;
2782,1652,175,21.3,62.3,16.4,662,2.5,354,91;
2783,263,93,18.6,57.8,23.6,110,2.3,32,X;
2784,729,108,19.9,59.1,21.0,339,2.1,285,72;
2785,1541,263,21.2,62.2,16.7,655,2.3,632,123;
2786,1845,561,18.0,64.9,17.0,796,2.3,315,X;
2787,5619,493,19.3,60.4,20.2,2499,2.2,3957,502;
2788,1129,91,16.9,62.7,20.4,514,2.2,624,71;
2789,443,121,20.1,61.2,18.7,185,2.4,83,28;
2790,276,41,18.5,61.6,19.9,125,2.2,80,36;
2791,1863,185,21.1,61.0,17.8,787,2.3,245,94;
2792,1462,270,20.4,62.9,16.7,608,2.4,193,83;
2793,2399,520,20.6,64.9,14.5,1032,2.3,1094,X;
2821,1639,164,20.4,58.8,20.9,657,2.5,507,120;
2822,1024,621,13.0,61.9,25.1,517,1.9,778,97;
2823,4390,406,19.0,60.9,20.1,1785,2.4,2715,324;
2824,6436,1402,19.9,61.0,19.1,2847,2.2,2150,X;
2825,4488,971,17.8,55.7,26.5,2026,2.2,1976,268;
2826,1055,787,19.4,62.6,18.0,436,2.4,198,63;
2827,319,192,18.8,53.6,27.6,135,2.3,X,X;
2828,5210,935,19.4,62.0,18.6,2248,2.3,1714,301;
2829,14390,792,19.9,59.8,20.3,6398,2.2,16628,1564;
2830,1436,462,22.7,53.9,23.4,594,2.4,151,X;
2831,16626,1552,18.6,62.0,19.4,7378,2.2,14473,1134;
2832,715,318,17.9,63.8,18.3,295,2.4,X,X;
2833,1301,365,19.4,54.3,26.3,551,2.3,248,X;
2834,1589,203,23.3,58.8,17.8,621,2.5,446,116;
2841,566,143,23.0,60.4,16.6,226,2.5,X,X;
2842,820,360,20.6,60.5,18.9,345,2.3,528,65;
2843,698,349,21.2,57.9,20.9,298,2.3,237,59;
2844,1066,120,20.3,59.9,19.8,436,2.4,227,74;
2845,756,525,24.7,62.2,13.1,306,2.4,X,X;
2846,6200,634,19.6,59.5,20.9,2700,2.3,2359,477;
2847,250,63,18.8,66.0,15.2,107,2.3,X,X;
2848,263,78,15.6,62.4,22.1,127,2.1,55,22;
2849,2157,689,22.2,59.6,18.2,867,2.5,865,117;
2850,528,357,19.1,59.5,21.4,226,2.3,46,X;
2851,159,100,22.0,56.6,21.4,61,2.6,X,X;
2852,1291,158,20.2,58.9,20.8,528,2.4,413,109;
2853,922,181,17.0,65.0,18.0,400,2.3,211,67;
2854,263,153,21.3,58.9,19.8,107,2.5,74,X;
2855,474,66,22.4,59.5,18.1,204,2.3,145,56;
2856,2215,320,18.9,60.8,20.3,972,2.2,821,135;
2857,596,206,22.1,61.2,16.6,256,2.3,92,X;
2858,766,70,19.5,62.1,18.4,320,2.3,172,68;
2859,420,184,23.6,60.0,16.4,165,2.5,151,31;
2860,758,153,18.7,56.3,24.9,338,2.2,144,55;
2861,6681,751,19.9,61.2,18.9,2956,2.2,4158,638;
2862,829,354,20.4,62.1,17.5,337,2.4,141,X;
2863,906,194,18.9,59.6,21.5,388,2.3,387,67;
2864,1364,604,18.7,60.1,21.2,591,2.3,310,50;
2865,722,122,19.7,56.1,24.2,309,2.3,183,52;
2866,620,89,14.8,63.1,22.1,264,2.3,159,53;
2867,424,133,22.9,58.5,18.6,168,2.5,116,33;
2868,508,64,21.7,59.1,19.3,208,2.4,115,X;
2869,2561,373,16.9,59.2,23.9,1104,2.3,582,127;
2881,578,167,21.3,56.9,21.8,236,2.4,91,38;
2882,664,102,23.0,58.7,18.2,263,2.5,200,56;
2883,768,105,21.5,58.7,19.8,303,2.5,151,61;
2884,1657,172,21.4,61.4,17.3,662,2.5,385,117;
2885,529,47,18.5,62.4,19.1,231,2.2,376,74;
2886,2528,419,20.9,59.5,19.6,1022,2.4,827,146;
2887,499,124,21.2,55.3,23.4,209,2.4,X,X;
2888,958,61,16.7,62.8,20.5,437,2.2,354,83;
2889,326,45,21.2,59.2,19.6,134,2.4,84,30;
2890,162,84,19.1,58.0,22.8,72,2.2,86,X;
2891,1795,407,18.8,58.8,22.4,765,2.3,920,116;
2892,2434,392,21.1,59.0,19.9,990,2.4,839,151;
2893,1582,171,20.9,58.1,21.0,667,2.3,501,134;
2894,404,109,18.6,57.4,24.0,179,2.2,101,31;
2895,1081,130,16.0,64.5,19.5,503,2.1,391,82;
2901,836,117,17.9,59.7,22.4,372,2.2,217,79;
2903,1472,216,23.5,57.6,18.9,603,2.4,301,96;
2904,2289,128,20.1,61.2,18.7,1026,2.2,844,161;
2914,416,104,22.1,57.2,20.7,168,2.5,71,X;
2915,1028,177,18.5,61.9,19.6,418,2.4,232,73;
2917,758,156,24.8,58.3,16.9,306,2.5,135,54;
2919,1351,286,24.0,59.0,17.0,511,2.6,186,68;
2920,5453,274,19.7,59.6,20.7,2450,2.2,2572,427;
2931,313,38,12.8,69.6,17.6,142,2.2,85,X;
2932,4804,257,20.3,60.3,19.4,2083,2.3,2258,261;
2933,866,148,19.6,59.2,21.1,373,2.3,260,80;
2936,859,49,24.3,57.9,17.8,337,2.5,221,68;
2937,10512,1314,18.8,59.8,21.4,4923,2.1,5638,713;
2938,750,136,19.7,58.0,22.3,328,2.3,208,71;
2939,36587,874,17.7,60.9,21.4,17131,2.1,26906,3046;
2951,476,38,18.7,58.0,23.3,210,2.2,121,58;
2952,1681,78,19.3,56.5,24.2,733,2.3,697,154;
2953,886,94,19.0,60.8,20.2,383,2.3,182,67;
2961,316,83,16.5,63.9,19.6,139,2.2,64,27;
2962,468,59,16.9,63.2,19.9,208,2.3,113,41;
2963,1469,109,18.1,63.0,18.9,653,2.2,794,152;
2964,3415,591,16.5,57.1,26.4,1631,2.1,1556,308;
2971,2221,145,21.3,55.3,23.4,960,2.3,995,212;
2972,444,73,21.2,60.8,18.0,178,2.5,136,X;
2973,584,141,19.7,61.6,18.7,260,2.2,234,68;
2974,1737,82,20.8,57.6,21.5,726,2.4,894,184;
3001,15745,625,19.1,62.0,19.0,7154,2.2,9899,1420;
3002,941,39,26.4,58.8,14.9,339,2.7,502,109;
3003,532,103,22.6,60.0,17.5,216,2.4,169,55;
3004,1573,90,25.3,57.5,17.2,582,2.7,488,150;
3005,1429,153,23.0,58.8,18.3,567,2.5,484,144;
3006,2303,48,22.1,58.8,19.1,964,2.3,1114,239;
3007,1870,277,22.8,58.2,19.0,704,2.6,955,144;
3021,1799,321,23.5,58.9,17.6,748,2.4,697,146;
3022,3091,146,19.9,59.1,21.0,1302,2.3,1275,313;
3023,4382,536,21.1,58.6,20.3,1855,2.3,1337,322;
3024,6265,411,18.5,58.7,22.8,2687,2.3,2841,693;
3025,1735,173,21.8,59.5,18.7,710,2.4,914,198;
3031,1008,239,18.8,59.7,21.4,410,2.4,303,81;
3032,4162,556,19.1,58.9,22.0,1854,2.2,2831,379;
3033,1279,568,18.5,64.7,16.7,552,2.3,301,125;
3034,1747,260,20.9,59.9,19.2,707,2.4,492,144;
3035,688,138,15.3,60.8,24.0,319,2.1,197,58;
3036,877,128,23.3,57.8,18.9,366,2.4,287,85;
3037,1971,282,17.2,64.1,18.7,917,2.1,1148,200;
3038,1837,265,19.7,61.1,19.2,814,2.2,664,159;
3101,5795,343,18.3,61.2,20.6,2486,2.3,4732,808;
3102,1462,59,22.8,55.1,22.2,543,2.6,731,180;
3103,3648,89,24.4,58.3,17.3,1386,2.6,1284,340;
3104,1128,63,22.2,62.6,15.2,430,2.6,382,157;
3105,2196,38,24.3,59.7,16.0,811,2.7,1053,226;
3111,1916,131,18.7,59.2,22.0,807,2.3,730,187;
3201,1365,150,25.5,60.6,13.9,505,2.7,315,97;
3202,1200,116,25.2,60.4,14.4,458,2.6,398,117;
3203,75833,1926,18.1,64.3,17.6,36992,2.0,83536,7201;
3204,9691,794,20.6,57.8,21.6,4186,2.3,3677,465;
3211,850,226,22.5,59.1,18.5,328,2.6,158,60;
3212,2280,256,23.1,55.1,21.8,914,2.5,368,141;
3213,9269,1968,18.8,59.4,21.8,4168,2.2,4433,463;
3214,3585,364,22.3,58.9,18.9,1406,2.5,1189,270;
3215,9441,5304,18.5,62.5,19.0,4649,2.0,X,X;
3216,7286,1028,17.5,62.1,20.4,3216,2.2,2081,284;
3217,3606,801,18.9,60.7,20.4,1608,2.2,1895,217;
3218,1461,734,23.8,58.0,18.1,580,2.5,839,124;
3219,1073,150,24.4,61.2,14.4,399,2.7,288,95;
3231,7789,1675,19.5,62.3,18.2,3489,2.2,4769,612;
3232,4798,736,19.5,63.9,16.5,2079,2.3,3886,316;
3233,3963,705,21.0,60.4,18.6,1690,2.3,2071,319;
3234,6471,575,22.1,62.8,15.1,2567,2.5,3305,514;
3235,3419,1547,17.4,61.6,21.0,1574,2.1,1567,X;
3236,5890,857,19.5,63.1,17.4,2499,2.3,3154,459;
3237,6571,680,20.7,61.2,18.1,2828,2.3,4522,537;
3238,9619,2279,21.2,63.0,15.8,4037,2.4,5009,690;
3251,11733,297,20.7,61.0,18.3,5080,2.3,7027,972;
3252,1535,282,23.3,62.8,13.9,611,2.5,318,105;
3253,2105,481,21.9,62.7,15.4,866,2.4,695,146;
3254,8879,257,22.4,62.2,15.3,3518,2.5,5002,648;
3255,4494,1024,19.5,61.8,18.7,1931,2.3,1569,247;
3256,2399,257,21.5,63.3,15.2,983,2.4,1081,183;
3271,12661,794,20.0,63.3,16.7,5431,2.3,7873,972;
3272,3471,156,22.7,61.5,15.8,1352,2.5,1156,248;
3273,7068,129,21.9,60.0,18.0,2965,2.4,3433,423;
3274,5592,135,18.5,66.1,15.5,2435,2.3,4045,418;
3275,5104,168,20.9,63.6,15.5,2184,2.3,2376,307;
3276,5297,127,22.6,60.5,16.9,2220,2.4,2074,355;
3291,6102,240,17.3,61.8,20.9,2866,2.1,3370,477;
3292,4858,65,21.1,59.9,19.0,1980,2.4,2581,436;
3293,8623,62,22.4,60.2,17.4,3517,2.4,3482,597;
3294,1565,12,21.3,58.4,20.3,668,2.3,1191,154;
3295,2937,48,18.2,61.1,20.7,1305,2.2,1118,228;
3296,6133,648,20.0,62.6,17.4,2702,2.2,3940,475;
3297,4817,147,23.3,59.0,17.7,1948,2.4,1644,276;
3298,5679,124,20.9,59.3,19.8,2480,2.3,2264,367;
3311,1784,41,17.1,57.2,25.7,837,2.1,542,177;
3312,3025,183,23.6,62.2,14.2,1197,2.5,1197,249;
3313,4839,260,22.9,62.5,14.6,1961,2.4,1748,347;
3315,3819,96,22.0,61.5,16.5,1539,2.5,1411,329;
3316,1724,319,19.3,58.8,21.9,803,2.1,484,115;
3338,3710,896,20.1,59.9,19.9,1590,2.3,1662,242;
3339,6417,851,22.6,60.4,17.0,2590,2.4,3682,443;
3340,26999,1213,18.8,60.2,20.9,12200,2.2,16932,2088;
3341,5167,154,21.1,60.1,18.9,2181,2.3,1373,386;
3342,9605,175,21.9,61.0,17.1,3822,2.5,4070,686;
3352,5031,116,20.7,55.4,23.9,2196,2.2,2243,364;
3359,2626,30,20.9,53.9,25.2,1152,2.3,1507,321;
3360,3578,39,20.7,55.8,23.5,1556,2.2,1872,418;
3372,906,45,25.4,56.5,18.1,355,2.5,321,126;
3374,1869,663,18.7,62.8,18.5,885,2.1,705,X;
3375,1261,100,22.7,59.6,17.7,492,2.5,441,120;
3378,4035,82,22.2,59.5,18.3,1659,2.4,1515,414;
3379,8740,171,20.0,58.4,21.5,3680,2.3,4812,753;
3392,9073,213,24.0,60.6,15.4,3593,2.5,5006,687;
3393,1576,112,24.0,61.6,14.3,595,2.6,645,167;
3394,2881,57,26.3,57.0,16.7,1072,2.6,1169,314;
3395,4876,223,22.5,59.5,17.9,1968,2.4,2325,404;
3401,4130,285,24.6,57.3,18.1,1661,2.4,1809,278;
3402,10523,917,22.1,59.7,18.2,4463,2.3,4449,616;
3405,3774,343,25.0,59.0,16.1,1478,2.5,2038,259;
3407,6413,456,22.5,60.3,17.2,2530,2.5,2230,431;
3408,12892,890,21.8,60.7,17.5,5301,2.4,6867,676;
3422,1514,96,24.8,63.1,12.2,546,2.8,646,146;
3423,3149,192,26.6,59.2,14.3,1135,2.7,937,256;
3424,4448,251,22.6,61.9,15.5,1775,2.5,2919,354;
3426,4785,533,21.6,61.3,17.2,1952,2.4,1999,375;
3427,23966,1151,19.5,61.4,19.1,10808,2.2,15102,1826;
3441,2014,319,27.1,57.0,16.0,763,2.6,552,122;
3442,8363,662,21.2,58.5,20.3,3522,2.4,2403,445;
3443,18173,661,19.4,60.9,19.7,7937,2.2,13216,1253;
3444,3500,112,26.7,57.7,15.6,1272,2.7,1464,322;
3506,2780,65,16.5,60.7,22.8,1328,2.1,2702,360;
3513,535,25,17.0,58.5,24.5,253,2.1,184,59;
3514,234,21,13.2,55.6,31.2,117,2.0,67,X;
3542,1310,14,15.9,60.3,23.8,599,2.2,701,173;
3543,2356,7,14.2,57.7,28.1,1148,2.0,1391,304;
3544,905,5,16.6,59.7,23.8,397,2.2,553,113;
3551,1113,24,14.7,56.0,29.3,487,2.2,834,124;
3561,3516,18,19.6,55.2,25.2,1476,2.3,2139,435;
3572,615,28,18.7,53.5,27.8,272,2.3,209,X;
3575,1858,59,15.4,62.3,22.3,937,1.9,1358,183;
3581,719,104,22.1,56.5,21.4,315,2.3,106,X;
3582,648,135,20.8,62.3,16.8,283,2.1,299,80;
3603,1007,6,13.9,63.0,23.1,491,2.0,694,112;
3618,2026,12,14.2,56.7,29.1,930,2.1,818,238;
3619,4756,36,19.0,58.6,22.4,2069,2.2,3269,515;
3633,353,267,19.0,57.2,23.8,155,2.2,X,X;
3637,299,96,21.1,62.9,16.1,128,2.3,467,X;
3638,789,55,19.9,58.0,22.1,336,2.3,405,67;
3640,943,102,23.4,54.6,22.0,389,2.4,315,79;
3661,2228,71,20.0,60.5,19.5,914,2.3,1222,173;
3662,248,41,28.6,54.8,16.5,93,2.6,74,X;
3663,488,116,24.4,59.2,16.4,187,2.6,83,X;
3668,3217,192,19.4,60.9,19.7,1458,2.2,2363,351;
3669,130,5,17.7,53.1,29.2,56,2.3,X,X;
3670,154,36,18.8,42.2,39.0,72,2.1,X,X;
3672,901,6,21.0,52.9,26.1,376,2.4,424,150;
3673,2067,45,20.2,61.2,18.7,885,2.3,536,186;
3681,168,2,17.3,55.4,27.4,75,2.2,110,X;
3695,144,4,25.0,48.6,26.4,60,2.4,76,X;
3701,908,20,19.8,52.8,27.4,418,2.1,477,92;
3703,56,2,17.9,64.3,17.9,21,2.6,X,X;
3705,202,43,23.8,55.9,20.3,82,2.5,X,X;
3707,46,6,13.0,63.0,23.9,19,2.4,X,X;
3708,51,3,13.7,70.6,15.7,26,2.0,X,X;
3711,53,26,20.8,69.8,9.4,20,2.7,X,X;
3712,401,16,19.7,59.9,20.4,180,2.2,184,45;
3713,75,1,8.0,54.7,37.3,42,1.8,X,X;
3714,577,4,17.0,54.1,28.9,266,2.1,338,103;
3721,3331,231,22.1,62.5,15.5,1417,2.3,1678,182;
3722,8038,332,21.4,60.2,18.4,3391,2.4,3022,372;
3723,1496,112,23.9,60.6,15.6,599,2.5,349,73;
3731,2622,196,25.2,60.6,14.1,1048,2.5,493,120;
3732,2836,56,14.8,61.6,23.6,1443,1.9,1626,311;
3733,1217,30,18.8,62.3,18.9,544,2.2,247,78;
3734,1430,30,18.8,61.7,19.5,647,2.2,310,103;
3746,1527,4,19.5,57.6,22.9,693,2.2,894,180;
3752,767,14,16.4,68.6,15.0,363,2.1,1222,154;
3762,4591,10,18.6,57.5,23.9,2117,2.1,3216,616;
3764,855,5,18.9,56.6,24.4,373,2.3,386,113;
3781,616,13,14.3,65.6,20.1,313,2.0,328,70;
3782,1502,63,16.0,62.6,21.4,741,2.0,985,160;
3783,210,13,20.0,56.7,23.3,94,2.2,66,X;
3784,2162,18,17.9,63.0,19.1,1024,2.1,1855,X;
3785,686,11,12.7,63.7,23.6,338,2.0,242,89;
3786,2924,26,17.2,63.1,19.7,1447,2.0,2738,359;
3787,4928,172,14.9,63.7,21.4,2591,1.9,7044,835;
3788,690,5,18.0,59.3,22.8,334,2.1,274,87;
3789,700,11,18.4,61.9,19.7,350,2.0,930,108;
3790,1111,25,13.1,61.2,25.7,627,1.8,961,X;
3791,1186,18,22.3,56.6,21.1,544,2.0,757,149;
3792,1544,6,16.5,56.8,26.7,723,2.1,899,235;
3804,87,8,9.2,58.6,32.2,45,1.9,X,X;
3805,275,69,14.2,53.5,32.4,132,2.1,91,X;
3808,148,3,8.8,60.1,31.1,72,2.0,X,X;
3810,109,12,9.2,60.6,30.3,64,1.7,X,X;
3821,792,16,17.3,60.4,22.3,352,2.2,238,76;
3822,1347,8,15.1,60.0,24.9,626,2.1,583,163;
3823,319,7,11.6,55.8,32.6,151,2.0,136,X;
3831,560,37,17.3,62.7,20.0,252,2.2,231,57;
3832,1378,37,16.8,62.3,21.0,625,2.2,977,279;
3834,2520,65,19.2,61.4,19.4,1118,2.2,1098,356;
3835,832,38,13.9,67.7,18.4,380,2.2,527,115;
3837,199,5,9.5,56.3,34.2,103,1.9,124,35;
3847,1460,7,14.0,56.0,29.9,658,2.2,1143,236;
3851,10899,38,17.4,62.4,20.1,5309,2.0,8650,1123;
3861,608,24,18.3,59.7,22.0,264,2.3,206,61;
3862,221,7,28.1,49.8,22.2,76,2.8,79,33;
3863,1146,44,20.0,56.2,23.8,500,2.3,380,105;
3871,4451,20,15.9,57.1,27.0,2148,2.0,2322,519;
3881,226,12,22.6,58.4,19.0,94,2.4,76,31;
3882,853,105,18.8,61.4,19.8,395,2.2,589,108;
3891,1582,19,20.9,55.9,23.3,662,2.4,448,178;
3901,35897,1006,16.1,62.8,21.1,17770,2.0,32472,3763;
3911,1949,40,16.4,63.9,19.8,917,2.1,953,205;
3921,3131,20,13.5,63.4,23.0,1643,1.9,2854,474;
3932,305,11,17.4,56.7,25.9,149,2.0,136,41;
3941,1033,56,20.6,63.7,15.7,442,2.3,334,64;
3945,3304,77,21.5,61.6,16.9,1380,2.3,1176,227;
3946,2521,91,22.8,61.4,15.8,1047,2.4,714,152;
3947,3434,312,20.6,60.6,18.8,1476,2.3,1342,240;
3951,799,40,17.9,64.7,17.4,370,2.2,276,75;
3952,886,84,18.7,64.1,17.2,373,2.4,269,85;
3953,2945,91,18.8,61.7,19.5,1321,2.2,1942,344;
3954,2379,209,20.6,60.9,18.5,1002,2.4,855,237;
3955,8889,471,19.7,62.0,18.3,3848,2.3,6113,632;
3961,2076,48,20.0,60.5,19.4,884,2.3,1221,179;
3962,2679,43,20.6,61.3,18.1,1164,2.3,1487,224;
3972,1342,27,20.1,60.3,19.6,558,2.4,543,102;
3981,1757,18,18.8,56.8,24.4,756,2.3,718,189;
3982,2080,23,17.2,56.6,26.3,918,2.2,1174,186;
3983,362,3,10.5,64.9,24.6,149,2.3,162,50;
3985,1158,11,15.5,56.0,28.5,494,2.3,471,106;
3986,1238,9,16.1,56.2,27.7,589,2.1,638,147;
3987,1170,23,16.1,57.9,26.1,515,2.2,586,114;
3988,1188,17,16.9,58.0,25.1,535,2.2,605,144;
4001,21506,1743,17.3,64.5,18.1,10472,2.0,34391,2684;
4002,1571,383,17.6,57.7,24.7,689,2.3,313,X;
4003,7966,1497,20.9,63.8,15.3,3471,2.3,X,X;
4004,730,58,15.9,63.4,20.7,311,2.3,357,72;
4005,4196,426,19.6,58.6,21.8,1806,2.3,984,177;
4006,7735,449,19.7,61.7,18.6,3264,2.3,2663,407;
4007,1590,450,21.3,61.2,17.5,677,2.3,806,96;
4008,6182,519,19.5,60.3,20.2,2724,2.2,1390,319;
4009,3878,552,20.7,60.2,19.2,1603,2.4,1488,252;
4010,8363,1168,20.6,61.1,18.3,3617,2.3,3998,458;
4012,10431,982,22.4,61.5,16.1,4478,2.3,4793,468;
4013,4157,1443,21.4,59.7,18.8,1740,2.3,2260,223;
4021,19342,1469,17.9,65.9,16.3,9171,2.1,29564,2418;
4022,1562,316,17.7,63.1,19.2,709,2.2,697,80;
4023,2829,476,20.4,59.5,20.2,1223,2.3,1037,189;
4024,2991,383,21.6,62.6,15.9,1238,2.4,1139,178;
4026,3499,1658,19.9,61.6,18.5,1587,2.2,782,232;
4027,5546,1098,20.4,59.5,20.1,2463,2.2,1369,260;
4028,1053,264,24.2,62.2,13.6,399,2.6,121,X;
4029,5414,958,18.6,63.0,18.4,2360,2.3,1801,291;
4030,2074,853,21.5,61.9,16.7,782,2.6,654,121;
4031,1750,358,21.3,63.1,15.6,698,2.5,413,108;
4032,2112,607,23.5,63.2,13.3,834,2.5,2735,203;
4033,5633,1157,21.6,63.4,15.0,2433,2.3,1790,341;
4034,8825,1640,20.2,62.3,17.5,3804,2.3,2587,396;
4035,4105,1233,20.2,61.2,18.7,1800,2.3,777,226;
4037,4072,947,18.1,58.3,23.6,1819,2.2,770,202;
4038,8568,1025,20.2,58.4,21.4,3745,2.3,1973,393;
4039,1991,513,21.6,60.9,17.5,799,2.5,528,129;
4040,11881,1382,22.8,63.3,13.8,4808,2.5,8725,745;
4041,2202,499,22.1,63.4,14.4,880,2.5,874,139;
4042,3013,1944,19.7,65.6,14.7,1356,2.2,X,X;
4044,7240,874,21.0,60.8,18.2,3031,2.3,2540,290;
4045,20852,1967,18.6,61.6,19.8,9787,2.1,8427,1279;
4046,1566,357,22.8,60.5,16.7,642,2.4,313,102;
4047,4702,502,22.3,61.2,16.5,1930,2.4,3695,304;
4048,6484,718,22.5,59.8,17.8,2656,2.4,2176,401;
4049,4823,662,22.7,59.5,17.9,1995,2.4,815,245;
4061,1845,547,21.4,63.0,15.6,750,2.4,274,120;
4062,4776,888,21.3,59.7,19.0,2070,2.3,1619,354;
4063,7946,699,19.9,63.2,16.9,3564,2.2,4401,663;
4064,995,353,19.7,65.0,15.3,409,2.4,218,62;
4065,3880,1000,20.2,63.7,16.1,1677,2.3,1163,215;
4066,1053,428,20.7,62.4,16.9,424,2.5,152,58;
4067,1640,534,22.1,63.3,14.6,681,2.4,373,89;
4068,2422,313,20.4,62.4,17.2,1015,2.4,835,176;
4071,2109,370,23.2,64.1,12.7,826,2.5,661,121;
4072,2833,461,21.2,63.8,15.0,1137,2.5,1314,193;
4073,2037,627,19.8,61.5,18.7,883,2.3,454,133;
4074,2416,452,21.2,59.5,19.3,1012,2.4,463,156;
4075,4502,919,21.8,61.1,17.1,1885,2.4,1035,236;
4076,2902,350,22.2,62.1,15.7,1185,2.4,675,166;
4077,1511,459,26.0,58.1,15.9,587,2.6,223,77;
4078,485,199,19.4,66.4,14.2,203,2.4,83,35;
4079,1415,315,18.4,66.4,15.3,622,2.3,277,88;
4080,7328,614,21.5,64.1,14.5,3114,2.3,3859,487;
4081,3698,1411,19.4,57.4,23.1,1622,2.3,865,187;
4082,16484,1321,20.6,61.4,18.0,6951,2.3,8012,1108;
4083,4482,932,20.2,60.0,19.9,1902,2.3,1083,200;
4084,609,367,22.2,64.2,13.6,255,2.4,76,36;
4091,1582,279,18.3,61.8,19.9,697,2.3,309,104;
4092,4354,862,23.7,61.1,15.2,1666,2.6,2398,175;
4093,729,243,18.5,65.0,16.5,319,2.3,306,59;
4094,744,188,16.8,66.7,16.5,328,2.3,174,54;
4095,12527,1517,17.9,61.4,20.7,5578,2.2,9883,1062;
4096,595,87,20.0,59.2,20.8,243,2.4,234,58;
4097,300,71,19.0,66.0,15.0,127,2.4,74,X;
4099,440,197,15.9,65.9,18.2,190,2.3,74,X;
4100,3633,1135,19.5,61.9,18.6,1562,2.3,1611,166;
4104,3113,368,19.1,61.9,19.0,1368,2.3,2363,233;
4105,341,62,24.0,56.6,19.4,143,2.4,80,35;
4106,394,100,15.7,57.9,26.4,174,2.2,99,32;
4107,1109,351,19.3,65.6,15.1,475,2.3,160,X;
4110,1135,144,20.7,57.7,21.6,494,2.3,278,68;
4111,1452,305,20.5,56.7,22.9,625,2.3,276,77;
4112,856,205,19.0,62.3,18.7,329,2.6,212,61;
4117,831,84,19.3,59.6,21.2,338,2.4,249,66;
4120,1465,280,18.7,64.7,16.6,618,2.3,630,99;
4121,2127,190,18.2,64.1,17.7,924,2.3,1556,105;
4122,1634,284,21.6,58.2,20.2,661,2.4,264,82;
4123,7668,1562,21.0,60.9,18.1,3282,2.3,4755,X;
4124,1589,103,17.7,61.0,21.3,689,2.3,319,128;
4125,2256,184,18.0,61.5,20.5,962,2.3,1224,185;
4131,3276,858,19.0,61.3,19.7,1445,2.2,951,265;
4132,1167,342,12.8,62.6,24.6,566,2.0,263,97;
4133,1023,1088,21.0,63.9,15.1,454,2.2,395,X;
4134,1255,212,22.5,59.8,17.6,507,2.4,844,95;
4135,2171,223,19.1,60.4,20.5,948,2.3,983,172;
4136,1454,508,19.4,64.7,15.9,661,2.2,240,66;
4137,452,393,21.0,59.5,19.5,188,2.4,127,38;
4138,765,204,18.6,63.1,18.3,320,2.4,196,69;
4139,6334,993,21.8,60.1,18.1,2644,2.3,1970,295;
4140,2720,289,21.3,59.6,19.1,1111,2.4,932,150;
4141,8501,898,20.2,60.7,19.1,3651,2.3,3729,588;
4142,838,116,19.8,61.7,18.5,346,2.4,335,86;
4143,1169,135,19.2,62.7,18.0,474,2.4,378,100;
4144,4393,700,17.9,60.6,21.5,2008,2.1,1768,338;
4145,1672,468,17.5,64.8,17.7,714,2.3,315,85;
4146,3087,348,20.5,60.1,19.4,1303,2.3,1067,214;
4147,1304,225,19.0,59.8,21.2,564,2.3,621,84;
4161,2291,324,19.8,64.1,16.1,960,2.4,1327,132;
4163,5564,559,19.6,62.5,17.9,2363,2.3,3743,452;
4164,1034,118,19.4,59.5,21.1,418,2.4,183,85;
4165,3542,348,20.5,61.7,17.8,1505,2.3,804,232;
4166,1545,246,22.8,61.8,15.4,612,2.5,385,98;
4167,965,133,20.0,63.8,16.2,403,2.4,167,58;
4169,2670,148,19.5,61.2,19.3,1142,2.3,879,159;
4170,3632,251,20.8,59.5,19.7,1552,2.3,2764,287;
4172,930,378,19.5,63.5,17.0,398,2.3,X,X;
4173,606,74,26.2,59.9,13.9,237,2.5,140,58;
4175,1026,234,22.7,60.3,17.0,413,2.5,343,71;
4176,672,243,18.5,64.0,17.6,278,2.4,217,47;
4177,1616,641,20.7,63.8,15.5,703,2.3,X,X;
4179,904,177,22.0,64.0,13.9,368,2.4,156,55;
4181,1309,116,19.9,65.5,14.6,548,2.4,247,92;
4182,1049,110,21.9,61.2,16.9,443,2.3,329,94;
4183,1171,170,20.5,64.5,15.0,490,2.4,277,88;
4184,2026,94,17.9,61.1,21.1,891,2.2,769,184;
4191,700,219,23.3,63.0,13.7,274,2.5,112,46;
4192,1428,593,19.0,61.6,19.4,610,2.3,210,92;
4193,847,546,22.1,64.9,13.0,362,2.3,553,59;
4194,2229,599,23.1,62.4,14.5,890,2.5,985,141;
4195,1456,231,20.2,66.0,13.8,632,2.3,440,112;
4196,2137,533,21.9,62.5,15.6,899,2.4,866,160;
4197,875,401,18.1,66.3,15.7,385,2.3,254,80;
4198,1269,361,21.6,66.8,11.6,527,2.4,451,85;
4199,1320,567,20.3,64.8,14.8,587,2.2,738,X;
4200,4016,1232,20.4,65.6,14.0,1711,2.3,2098,280;
4201,10574,935,18.0,65.0,17.0,4960,2.1,9672,973;
4202,2960,696,17.6,63.8,18.6,1300,2.3,1143,211;
4203,4439,672,21.1,59.8,19.1,1822,2.4,1564,285;
4204,4776,1443,23.9,61.8,14.3,1904,2.5,1389,X;
4205,2896,614,21.1,66.2,12.6,1213,2.4,1369,196;
4206,5489,882,21.2,64.0,14.7,2346,2.3,2071,321;
4207,2997,473,20.2,62.3,17.5,1230,2.4,4131,200;
4208,3996,412,20.9,61.4,17.7,1691,2.3,1247,261;
4209,5288,550,20.3,61.3,18.3,2254,2.3,2864,367;
4210,3336,932,20.4,62.9,16.7,1481,2.2,611,154;
4221,981,237,24.0,66.0,10.1,382,2.6,174,68;
4222,1497,173,19.2,68.1,12.7,634,2.3,243,107;
4223,2157,252,27.7,60.8,11.5,814,2.6,601,135;
4224,1142,101,22.2,62.9,14.9,474,2.4,397,127;
4226,624,262,27.4,60.1,12.5,234,2.7,135,49;
4227,626,147,19.6,65.5,14.9,279,2.2,228,49;
4228,2838,241,21.1,62.7,16.1,1203,2.3,1302,235;
4229,1111,192,22.3,63.4,14.3,451,2.4,297,88;
4230,1233,270,23.7,60.3,16.0,478,2.6,233,79;
4231,1336,243,21.8,66.0,12.2,566,2.3,207,78;
4232,217,66,23.0,65.9,11.1,82,2.6,65,X;
4233,368,137,23.6,65.2,11.1,136,2.7,106,X;
4234,3549,263,22.5,64.3,13.1,1357,2.5,1592,263;
4235,1176,213,20.7,66.8,12.5,500,2.3,331,106;
4236,7811,633,21.3,60.6,18.1,3299,2.3,5369,662;
4237,1536,286,25.1,63.7,11.2,588,2.6,377,88;
4238,858,191,18.8,66.6,14.7,373,2.3,179,68;
4239,4259,210,23.5,62.0,14.6,1675,2.5,2366,398;
4240,2933,646,21.5,63.0,15.5,1223,2.4,650,153;
4251,783,111,19.0,61.6,19.4,324,2.4,158,67;
4252,5554,1133,19.8,61.6,18.6,2417,2.3,5346,X;
4253,3914,355,21.5,58.6,19.9,1605,2.4,779,216;
4254,11043,587,21.1,62.0,16.9,4623,2.4,4048,598;
4255,1467,467,17.6,66.5,16.0,666,2.2,259,73;
4256,1074,214,18.4,64.5,17.0,462,2.3,163,62;
4257,358,78,14.2,57.5,28.2,159,2.3,X,X;
4258,13532,845,17.9,62.9,19.2,6362,2.1,7996,948;
4259,808,115,17.7,66.0,16.3,360,2.2,176,66;
4260,3198,1130,18.9,63.9,17.2,1398,2.2,3553,X;
4261,1953,429,18.5,62.9,18.6,853,2.3,890,135;
4262,1066,150,20.6,57.3,22.0,420,2.5,220,75;
4263,2310,203,20.4,61.5,18.1,983,2.3,577,171;
4264,860,103,19.5,62.6,17.9,351,2.4,242,75;
4271,8197,1859,21.1,64.7,14.2,3577,2.2,3318,397;
4273,790,155,19.2,60.4,20.4,329,2.4,168,69;
4274,3954,289,21.1,62.2,16.7,1666,2.3,687,217;
4275,863,198,20.7,60.3,19.0,382,2.2,274,62;
4276,4476,503,22.5,61.0,16.4,1856,2.4,1501,290;
4277,919,241,20.7,62.0,17.3,374,2.4,366,64;
4279,2985,160,18.8,62.1,19.1,1282,2.3,994,219;
4280,13794,1073,20.4,63.6,16.1,5984,2.3,5337,700;
4281,1545,193,24.5,60.9,14.6,629,2.4,631,145;
4282,9127,770,21.1,61.5,17.4,3820,2.4,4861,563;
4283,3842,641,19.8,62.4,17.9,1685,2.3,1697,258;
4284,1281,143,19.8,65.7,14.6,538,2.3,365,90;
4285,4896,812,19.8,61.2,19.0,2160,2.2,1409,196;
4286,1334,188,17.6,63.0,19.4,598,2.2,359,118;
4287,1955,193,20.6,59.6,19.8,820,2.4,608,121;
4288,166,142,15.7,68.1,16.3,72,2.3,X,X;
4289,11656,1052,18.0,62.4,19.6,5521,2.1,10673,1122;
4301,265,94,17.4,70.6,12.1,105,2.5,44,X;
4302,176,68,14.8,60.8,24.4,74,2.4,67,X;
4303,3952,532,19.2,60.5,20.3,1659,2.3,1605,219;
4304,4059,586,19.6,62.1,18.3,1720,2.3,2129,233;
4305,2530,212,24.2,57.5,18.3,992,2.5,800,171;
4306,506,88,25.7,62.1,12.3,195,2.6,119,40;
4307,888,186,23.0,59.8,17.2,356,2.5,137,50;
4308,434,1356,18.0,65.2,16.8,206,2.1,X,X;
4309,3480,519,19.6,60.9,19.4,1504,2.3,1091,198;
4310,1660,407,19.6,64.0,16.4,703,2.3,613,X;
4311,1325,207,19.8,61.8,18.4,560,2.3,1144,97;
4312,2744,217,24.2,59.5,16.2,1083,2.5,1037,191;
4313,2169,158,18.2,61.4,20.4,924,2.3,1214,200;
4314,224,83,21.9,58.5,19.6,93,2.4,135,X;
4315,971,313,18.9,64.6,16.5,385,2.4,X,X;
4316,726,184,20.2,66.4,13.4,285,2.5,181,X;
4317,333,113,20.4,66.1,13.5,149,2.2,55,X;
4318,1462,177,18.1,58.5,23.4,655,2.2,351,100;
4319,641,116,19.0,66.9,14.0,271,2.3,184,48;
4320,1190,167,21.1,62.9,16.1,512,2.3,449,98;
4322,340,91,20.3,56.5,23.2,141,2.4,157,35;
4323,4343,666,16.5,59.8,23.8,1939,2.2,3162,345;
4401,14633,2439,19.2,60.8,20.0,6875,2.1,6194,828;
4406,694,530,24.6,56.9,18.4,259,2.6,270,43;
4411,4711,256,21.7,61.8,16.6,1823,2.6,1952,395;
4416,1200,197,20.6,66.1,13.3,466,2.5,691,101;
4421,2752,1600,15.9,61.6,22.5,1332,2.0,1140,X;
4426,992,222,22.0,54.8,23.2,411,2.4,495,89;
4431,3068,255,23.9,60.3,15.8,1174,2.6,1483,226;
4436,11165,1279,18.8,60.9,20.3,4976,2.2,5673,679;
4441,1457,538,19.6,65.3,15.2,616,2.4,379,71;
4446,571,135,21.0,62.9,16.1,238,2.4,516,63;
4451,1857,426,19.0,60.7,20.3,802,2.3,378,123;
4461,13538,712,20.8,62.4,16.8,5788,2.3,6030,966;
4471,6017,520,20.6,61.3,18.1,2653,2.2,3355,390;
4476,3750,308,24.1,62.7,13.2,1478,2.5,1292,226;
4486,1953,156,23.6,61.8,14.7,762,2.5,624,177;
4495,586,73,22.0,66.9,11.1,226,2.6,237,66;
4501,3592,328,19.5,64.5,16.0,1554,2.3,1101,228;
4506,3869,424,20.1,62.5,17.4,1658,2.3,2290,267;
4511,2385,195,22.8,61.9,15.3,954,2.5,1301,180;
4536,1837,118,21.1,60.9,18.0,747,2.4,723,145;
4545,3999,397,18.5,61.3,20.2,1807,2.2,1740,273;
4546,1708,110,20.7,62.1,17.2,712,2.4,537,137;
4551,9037,453,20.6,61.0,18.4,3887,2.3,3517,563;
4561,2841,385,21.3,63.5,15.2,1202,2.3,909,159;
4566,25611,936,19.1,62.5,18.4,11773,2.1,20189,2068;
4571,4364,448,22.4,63.2,14.5,1759,2.5,1449,310;
4590,850,73,21.8,63.9,14.4,342,2.5,270,67;
4591,2918,380,21.6,64.7,13.7,1195,2.4,1143,208;
4601,1039,91,18.0,60.2,21.8,433,2.4,391,96;
4606,1204,189,23.8,60.0,16.2,482,2.5,404,77;
4611,1437,92,23.3,59.4,17.3,554,2.6,388,122;
4616,1088,78,18.9,63.1,18.0,449,2.4,417,128;
4621,1346,164,19.1,62.3,18.6,577,2.3,622,89;
4641,2244,333,21.7,61.7,16.6,946,2.4,759,176;
4643,2226,924,19.6,56.9,23.5,991,2.2,902,X;
4646,3455,330,17.7,61.6,20.7,1554,2.2,1112,306;
4651,340,1097,20.3,58.2,21.5,169,2.0,X,X;
4656,1591,167,21.4,58.8,19.8,653,2.4,625,155;
4666,2545,102,21.1,62.7,16.2,1031,2.4,744,239;
4671,22004,1913,17.7,63.8,18.5,10441,2.1,11701,1629;
4681,1291,119,21.8,64.5,13.7,529,2.4,347,130;
4683,1734,195,23.0,63.4,13.7,678,2.5,928,129;
4691,3476,637,19.4,62.8,17.8,1584,2.2,3181,196;
4696,4642,402,21.5,62.7,15.8,1918,2.4,3608,439;
4701,1059,87,19.9,61.7,18.4,441,2.4,432,123;
4711,2552,177,23.1,61.8,15.1,1018,2.5,1267,245;
4716,1247,324,19.5,67.5,13.0,516,2.4,316,84;
4721,2864,234,22.6,61.5,15.9,1178,2.4,979,211;
4723,778,85,23.5,62.3,14.1,304,2.5,252,78;
4724,4372,703,20.1,62.3,17.5,1875,2.3,1586,292;
4726,2792,91,21.9,61.0,17.1,1168,2.4,1463,273;
4741,1215,141,22.0,64.2,13.8,475,2.5,458,95;
4746,5624,720,22.3,62.7,15.0,2338,2.4,2489,338;
4751,2774,1756,18.6,64.8,16.6,1247,2.2,1025,X;
4756,865,79,27.2,59.7,13.2,304,2.8,336,110;
4761,7766,627,19.8,63.7,16.5,3374,2.3,3773,527;
4776,1615,227,22.0,63.8,14.2,675,2.4,611,113;
4781,4720,287,22.4,61.2,16.4,1873,2.5,1797,355;
4786,2521,1120,25.4,60.3,14.3,970,2.6,562,X;
4791,1111,92,26.3,58.1,15.7,417,2.6,407,126;
4801,890,249,14.6,56.4,29.0,437,2.0,334,X;
4806,1743,145,20.2,59.7,20.1,725,2.4,587,149;
4811,1079,79,20.7,63.6,15.8,454,2.4,343,85;
4816,1543,64,23.4,57.8,18.8,599,2.6,824,189;
4821,1729,98,23.4,59.6,17.0,694,2.5,756,155;
4826,654,120,21.4,60.4,18.2,284,2.3,461,57;
4831,2991,342,20.2,63.5,16.3,1267,2.3,1152,209;
4841,2016,153,22.2,63.1,14.6,831,2.4,770,167;
4846,415,54,19.0,63.1,17.8,178,2.3,169,56;
4851,1323,202,16.4,62.9,20.7,615,2.1,496,140;
4864,3753,428,17.9,58.5,23.7,1773,2.1,1466,274;
4871,1694,143,20.9,61.2,17.9,745,2.2,376,113;
4881,1346,93,18.4,64.4,17.2,565,2.4,532,133;
4891,3410,260,23.8,60.7,15.5,1359,2.5,1684,258;
4901,1320,107,21.7,61.9,16.4,519,2.5,350,118;
4911,3842,328,19.3,64.8,16.0,1678,2.3,1499,259;
4921,2343,124,22.4,62.4,15.2,923,2.5,2776,184;
4941,2898,291,22.1,63.0,14.9,1216,2.4,1141,219;
4946,11534,745,19.1,61.4,19.5,5212,2.2,9437,1018;
4951,2457,143,22.2,62.5,15.3,1012,2.4,1012,181;
5001,5103,239,18.9,62.9,18.3,2301,2.2,2723,373;
5002,43220,263,19.5,59.8,20.7,19449,2.2,24987,3520;
5003,2952,352,21.6,65.5,12.9,1226,2.4,1646,309;
5009,398,31,17.1,55.8,27.1,178,2.2,181,X;
5010,1513,150,20.7,60.5,18.8,667,2.2,340,80;
5017,2525,385,19.0,63.4,17.7,1079,2.3,2392,265;
5048,1808,29,17.0,56.7,26.2,838,2.1,808,191;
5049,1803,9,16.2,56.5,27.3,845,2.1,580,177;
5050,2071,21,18.6,56.6,24.7,941,2.2,628,179;
5061,1501,16,16.3,57.8,26.0,732,2.0,944,153;
5063,110,1,6.4,66.4,27.3,58,1.8,X,X;
5064,992,153,18.5,60.4,21.1,473,2.1,473,X;
5071,182,13,11.5,56.6,31.9,82,2.1,45,X;
5072,2903,22,15.1,57.8,27.1,1364,2.1,1164,253;
5073,858,44,16.4,57.5,26.1,404,2.1,338,67;
5076,335,9,15.2,59.7,25.1,152,2.2,119,25;
5077,800,134,16.9,63.6,19.5,347,2.3,266,50;
5078,406,24,16.5,58.4,25.1,186,2.1,132,X;
5079,1026,14,17.7,53.6,28.7,458,2.2,655,117;
5091,5481,1107,14.4,54.5,31.1,2876,1.9,3033,666;
5095,177,4,11.3,53.1,35.6,81,2.1,75,X;
5096,485,127,10.7,54.4,34.8,237,2.0,X,X;
5097,1737,97,11.2,51.5,37.2,917,1.8,1277,194;
5102,11,1,0.0,18.2,81.8,10,1.1,X,X;
5105,112,4,13.4,58.0,28.6,53,2.1,28,X;
5108,4698,676,19.0,58.9,22.1,2062,2.2,1576,339;
5112,1303,22,23.4,60.5,16.1,550,2.3,840,148;
5113,15826,847,16.6,58.7,24.7,7868,2.0,13128,1881;
5115,6701,724,18.2,58.6,23.2,3117,2.1,3036,555;
5117,213,18,13.6,57.7,28.6,105,2.0,X,X;
5118,7302,1246,15.7,56.1,28.2,3623,2.0,1810,X;
5120,2682,4546,11.6,53.8,34.6,1458,1.8,1538,X;
5121,727,375,8.8,52.4,38.8,407,1.7,X,X;
5125,587,117,7.0,55.9,37.1,327,1.7,X,X;
5129,86,2,18.6,51.2,30.2,46,1.9,X,X;
5131,3194,866,20.1,56.7,23.3,1479,2.1,1227,235;
5135,282,12,12.1,56.7,31.2,144,1.9,45,X;
5136,682,6,10.3,53.1,36.7,348,1.9,245,95;
5138,2861,80,21.1,58.8,20.1,1208,2.4,436,181;
5141,4445,1785,18.2,60.2,21.5,2070,2.1,2772,X;
5143,374,144,23.0,59.4,17.6,150,2.5,X,X;
5144,982,116,16.9,61.4,21.7,427,2.3,251,90;
5146,308,81,15.3,58.4,26.3,157,2.0,52,X;
5148,1551,829,22.8,59.1,18.2,610,2.5,X,X;
5149,625,243,17.3,62.1,20.6,268,2.3,148,X;
5151,2626,410,17.4,63.4,19.1,1173,2.2,X,X;
5154,924,499,14.8,64.1,21.1,457,2.0,X,X;
5160,470,114,12.8,57.2,30.0,236,2.0,X,X;
5161,775,196,19.6,59.6,20.8,347,2.2,140,X;
5162,1530,2013,18.8,64.1,17.1,621,2.4,X,X;
5167,2249,1757,19.6,60.3,20.1,1000,2.2,X,X;
5171,4356,1561,19.4,55.3,25.3,1948,2.2,1510,X;
5176,2035,988,22.3,55.4,22.3,854,2.3,910,X;
5178,849,193,18.1,55.6,26.3,402,2.1,909,87;
5180,1385,1307,19.6,58.6,21.9,617,2.2,339,X;
5181,559,203,17.4,64.0,18.6,261,2.1,116,X;
5186,492,807,16.9,66.5,16.7,209,2.3,X,X;
5187,1386,1952,19.4,59.8,20.8,596,2.3,X,X;
5189,1741,936,18.7,62.7,18.6,786,2.2,1793,249;
5192,63185,833,17.5,60.4,22.2,30755,2.0,56789,10090;
5193,1620,1473,18.0,56.4,25.7,724,2.2,518,126;
5194,1324,559,19.9,59.6,20.5,544,2.4,5826,X;
5195,686,693,16.2,60.8,23.0,346,2.0,X,X;
5196,6226,8414,17.5,60.9,21.6,3032,2.0,X,X;
5197,1439,316,20.2,62.9,17.0,640,2.2,525,X;
5198,1802,1086,16.0,60.7,23.3,882,2.0,X,X;
5199,1371,123,22.6,61.4,16.0,554,2.5,2913,226;
5200,319,63,24.1,56.4,19.4,134,2.4,53,X;
5202,870,259,16.2,56.3,27.5,390,2.2,718,93;
5203,723,259,12.0,60.4,27.5,393,1.8,X,X;
5205,819,528,16.8,59.1,24.1,361,2.2,995,102;
5206,329,370,17.3,63.2,19.5,137,2.4,X,X;
5207,852,196,19.1,59.3,21.6,379,2.2,354,80;
5208,1458,701,22.6,59.1,18.4,583,2.5,209,X;
5210,4247,4772,16.4,62.2,21.4,2220,1.8,X,X;
5212,1902,308,23.2,58.2,18.6,777,2.4,205,X;
5213,800,1951,14.0,60.3,25.8,417,1.9,X,X;
5214,1579,1012,19.3,60.9,19.8,689,2.3,X,X;
5216,1341,441,19.2,59.2,21.6,589,2.3,X,X;
5219,839,150,16.7,61.5,21.8,379,2.2,96,X;
5221,2213,2951,20.5,57.7,21.8,977,2.2,X,X;
5222,687,239,17.2,56.3,26.5,326,2.1,115,58;
5225,1774,2087,22.5,56.8,20.6,701,2.3,X,X;
5226,6707,184,20.4,59.2,20.5,2852,2.3,1546,472;
5227,3087,588,20.6,59.8,19.6,1275,2.4,1554,307;
5230,592,392,19.4,63.9,16.7,274,2.1,X,X;
5231,1914,1377,20.0,59.2,20.8,846,2.3,1090,X;
5233,405,206,19.3,59.5,21.2,191,2.1,X,X;
5236,4895,797,23.0,55.5,21.4,2020,2.3,2273,369;
5237,1405,64,19.1,59.2,21.6,615,2.3,178,100;
5238,4520,125,19.7,62.7,17.6,1951,2.3,2575,407;
5242,3267,1291,16.8,58.4,24.8,1561,2.1,X,X;
5249,2159,182,19.1,57.1,23.8,957,2.2,1423,183;
5250,7979,1491,15.9,57.5,26.6,4143,1.9,10472,2012;
5251,2939,1195,16.2,59.0,24.8,1305,2.2,928,171;
5254,14942,470,17.4,59.0,23.6,6932,2.1,16325,1998;
5257,4576,2025,18.9,58.0,23.1,2037,2.2,1690,X;
5260,2380,455,16.7,58.0,25.3,1031,2.3,2025,249;
5263,2646,437,18.0,60.1,21.9,1180,2.2,934,245;
5266,4591,747,20.8,60.1,19.1,1902,2.4,6033,546;
5268,3398,2072,17.7,58.7,23.6,1547,2.2,X,X;
5269,1988,78,17.0,59.0,24.1,898,2.2,283,121;
5281,6115,103,19.1,57.4,23.5,2665,2.3,3047,528;
5287,4220,49,20.1,61.4,18.5,1774,2.4,1360,254;
5304,46,2,8.7,60.9,30.4,25,1.8,67,X;
5307,53,1,3.8,60.4,35.8,33,1.5,34,X;
5309,45,2,13.3,53.3,33.3,26,1.7,25,X;
5310,1159,8,16.7,58.1,25.2,538,2.1,623,140;
5315,48,7,2.1,72.9,25.0,29,1.7,X,X;
5317,2592,23,19.2,58.2,22.6,1156,2.2,681,224;
5323,509,3,15.1,56.2,28.7,231,2.2,230,74;
5324,1518,56,21.6,58.8,19.6,611,2.4,437,119;
5396,2589,223,19.1,58.3,22.6,1119,2.3,623,242;
5397,1147,21,13.2,57.3,29.6,563,2.0,402,133;
5398,5192,100,17.4,59.1,23.5,2384,2.2,2235,552;
5401,10119,617,22.5,60.3,17.3,4406,2.3,6055,859;
5402,7771,80,23.5,58.2,18.2,3370,2.2,2591,546;
5403,426,120,20.0,64.8,15.3,178,2.3,X,X;
5404,438,20,17.8,50.5,31.7,205,2.1,102,X;
5405,1332,88,19.7,58.5,21.8,649,2.0,372,135;
5406,946,67,21.6,59.4,19.0,458,2.1,336,X;
5407,3970,214,24.4,62.3,13.2,1304,2.0,1433,220;
5408,1118,108,25.2,61.3,13.5,417,2.7,697,103;
5409,7463,125,26.5,55.3,18.2,3058,2.2,2653,533;
5410,1120,17,17.9,60.9,21.2,566,2.0,403,118;
5411,1448,24,16.2,56.4,27.5,693,2.1,752,221;
5412,825,377,23.6,62.1,14.3,339,2.4,667,X;
5413,1776,275,26.5,60.4,13.2,731,2.4,597,90;
5414,5773,181,22.3,60.9,16.8,2504,2.3,2899,386;
5415,1064,87,20.3,62.0,17.7,462,2.3,464,114;
5421,1468,114,24.5,56.2,19.3,575,2.5,499,119;
5422,3241,346,22.4,61.5,16.1,1363,2.4,3433,367;
5423,537,64,24.2,59.2,16.6,215,2.5,290,33;
5424,305,32,25.2,62.3,12.5,111,2.7,44,24;
5425,1590,63,22.2,60.3,17.5,678,2.3,538,104;
5426,488,276,23.2,57.2,19.7,194,2.5,X,X;
5427,861,319,24.9,59.0,16.1,340,2.5,229,X;
5428,2190,116,24.0,58.6,17.4,879,2.4,625,123;
5429,478,51,21.3,60.9,17.8,197,2.4,X,X;
5430,463,39,24.2,61.8,14.0,181,2.5,87,39;
5431,283,26,19.1,64.3,16.6,114,2.5,X,X;
5432,534,108,24.5,64.2,11.2,198,2.5,159,41;
5434,1032,84,24.2,59.1,16.7,409,2.5,213,74;
5435,689,85,22.8,63.3,13.9,299,2.3,111,X;
5436,446,146,29.1,61.0,9.9,155,2.7,44,X;
5437,418,113,30.4,61.0,8.6,148,2.8,41,X;
5451,4294,221,22.1,61.9,16.0,1791,2.3,2621,335;
5456,1633,105,23.8,61.4,14.9,685,2.4,342,126;
5458,904,260,20.5,66.4,13.2,410,2.2,163,61;
5464,3151,151,20.5,60.4,19.1,1385,2.3,630,209;
5471,590,158,25.6,68.1,6.3,231,2.5,82,35;
5472,402,103,27.6,57.5,14.9,160,2.5,58,33;
5473,969,307,24.4,63.3,12.4,355,2.7,136,51;
5474,410,61,24.6,58.3,17.1,164,2.5,86,42;
5475,142,54,19.0,67.6,13.4,56,2.5,X,X;
5476,314,81,25.8,62.1,12.1,136,2.3,X,X;
5477,3876,468,22.8,64.0,13.2,1678,2.3,1394,264;
5478,486,207,25.5,57.6,16.9,182,2.7,100,X;
5479,478,67,23.4,62.1,14.4,192,2.5,136,43;
5480,1027,186,24.9,63.9,11.2,413,2.5,759,62;
5481,222,73,25.7,62.6,11.7,83,2.7,65,23;
5482,1213,209,23.2,63.1,13.7,488,2.5,1427,85;
5483,309,98,25.9,61.2,12.9,116,2.6,51,X;
5484,941,173,21.9,62.5,15.6,402,2.3,223,70;
5485,398,70,23.9,61.8,14.3,156,2.5,93,36;
5486,1001,62,20.8,59.7,19.5,420,2.4,310,98;
5487,462,124,20.1,67.5,12.3,204,2.3,47,28;
5488,59,118,16.9,69.5,13.6,24,2.4,X,X;
5489,725,256,21.0,61.8,17.2,305,2.4,1705,X;
5490,310,47,23.5,58.7,17.7,123,2.5,X,X;
5491,465,23,23.2,58.1,18.7,183,2.5,75,38;
5492,949,36,20.3,63.1,16.5,408,2.3,266,93;
5493,368,66,23.4,60.6,16.0,140,2.5,102,25;
5494,1114,100,24.3,62.6,13.1,444,2.5,322,86;
5495,3283,848,22.2,61.8,16.0,1414,2.3,1116,190;
5496,1749,455,23.2,61.6,15.2,713,2.4,690,113;
5497,847,191,26.0,58.3,15.7,331,2.4,587,76;
5498,2595,337,23.9,62.7,13.4,1088,2.4,565,199;
5499,488,123,25.6,57.2,17.2,180,2.6,107,X;
5500,225,95,17.8,68.4,13.8,95,2.4,71,X;
5501,1036,265,21.7,61.8,16.5,404,2.6,92,49;
5503,1299,241,23.8,59.2,17.0,508,2.5,379,91;
5511,1077,202,24.4,60.1,15.5,428,2.5,434,91;
5512,1238,290,24.8,60.1,15.1,493,2.5,438,72;
5513,512,164,19.5,70.3,10.2,198,2.5,676,X;
5514,1297,189,24.5,63.1,12.3,513,2.5,244,79;
5515,841,293,23.2,65.9,10.9,368,2.3,137,X;
5516,2739,941,25.3,59.5,15.2,1050,2.6,1063,202;
5518,5740,862,24.2,60.5,15.4,2312,2.5,2552,480;
5520,1023,105,26.9,59.1,14.0,399,2.6,180,67;
5521,1116,295,24.9,61.8,13.3,462,2.4,652,83;
5522,735,100,27.6,59.3,13.1,255,2.9,196,51;
5523,2579,364,25.9,60.7,13.3,1038,2.5,256,125;
5527,1078,294,24.7,56.1,19.2,418,2.6,127,58;
5529,616,105,25.2,60.2,14.6,237,2.6,191,49;
5530,560,97,26.3,62.0,11.8,207,2.7,178,40;
5531,422,74,24.6,63.3,12.1,160,2.6,107,33;
5533,847,169,24.2,62.9,12.9,313,2.7,341,64;
5534,254,127,29.9,55.5,14.6,96,2.6,87,16;
5535,781,190,21.6,65.3,13.1,291,2.5,311,49;
5537,1212,171,26.1,60.7,13.2,471,2.6,148,71;
5539,1004,112,29.4,59.8,10.9,341,2.9,156,77;
5540,1780,150,23.6,63.0,13.4,735,2.4,254,112;
5541,1119,105,28.5,55.9,15.6,391,2.7,304,71;
5551,505,67,22.4,58.2,19.4,204,2.4,123,35;
5552,655,39,16.9,54.2,28.9,310,2.1,198,56;
5553,1035,264,25.1,63.6,11.3,408,2.5,439,68;
5554,995,88,23.7,58.5,17.8,436,2.3,188,75;
5555,403,99,23.6,61.3,15.1,164,2.4,X,X;
5556,448,66,27.0,58.3,14.7,173,2.6,44,X;
5557,218,28,26.6,61.9,11.5,82,2.7,24,X;
5559,410,86,20.2,60.7,19.0,167,2.4,99,38;
5560,238,69,22.7,60.9,16.4,92,2.6,X,X;
5561,3357,428,21.2,62.1,16.7,1434,2.3,1482,218;
5562,122,22,13.9,56.6,29.5,59,2.1,X,X;
5563,158,49,26.6,58.9,14.6,56,2.8,37,X;
5564,101,49,22.8,56.4,20.8,42,2.4,X,X;
5565,493,96,22.3,59.4,18.3,202,2.4,117,41;
5566,373,12,14.5,61.7,23.9,169,2.1,132,43;
5568,4863,123,19.4,56.2,24.4,2429,2.0,1649,348;
5571,876,61,23.1,57.3,19.6,360,2.4,128,49;
5581,3724,1405,23.5,62.4,14.0,1494,2.5,481,X;
5582,4343,948,22.2,62.4,15.4,1813,2.4,2160,234;
5583,7930,1442,23.4,63.3,13.3,3132,2.4,9147,748;
5584,9611,2098,23.3,60.0,16.7,4051,2.4,3087,X;
5585,1470,762,23.1,56.7,20.2,529,2.8,X,X;
5586,139111,3362,19.6,65.7,14.7,68940,2.0,122100,12706;
5587,8523,870,24.1,60.8,15.1,3322,2.5,8344,745;
5588,1504,3069,17.1,60.8,22.1,716,2.1,X,X;
5589,12399,5636,19.7,62.0,18.3,6115,2.0,X,X;
5590,18313,3120,19.8,57.3,22.9,8445,2.1,5867,1119;
5591,20927,7094,21.2,64.3,14.5,9322,2.2,13628,X;
5592,3309,1149,21.2,60.3,18.5,1446,2.3,1461,X;
5601,2239,1041,20.6,56.4,23.0,1002,2.2,837,179;
5604,2078,112,22.4,61.3,16.3,875,2.4,960,181;
5606,10290,1216,19.3,58.1,22.7,4478,2.2,2922,765;
5607,2880,126,23.8,63.2,13.0,1177,2.4,1876,292;
5609,358,1155,19.8,60.1,20.1,154,2.3,X,X;
5610,392,440,25.5,57.9,16.6,170,2.3,X,X;
5611,3357,210,21.6,59.8,18.6,1379,2.4,1506,274;
5613,5369,557,19.6,59.5,20.9,2337,2.3,1855,460;
5621,535,137,22.6,63.4,14.0,205,2.6,1598,97;
5622,548,188,27.0,56.6,16.4,189,2.9,375,51;
5623,651,310,20.9,56.8,22.3,259,2.5,X,X;
5624,8736,1816,21.8,64.0,14.2,3718,2.3,6474,X;
5625,375,122,22.1,60.0,17.9,150,2.5,X,X;
5627,7727,4683,24.6,63.8,11.6,3234,2.4,X,X;
5628,359,403,27.3,59.3,13.4,126,2.8,65,X;
5629,190,186,21.6,64.7,13.7,85,2.2,X,X;
5631,747,226,21.3,61.7,17.0,286,2.6,108,X;
5632,1611,970,22.3,65.5,12.2,668,2.4,919,X;
5633,2791,719,19.8,60.8,19.4,1233,2.2,1506,205;
5634,3058,230,23.8,58.9,17.3,1122,2.6,817,149;
5635,12863,2249,21.4,63.8,14.8,5188,2.3,16406,848;
5636,2898,589,22.7,63.9,13.3,1074,2.6,2858,292;
5637,999,250,25.2,60.8,14.0,350,2.7,845,68;
5638,2592,697,22.0,58.3,19.7,1062,2.4,1750,281;
5639,786,383,25.6,58.5,15.9,293,2.7,222,74;
5640,686,293,23.9,54.8,21.3,253,2.6,215,X;
5642,15708,4101,18.4,61.1,20.5,7441,2.1,10501,1344;
5643,5287,2827,22.7,59.8,17.5,2279,2.3,1478,X;
5644,398,337,26.4,63.6,10.1,146,2.7,77,39;
5645,458,260,19.0,63.8,17.2,178,2.6,473,X;
5646,5682,1026,23.3,61.8,14.9,2447,2.3,2824,328;
5648,4668,2510,22.3,60.3,17.4,2135,2.1,X,X;
5649,1933,1216,23.3,62.2,14.5,819,2.3,X,X;
5650,184,88,28.3,52.7,19.0,57,3.2,X,X;
5651,962,583,21.0,63.6,15.4,370,2.6,1107,X;
5652,608,200,21.9,65.1,13.0,240,2.5,98,X;
5653,885,414,25.3,60.1,14.6,315,2.8,178,X;
5654,508,74,21.7,62.0,16.3,214,2.4,140,44;
5655,1430,150,25.5,57.8,16.8,560,2.5,398,89;
5661,384,112,24.5,59.1,16.4,148,2.6,73,X;
5663,214,69,20.6,57.0,22.4,90,2.4,31,X;
5665,215,42,24.7,53.5,21.9,83,2.6,61,X;
5669,313,63,19.2,63.3,17.6,134,2.3,55,29;
5671,239,74,12.6,69.0,18.4,98,2.4,71,27;
5673,364,76,22.5,59.6,17.9,139,2.5,61,X;
5674,146,42,17.8,61.0,21.2,63,2.3,X,X;
5675,4204,218,24.6,60.3,15.1,1739,2.4,1151,218;
5678,6135,392,26.0,60.7,13.3,2376,2.5,2586,415;
5680,298,88,29.5,57.0,13.4,120,2.5,77,25;
5683,184,100,25.0,52.7,22.3,85,2.2,32,X;
5684,65,60,24.6,55.4,20.0,26,2.5,X,X;
5688,159,63,23.3,61.6,15.1,65,2.4,31,X;
5690,132,32,17.4,61.4,21.2,58,2.3,X,X;
5692,576,176,22.7,62.0,15.3,238,2.4,176,X;
5693,2683,80,24.9,60.3,14.7,1109,2.4,688,215;
5701,235,115,27.2,62.6,10.2,87,2.7,X,X;
5702,2698,52,23.9,63.1,13.0,1043,2.6,380,158;
5703,1344,65,26.2,61.2,12.6,513,2.6,221,76;
5704,1952,408,22.7,59.0,18.3,827,2.3,490,129;
5705,888,362,27.3,58.6,14.2,310,2.8,X,X;
5706,1132,569,25.8,59.8,14.4,440,2.6,105,X;
5707,1285,449,25.8,59.4,14.8,468,2.7,1201,148;
5708,982,463,32.8,57.5,9.7,314,3.1,X,X;
5709,1222,116,19.3,64.3,16.4,512,2.4,189,X;
5710,497,171,22.5,60.6,16.9,202,2.5,322,X;
5711,2874,440,27.8,55.6,16.6,996,2.9,275,133;
5712,3146,1682,25.8,55.9,18.2,1238,2.5,X,X;
5713,2185,507,25.9,56.3,17.8,821,2.6,269,109;
5714,1177,580,28.4,58.8,12.8,448,2.6,389,74;
5715,1080,263,22.8,62.6,14.6,423,2.6,329,86;
5716,1608,676,26.4,61.3,12.3,637,2.5,1440,170;
5717,3775,788,28.8,58.0,13.2,1340,2.8,888,166;
5718,1958,403,23.8,57.8,18.4,707,2.7,1044,X;
5719,1221,97,23.3,58.0,18.7,496,2.5,316,101;
5720,1026,259,23.3,59.6,17.2,383,2.7,151,63;
5721,13109,1576,24.1,64.4,11.5,5424,2.4,6376,1011;
5722,389,153,26.0,56.8,17.2,139,2.8,135,32;
5723,2078,602,28.1,57.1,14.8,706,2.9,906,147;
5724,21198,3117,21.3,63.1,15.7,9563,2.2,16402,2222;
5725,4038,665,23.6,58.9,17.5,1576,2.6,1882,171;
5726,1167,70,26.0,62.0,12.1,432,2.7,218,76;
5727,2575,106,20.4,63.6,16.0,1206,2.1,389,X;
5728,594,306,26.4,56.9,16.7,221,2.7,646,83;
5729,1573,869,26.4,56.5,17.1,570,2.7,181,X;
5730,1401,243,24.8,60.5,14.7,497,2.8,190,81;
5731,1310,421,26.9,59.2,13.8,479,2.7,221,78;
5732,1036,668,24.2,63.6,12.2,422,2.5,688,X;
5741,248,43,23.4,56.5,20.2,98,2.5,35,X;
5742,326,60,23.9,62.3,13.8,133,2.4,69,X;
5743,630,83,21.3,59.7,19.0,265,2.4,178,49;
5744,1064,117,22.6,54.7,22.7,441,2.3,1095,64;
5745,1027,46,19.8,62.3,17.9,454,2.3,356,86;
5746,941,101,23.5,65.7,10.8,389,2.4,198,54;
5747,196,47,19.4,68.4,12.2,80,2.5,67,24;
5748,264,48,24.2,58.0,17.8,103,2.6,56,21;
5749,5000,259,24.5,63.2,12.3,2068,2.4,1493,268;
5750,185,26,21.1,58.4,20.5,79,2.3,33,X;
5752,406,91,19.5,56.2,24.4,177,2.2,110,X;
5754,308,33,16.9,63.0,20.1,141,2.2,63,X;
5755,419,39,21.5,62.8,15.8,165,2.5,87,35;
5756,488,159,24.4,61.7,13.9,194,2.5,119,31;
5757,6938,576,23.3,61.3,15.4,3048,2.3,4775,460;
5758,165,32,17.0,63.6,19.4,70,2.3,28,X;
5759,214,35,19.2,57.0,23.8,94,2.3,44,22;
5760,481,49,24.7,56.3,18.9,183,2.6,90,40;
5761,539,77,21.5,60.3,18.2,239,2.2,174,50;
5762,146,100,24.7,64.4,11.0,53,2.8,35,X;
5763,621,98,25.8,60.5,13.7,235,2.6,170,47;
5764,3837,165,22.1,60.3,17.6,1766,2.2,1503,223;
5765,467,36,19.7,60.6,19.7,215,2.2,174,53;
5766,589,116,25.0,64.9,10.2,234,2.5,201,48;
5785,442,56,19.9,61.5,18.6,198,2.2,75,31;
5788,374,225,21.9,63.1,15.0,162,2.3,71,X;
5790,491,112,23.8,62.9,13.2,211,2.3,118,X;
5792,642,156,24.0,66.4,9.7,260,2.5,124,X;
5798,495,103,23.0,64.6,12.3,195,2.5,114,52;
5799,1944,308,22.7,62.3,14.9,767,2.5,568,137;
5803,594,90,24.7,62.6,12.6,236,2.5,92,43;
5804,1584,90,23.7,61.9,14.4,640,2.5,330,96;
5805,5501,223,24.5,60.1,15.5,2275,2.4,2372,426;
5806,2873,259,25.1,59.3,15.5,1187,2.4,800,213;
5812,122,40,27.0,54.9,18.0,49,2.5,X,X;
5813,481,141,19.8,62.6,17.7,199,2.4,102,X;
5816,2480,205,24.7,60.6,14.7,1002,2.5,709,156;
5817,929,91,24.4,58.0,17.5,372,2.5,212,70;
5819,346,133,23.7,60.1,16.2,148,2.3,301,X;
5821,371,119,22.1,58.8,19.1,150,2.5,78,X;
5822,9949,411,23.4,60.2,16.4,4333,2.3,6998,783;
5827,267,70,27.0,58.8,14.2,106,2.5,80,X;
5828,120,39,23.3,55.8,20.8,45,2.6,X,X;
5830,446,58,21.3,59.4,19.3,188,2.4,110,40;
5831,3175,95,22.7,59.7,17.6,1302,2.4,1273,266;
5841,3461,30,20.0,55.6,24.4,1555,2.2,1692,398;
5842,546,23,22.3,56.2,21.4,217,2.4,150,59;
5843,882,18,17.5,54.8,27.8,446,2.0,356,101;
5851,442,170,20.4,61.1,18.6,177,2.5,392,67;
5852,471,265,24.4,59.4,16.1,176,2.7,103,X;
5853,755,224,24.4,58.0,17.6,312,2.4,397,56;
5854,391,69,27.4,55.8,16.9,137,2.7,116,32;
5855,633,384,24.2,61.0,14.8,230,2.7,X,X;
5856,721,104,27.0,60.1,12.9,265,2.7,113,48;
5857,1322,170,22.7,64.1,13.2,561,2.4,317,82;
5858,611,229,21.9,66.3,11.8,256,2.4,196,54;
5859,2654,688,24.7,59.9,15.4,994,2.6,433,124;
5860,1536,528,24.7,60.4,14.9,623,2.5,403,114;
5861,6259,2284,27.2,57.9,14.9,2496,2.3,4444,563;
5862,248,228,26.6,58.9,14.5,95,2.6,89,X;
5863,358,325,22.1,63.1,14.8,143,2.5,117,35;
5871,1476,46,20.3,57.7,22.0,676,2.2,1349,113;
5872,4586,46,20.6,56.9,22.5,2130,2.1,5310,375;
5873,874,27,19.3,57.6,23.1,407,2.1,609,79;
5881,6173,384,23.5,55.8,20.7,2534,2.4,1805,334;
5882,2944,286,17.7,60.8,21.5,1333,2.1,695,190;
5883,2282,2133,17.3,56.0,26.7,1034,2.2,438,X;
5884,3391,503,19.7,60.8,19.5,1561,2.2,1638,192;
5885,1534,710,21.9,57.0,21.1,626,2.4,213,64;
5886,25984,778,19.9,60.2,19.9,12013,2.0,12646,1972;
5888,5184,342,25.0,56.8,18.2,1985,2.6,2590,319;
5889,11828,3628,21.0,57.8,21.2,5576,2.1,3727,590;
5890,19891,8288,20.4,64.9,14.7,9505,2.1,14588,X;
5891,880,130,15.8,62.7,21.5,493,1.8,233,X;
5902,384,59,25.3,62.0,12.8,142,2.7,73,34;
5903,226,53,21.2,56.2,22.6,90,2.5,40,17;
5904,542,190,16.6,67.9,15.5,229,2.4,X,X;
5905,685,76,25.0,61.0,14.0,247,2.8,365,60;
5907,308,77,21.4,60.7,17.9,138,2.2,54,27;
5908,140,66,19.3,64.3,16.4,53,2.6,45,X;
5909,718,122,24.9,55.3,19.8,260,2.7,X,X;
5910,385,59,22.3,59.7,17.9,160,2.4,62,X;
5911,243,53,20.6,65.0,14.4,88,2.7,68,30;
5912,141,33,16.3,68.8,14.9,64,2.2,60,X;
5913,808,90,24.5,60.6,14.9,322,2.5,162,65;
5914,358,74,22.6,62.3,15.1,149,2.4,69,31;
5919,612,93,24.2,63.1,12.7,211,2.9,157,48;
5921,236,43,22.0,57.6,20.3,92,2.6,103,27;
5922,737,209,23.9,59.2,17.0,267,2.7,1655,155;
5923,197,55,21.3,64.5,14.2,74,2.7,193,X;
5924,333,83,26.4,62.5,11.1,138,2.4,122,25;
5925,196,47,17.3,59.2,23.5,89,2.2,69,21;
5926,781,139,28.2,58.8,13.1,290,2.7,202,55;
5928,179,56,29.1,55.9,15.1,68,2.6,X,X;
5929,599,90,26.9,63.1,10.0,227,2.6,111,37;
5930,212,51,22.6,54.7,22.6,90,2.4,41,X;
5931,477,229,22.9,62.9,14.3,185,2.6,79,X;
5932,230,68,22.6,58.7,18.7,93,2.5,X,X;
5933,708,311,20.8,61.2,18.1,294,2.4,111,35;
5934,233,81,21.5,56.2,22.3,91,2.5,45,X;
5935,100,116,18.0,70.0,12.0,35,2.9,X,X;
5937,131,43,28.2,60.3,11.5,48,2.7,X,X;
5938,30157,2227,21.8,60.7,17.4,13528,2.2,19219,2206;
5939,3427,256,22.1,60.0,17.8,1461,2.3,1012,196;
6002,13058,347,18.1,61.1,20.8,5734,2.2,9585,1131;
6004,335,55,13.1,65.4,21.5,150,2.2,76,X;
6007,10075,68,18.4,60.8,20.7,4503,2.2,2368,570;
6008,2115,44,22.1,60.3,17.6,852,2.5,371,111;
6009,305,3,12.8,63.3,23.9,130,2.3,185,47;
6010,946,51,22.7,59.3,18.0,371,2.5,162,58;
6011,77,1,5.2,77.9,16.9,43,1.8,X,X;
6021,3217,158,23.5,62.3,14.2,1304,2.4,821,188;
6022,3897,120,21.4,58.5,20.1,1694,2.2,1133,300;
6023,8797,104,21.3,59.8,18.8,3719,2.3,3761,735;
6024,6623,77,17.6,61.3,21.2,2917,2.2,2388,556;
6025,6372,611,23.9,62.5,13.6,2498,2.5,1697,351;
6031,8096,28,18.0,60.1,21.9,3790,2.1,5596,1037;
6032,198,2,12.6,61.1,26.3,88,2.1,X,X;
6033,720,12,20.4,57.6,21.9,318,2.2,199,76;
6034,3187,19,22.8,54.7,22.5,1354,2.3,1272,288;
6035,1042,59,19.4,63.2,17.4,487,2.1,638,117;
6036,2018,113,24.7,59.8,15.5,815,2.5,551,148;
6052,378,27,11.9,61.1,27.0,178,2.1,196,46;
6054,142,2,18.3,48.6,33.1,65,2.2,61,X;
6056,492,14,9.1,64.2,26.6,255,1.9,219,67;
6057,921,83,13.0,63.3,23.7,441,2.0,746,131;
6058,318,2,20.1,61.3,18.6,133,2.4,226,X;
6061,309,57,20.4,54.0,25.6,146,2.1,89,30;
6076,664,4,16.4,55.6,28.0,307,2.2,394,94;
6077,1216,9,13.7,59.0,27.3,568,2.1,598,140;
6082,4058,73,19.4,56.3,24.3,1808,2.2,1106,293;
6083,1685,8,15.5,58.2,26.2,850,2.0,597,220;
6084,1392,13,13.0,55.2,31.8,657,2.1,414,106;
6087,825,22,16.0,53.5,30.5,375,2.1,228,58;
6089,1811,139,19.8,59.1,21.1,813,2.2,612,139;
6090,1091,25,13.7,49.5,36.8,566,1.9,197,82;
6101,718,94,15.7,64.5,19.8,295,2.4,182,50;
6102,238,15,10.1,52.9,37.0,120,2.0,101,X;
6104,184,6,12.0,61.4,26.6,83,2.2,49,X;
6109,106,11,12.3,58.5,29.2,60,1.8,X,X;
6110,3949,72,18.6,60.9,20.5,1728,2.3,1667,338;
6111,1368,20,15.1,62.2,22.7,706,1.9,967,171;
6112,122,2,14.8,53.3,32.0,56,2.2,X,X;
6113,1548,136,19.3,58.6,22.1,667,2.3,937,205;
6116,642,50,16.7,54.8,28.5,297,2.1,200,74;
6117,414,40,16.7,59.4,23.9,187,2.2,99,33;
6118,1955,85,17.4,60.2,22.4,871,2.2,736,168;
6119,1111,26,17.6,62.6,19.7,480,2.3,536,114;
6131,894,68,20.7,62.9,16.4,391,2.3,84,46;
6132,1849,244,24.6,63.8,11.7,748,2.4,710,133;
6133,8763,232,22.5,61.9,15.6,3708,2.3,2532,580;
6134,832,55,18.1,55.9,26.0,395,2.1,240,68;
6135,3205,120,17.8,57.1,25.0,1467,2.2,1532,283;
6136,18309,732,20.6,62.5,16.9,8259,2.2,13372,1888;
6137,2315,62,19.5,61.6,19.0,1090,2.1,632,162;
6139,3133,131,20.7,59.6,19.7,1328,2.3,1273,220;
6140,2620,191,22.8,57.8,19.4,1141,2.3,775,169;
6141,5902,254,22.2,63.0,14.8,2545,2.3,1998,399;
6142,161,4,11.8,69.6,18.6,71,2.2,X,X;
6151,1336,34,15.3,55.0,29.7,675,2.0,690,176;
6152,9256,311,23.7,63.7,12.5,3759,2.4,2977,581;
6153,17785,620,20.3,61.5,18.2,7050,2.5,11212,1254;
6154,4108,286,22.1,61.3,16.6,1555,2.3,891,260;
6155,982,68,18.9,55.5,25.6,448,2.1,X,X;
6156,4684,127,20.8,60.9,18.4,2014,2.3,916,323;
6157,1961,50,19.1,58.9,22.0,904,2.2,544,198;
6158,2728,130,20.9,60.9,18.2,1207,2.3,878,158;
6159,4199,125,23.3,60.3,16.3,1709,2.4,1561,245;
6172,33,6,9.1,60.6,30.3,16,2.1,X,X;
6173,974,168,18.6,68.7,12.7,404,2.4,329,61;
6177,424,7,18.9,59.9,21.2,170,2.5,155,47;
6181,452,24,18.6,57.3,24.1,203,2.2,401,X;
6191,626,42,17.3,57.7,25.1,261,2.4,139,54;
6192,290,3,16.9,54.8,28.3,131,2.2,X,X;
6193,730,54,16.8,59.0,24.1,336,2.2,162,55;
6194,444,32,13.1,56.3,30.6,204,2.2,81,29;
6195,253,9,12.3,64.4,23.3,116,2.2,X,X;
6197,325,28,12.9,57.8,29.2,144,2.2,124,X;
6198,710,40,18.7,63.7,17.6,302,2.3,110,42;
6199,1945,64,21.4,57.6,20.9,788,2.5,1096,160;
6201,436,20,17.0,57.6,25.5,193,2.3,139,42;
6202,565,38,23.4,57.0,19.6,227,2.5,215,48;
6203,680,80,17.1,58.1,24.9,309,2.2,360,65;
6204,1591,113,17.8,60.0,22.3,723,2.2,948,123;
6205,462,16,16.2,62.1,21.6,231,2.0,562,90;
6211,798,65,20.8,60.7,18.5,383,2.1,90,37;
6212,969,77,23.5,61.2,15.3,411,2.3,135,51;
6213,1265,26,22.0,62.1,16.0,529,2.3,626,X;
6214,379,17,11.6,63.6,24.8,195,1.9,114,X;
6215,1788,270,23.0,62.7,14.3,734,2.4,334,89;
6217,4572,306,22.0,61.0,17.1,1722,2.6,1944,320;
6218,1395,26,16.9,61.4,21.6,676,2.0,328,X;
6219,1885,337,20.4,61.9,17.7,815,2.3,721,114;
6220,770,54,26.0,58.1,16.0,320,2.4,93,X;
6232,3525,145,20.2,59.6,20.2,1538,2.3,976,242;
6235,1617,821,21.8,60.8,17.4,688,2.3,470,100;
6238,2414,117,20.0,61.8,18.3,1046,2.3,461,156;
6239,581,23,14.5,58.0,27.5,263,2.2,148,55;
6240,4198,300,16.2,55.7,28.2,1933,2.1,1685,369;
6241,1350,527,25.1,58.2,16.7,546,2.5,242,94;
6246,2446,629,21.2,61.2,17.6,999,2.4,613,126;
6248,16801,878,19.6,59.0,21.3,7582,2.2,11361,1482;
6249,1283,513,20.0,55.0,24.9,537,2.4,209,77;
6250,1834,1274,21.2,56.5,22.3,771,2.3,177,74;
6252,2732,11,17.9,58.0,24.0,1326,2.1,1478,334;
6253,10449,175,16.7,59.1,24.3,4499,2.1,4753,848;
6261,1280,67,18.0,58.8,23.2,566,2.2,184,89;
6263,3445,774,23.7,58.3,18.0,1382,2.5,834,214;
6265,7716,109,19.6,59.4,20.9,3383,2.3,1532,510;
6266,34708,996,19.9,60.7,19.4,15772,2.2,34007,3912;
6267,604,530,19.4,58.6,22.0,277,2.1,239,59;
6281,1328,42,24.7,62.4,12.9,515,2.6,200,74;
6282,204,5,11.3,63.2,25.5,89,2.3,32,X;
6283,295,22,14.2,62.7,23.1,115,2.4,X,X;
6285,1251,88,16.9,62.5,20.6,598,2.1,582,139;
6286,649,499,16.0,64.9,19.1,265,2.4,314,36;
6287,435,8,19.1,59.8,21.1,186,2.3,92,31;
6288,370,3,14.6,64.6,20.8,158,2.3,171,X;
6289,347,11,15.6,62.8,21.6,156,2.2,120,31;
6290,1564,39,18.0,66.2,15.8,785,2.0,1525,X;
6291,1000,40,17.3,60.6,22.1,449,2.2,499,124;
6292,2239,25,20.1,60.3,19.6,908,2.4,1222,179;
6293,1086,103,14.5,62.1,23.4,488,2.2,353,79;
6294,537,38,15.5,60.7,23.8,222,2.4,90,42;
6295,1322,23,21.8,67.6,10.6,568,2.3,268,65;
6296,481,27,15.0,64.7,20.4,207,2.3,171,55;
6297,7950,602,18.7,62.8,18.5,3516,2.2,9583,770;
6298,1345,26,19.0,55.3,25.7,563,2.4,484,97;
6299,293,39,20.5,56.0,23.5,119,2.4,X,X;
6300,5758,24,16.7,69.5,13.9,2886,2.0,6867,855;
6404,6154,367,23.1,60.4,16.6,2710,2.2,3785,341;
6407,4757,981,22.3,57.8,19.9,2017,2.3,1596,264;
6408,4729,1285,21.3,58.7,20.0,2131,2.2,1990,279;
6412,5813,1705,21.5,59.9,18.6,2706,2.1,X,X;
6413,1239,48,20.9,60.9,18.2,532,2.3,224,74;
6416,8977,1021,21.1,57.4,21.5,3996,2.2,2528,516;
6417,8852,210,21.2,58.0,20.9,3918,2.2,3011,697;
6421,37952,681,21.0,60.2,18.7,18003,2.1,25696,2794;
6422,210,18,21.9,60.5,17.6,88,2.3,54,X;
6423,1019,40,22.9,54.1,23.1,440,2.3,344,91;
6431,1044,91,19.7,57.2,23.1,483,2.1,647,88;
6432,630,15,20.5,55.7,23.8,288,2.2,315,112;
6433,270,17,27.4,54.4,18.1,104,2.6,122,X;
6434,311,20,24.8,58.5,16.7,119,2.6,121,43;
6435,492,28,27.4,55.1,17.5,187,2.6,101,43;
6436,10216,442,21.5,58.5,20.1,4734,2.1,7660,679;
6437,1248,69,21.5,56.9,21.6,526,2.3,506,137;
6451,1563,330,21.3,61.7,17.0,682,2.3,853,106;
6452,1887,220,21.8,61.2,17.0,795,2.3,1162,101;
6453,272,28,23.5,52.6,23.9,118,2.3,X,X;
6454,2623,1231,18.8,60.0,21.2,1251,2.1,669,143;
6455,4645,452,20.9,57.6,21.5,2091,2.2,1206,293;
6456,968,77,26.1,56.9,16.9,404,2.4,275,87;
6458,33489,1854,18.8,63.6,17.6,16429,2.0,31776,3505;
6459,3212,363,20.8,56.2,23.1,1428,2.2,1317,256;
6461,5000,945,22.4,57.9,19.7,2094,2.4,4530,343;
6485,509,135,24.6,60.9,14.5,197,2.6,143,46;
6487,16990,137,24.4,60.1,15.5,7048,2.4,7013,1105;
6504,442,34,19.9,54.5,25.6,205,2.1,299,58;
6511,669,23,23.3,55.6,21.1,319,2.1,210,75;
6512,10668,86,20.1,57.0,22.9,5003,2.1,5293,893;
6601,1184,404,26.4,60.3,13.3,405,2.9,499,X;
6602,2403,624,24.7,58.2,17.1,748,3.0,392,107;
6603,1757,380,23.6,61.5,15.0,659,2.6,214,90;
6604,1416,274,22.3,61.2,16.5,494,2.9,199,72;
6605,2299,460,21.7,59.3,19.1,862,2.6,507,143;
6606,3300,757,28.2,58.7,13.1,1045,2.9,1220,X;
6607,10234,790,21.8,58.8,19.4,3796,2.6,2576,500;
6608,22458,8318,21.0,65.0,14.1,9440,2.3,24397,2773;
6609,974,222,24.9,58.6,16.4,336,2.9,229,61;
6610,799,171,27.4,56.4,16.1,281,2.8,X,X;
6611,1686,313,30.0,59.5,10.5,544,3.0,132,68;
6612,12215,2950,22.8,55.2,22.0,4557,2.5,X,X;
6613,8708,6803,22.2,61.7,16.1,3508,2.4,2845,X;
6614,1179,302,22.8,57.6,19.6,429,2.7,160,85;
6615,1713,249,26.2,59.4,14.5,568,2.9,193,87;
6616,8204,1341,24.6,56.6,18.7,2723,3.0,4476,679;
6617,5574,1527,22.2,56.1,21.7,2054,2.6,X,X;
6618,4626,1670,25.6,56.3,18.1,1599,2.8,1049,254;
6619,2108,769,22.4,59.2,18.4,736,2.8,340,125;
6620,1864,217,22.9,60.8,16.3,617,2.8,637,83;
6621,201818,12669,17.9,66.2,15.9,89672,2.1,182521,22096;
6622,2782,969,23.2,58.7,18.1,899,3.0,855,X;
6623,12167,2778,25.2,59.7,15.0,4403,2.6,X,X;
6624,477,145,26.0,57.9,16.1,157,3.0,104,41;
6625,1062,738,26.8,54.1,19.0,337,3.0,202,X;
6626,1279,113,23.2,56.2,20.6,426,3.0,363,106;
6627,699,183,20.6,57.7,21.7,233,3.0,119,45;
6628,32851,6887,23.6,60.9,15.5,12898,2.5,19122,X;
6629,2131,307,23.7,56.1,20.2,779,2.7,828,174;
6630,25255,2541,22.8,60.6,16.6,9487,2.6,22091,1773;
6631,18964,6749,21.9,58.6,19.5,7667,2.4,X,X;
6632,3052,1202,22.9,57.8,19.3,1178,2.6,1675,225;
6633,10657,1822,25.8,59.9,14.3,3612,2.9,14918,916;
6634,3881,1198,24.6,58.6,16.8,1219,2.9,745,X;
6635,713,151,21.3,56.2,22.4,228,2.8,196,51;
6636,2468,924,22.2,60.4,17.3,979,2.5,1120,115;
6637,541,110,17.9,66.2,15.9,197,2.7,139,X;
6638,4187,221,27.3,58.6,14.1,1318,3.0,9218,721;
6639,853,290,21.0,58.7,20.3,288,2.8,154,36;
6640,14122,3697,20.9,60.5,18.6,5581,2.5,5856,714;
6641,2501,729,24.0,60.3,15.7,852,2.9,532,122;
6642,2484,562,23.8,57.5,18.8,811,3.0,536,X;
6643,34791,4524,22.3,62.6,15.0,13016,2.6,20019,X;
6644,13432,1279,25.9,58.7,15.4,4752,2.6,4280,710;
6645,11612,1786,24.9,56.8,18.3,3800,2.9,2220,452;
6702,914,74,23.4,57.4,19.1,375,2.4,376,63;
6703,262,19,17.6,66.0,16.4,112,2.3,95,36;
6704,481,91,24.9,61.3,13.7,186,2.5,53,X;
6706,426,67,23.7,56.3,20.0,176,2.4,135,29;
6708,3519,163,24.0,59.4,16.7,1504,2.3,872,193;
6709,3314,168,23.2,58.0,18.8,1361,2.4,858,196;
6710,2612,193,23.0,60.1,16.8,1098,2.3,909,148;
6711,12682,577,20.0,59.1,21.0,5887,2.1,12998,1310;
6712,1354,109,21.7,57.3,21.0,534,2.5,588,108;
6713,122,37,15.6,53.3,31.1,57,2.1,X,X;
6715,500,51,18.2,59.2,22.6,207,2.4,71,39;
6716,107,46,19.6,57.9,22.4,49,2.2,X,X;
6718,422,52,17.5,57.3,25.1,193,2.2,75,32;
6719,356,20,18.5,59.6,21.9,157,2.3,95,X;
6721,637,337,19.6,60.4,19.9,255,2.5,174,39;
6722,260,33,18.5,61.5,20.0,109,2.4,77,X;
6724,433,58,13.9,64.7,21.5,203,2.1,134,X;
6729,6987,98,22.1,58.3,19.6,2893,2.4,3119,480;
6730,3202,69,23.2,57.5,19.3,1325,2.4,966,233;
6741,317,27,21.8,59.9,18.3,125,2.5,X,X;
6742,1241,50,22.6,58.7,18.7,510,2.4,528,121;
6743,1526,141,22.4,58.6,19.0,631,2.4,1111,121;
6744,90,22,23.3,54.4,22.2,36,2.5,X,X;
6745,133,19,20.3,66.2,13.5,51,2.5,X,X;
6748,502,37,19.1,55.0,25.9,219,2.3,385,49;
6750,673,54,20.5,60.8,18.7,283,2.3,200,50;
6751,603,33,21.1,57.5,21.4,261,2.2,205,68;
6753,502,30,18.7,59.0,22.3,203,2.5,194,72;
6754,1847,91,21.2,61.5,17.3,791,2.3,1816,175;
6757,2609,82,20.3,59.9,19.8,1157,2.2,1690,282;
6758,220,15,21.4,56.4,22.3,92,2.4,77,X;
6759,126,9,12.7,56.3,31.0,56,2.3,X,X;
6771,1850,175,23.1,55.9,21.0,765,2.4,1144,132;
6773,123,24,8.1,56.9,35.0,63,2.0,X,X;
6774,1225,136,18.2,52.0,29.8,575,2.1,1600,106;
6775,666,49,15.9,52.9,31.2,331,2.0,319,55;
6778,659,48,19.6,53.6,26.9,279,2.3,243,50;
6781,734,63,24.5,56.7,18.8,275,2.6,159,49;
6782,1010,97,22.7,58.7,18.6,435,2.3,416,70;
6783,294,47,21.8,60.5,17.7,117,2.5,172,30;
6784,2331,126,22.5,57.2,20.3,1011,2.3,926,176;
6785,765,93,21.2,54.6,24.2,323,2.3,224,43;
6787,176,31,19.9,53.4,26.7,78,2.3,X,X;
6789,350,45,16.6,56.0,27.4,155,2.2,132,44;
6790,1685,84,22.7,56.3,20.9,707,2.3,241,102;
6792,395,44,23.5,55.2,21.3,156,2.5,99,33;
6793,186,36,18.8,57.5,23.7,82,2.3,46,18;
6800,6678,452,17.6,59.1,23.2,3209,2.0,6544,809;
6806,540,59,18.9,56.3,24.8,224,2.4,224,36;
6807,1230,53,21.9,52.2,25.9,540,2.3,458,94;
6808,1286,21,18.9,56.1,25.0,574,2.2,614,170;
6809,1095,27,18.3,56.3,25.4,493,2.2,765,115;
6810,1162,37,21.5,54.9,23.6,497,2.3,395,108;
