BfS-ID,Population,PopulationDensity,Age0-19,Age20-64,Age65+,Worker,Workplaces;
1,1955,247,21.6,63.0,15.3,446,135;
2,11276,1063,21.0,63.0,15.9,5969,890;
3,5205,701,24.6,62.3,13.1,973,265;
4,3376,248,23.0,61.4,15.6,967,243;
5,3511,538,24.1,62.1,13.8,1532,197;
6,922,117,24.9,61.2,13.9,258,91;
7,1982,306,23.2,62.5,14.3,482,118;
8,641,137,24.6,60.2,15.1,133,47;
9,4420,340,22.7,63.0,14.3,1527,276;
10,4833,640,23.4,61.6,15.0,1237,299;
11,2480,495,21.2,63.5,15.3,775,168;
12,957,147,26.4,60.8,12.7,252,81;
13,3309,275,20.3,64.5,15.1,871,183;
14,4579,1218,21.7,57.9,20.4,949,270;
21,561,85,19.3,63.3,17.5,174,60;
22,823,145,19.3,66.8,13.9,248,74;
23,587,84,16.7,64.9,18.4,164,59;
24,899,88,25.1,62.5,12.3,184,64;
25,1960,723,25.2,57.7,17.1,409,102;
26,634,114,24.6,61.0,14.4,185,44;
27,3464,1397,20.0,63.4,16.7,1058,163;
28,1331,131,22.2,61.7,16.1,731,139;
29,1414,584,21.4,62.4,16.2,483,110;
30,2063,307,22.5,58.2,19.2,1339,178;
31,2254,741,25.6,58.7,15.7,586,113;
32,483,131,26.3,54.2,19.5,172,34;
33,2013,195,23.2,61.6,15.2,946,178;
34,1558,248,21.1,58.2,20.8,362,88;
35,1968,139,21.5,62.9,15.6,1027,196;
36,1130,120,22.1,61.2,16.7,401,106;
37,1348,103,24.3,59.1,16.5,484,110;
38,1345,151,19.9,63.1,17.0,439,69;
39,899,139,24.1,62.1,13.8,242,65;
40,988,104,19.2,61.4,19.3,322,95;
41,464,105,26.3,57.8,15.9,89,40;
42,867,120,25.4,58.2,16.4,398,85;
43,310,97,25.5,61.3,13.2,114,28;
44,675,93,23.3,61.8,15.0,241,78;
51,4019,932,21.7,61.6,16.6,1809,250;
52,11243,1246,21.5,65.1,13.4,3769,559;
53,17975,1117,20.5,63.9,15.6,10160,1148;
54,7170,1691,20.1,61.4,18.5,5717,513;
55,4709,520,22.3,63.5,14.2,1226,286;
56,8986,708,22.1,64.4,13.5,3447,467;
57,2317,276,21.5,63.6,14.9,599,152;
58,4550,369,22.2,64.9,12.9,884,218;
59,2022,328,24.1,63.6,12.4,392,86;
60,2619,548,22.5,64.5,13.1,1133,177;
61,1000,204,22.7,61.7,15.6,249,72;
62,18402,955,18.5,65.0,16.5,35267,1430;
63,1833,353,24.7,64.3,11.0,327,103;
64,5274,526,19.4,62.2,18.4,958,300;
65,1030,100,19.6,64.6,15.8,234,86;
66,16116,2883,19.2,67.6,13.3,20605,1150;
67,4098,383,23.3,62.2,14.5,1338,240;
68,2501,566,23.2,65.7,11.2,453,145;
69,14188,2207,18.8,64.5,16.7,15741,1260;
70,547,138,19.4,66.2,14.4,69,34;
71,1298,145,20.2,63.9,15.9,487,113;
72,4088,503,18.6,65.4,15.9,845,230;
81,574,63,17.2,66.4,16.4,263,56;
82,1276,322,24.3,60.0,15.8,213,82;
83,6068,1039,21.9,68.3,9.8,2280,264;
84,3733,830,21.4,64.3,14.2,2740,267;
85,1928,672,22.6,67.4,10.0,456,105;
86,5790,988,20.0,66.1,13.9,3716,398;
87,669,421,18.5,66.8,14.6,125,38;
88,3029,502,17.2,67.7,15.1,638,243;
89,4580,1269,21.8,64.5,13.7,1344,221;
90,8723,773,22.9,63.9,13.3,2308,423;
91,2760,403,25.3,62.9,11.8,914,151;
92,6063,735,23.6,66.4,10.0,1213,271;
93,1754,354,22.2,65.6,12.1,273,86;
94,2755,384,23.6,62.3,14.2,2875,245;
95,491,207,22.4,61.7,15.9,180,37;
96,16975,1161,21.4,63.3,15.3,10555,1178;
97,7019,564,19.9,65.3,14.8,5594,661;
98,718,126,23.4,64.3,12.3,133,63;
99,1375,343,21.4,60.4,18.3,367,90;
100,2015,156,21.9,63.2,14.9,550,153;
101,3279,349,18.4,64.4,17.2,740,216;
102,1083,113,19.7,66.8,13.6,227,78;
111,4934,222,22.2,61.8,16.0,1390,377;
112,6854,591,23.2,61.1,15.7,3126,515;
113,7164,701,23.5,61.7,14.9,1880,400;
114,2329,77,25.6,61.5,12.9,770,210;
115,9725,532,22.5,61.4,16.0,2696,613;
116,3229,367,21.5,63.0,15.6,1584,250;
117,10615,476,20.8,61.6,17.6,6593,790;
118,11968,1190,20.2,62.8,17.0,4472,819;
119,1305,346,21.4,63.1,15.6,450,100;
120,9343,370,21.2,62.6,16.2,3459,654;
121,23274,1389,20.3,63.7,16.0,13115,1705;
131,18037,2321,19.1,62.6,18.3,7590,969;
132,2134,220,24.7,58.9,16.4,603,195;
133,19282,913,20.2,61.5,18.3,9348,1123;
134,897,123,26.1,59.0,14.9,239,91;
135,7675,2975,19.5,60.3,20.2,3836,528;
136,7254,837,20.7,58.7,20.7,1568,360;
137,4979,1785,19.1,57.8,23.1,951,295;
138,12832,1702,21.8,61.3,16.9,3792,721;
139,5425,1852,19.9,59.9,20.3,2764,381;
140,1896,173,20.9,61.0,18.0,568,176;
141,17340,3153,18.8,62.9,18.2,6496,1202;
142,20967,1206,19.8,61.4,18.8,8650,1467;
151,5325,1843,22.3,59.0,18.7,2055,454;
152,6148,685,21.5,58.9,19.6,1319,412;
153,8119,667,21.8,60.1,18.2,2971,571;
154,13518,1095,19.2,56.9,23.9,5852,1187;
155,10470,2195,22.1,57.8,20.1,4607,670;
156,12816,1073,19.8,58.7,21.5,5999,1030;
157,4557,747,22.4,65.0,12.6,2091,278;
158,13876,1617,19.6,59.4,21.0,5428,1015;
159,5931,1714,22.9,58.6,18.4,1523,315;
160,5167,945,21.0,53.5,25.5,1656,355;
161,12163,1547,18.6,56.2,25.3,5646,1101;
171,4224,203,22.4,62.3,15.2,1658,325;
172,6234,658,21.5,66.1,12.4,3640,429;
173,3508,270,24.5,64.2,11.3,852,257;
174,16117,637,19.5,62.1,18.4,6485,993;
175,405,53,23.2,66.4,10.4,264,39;
176,5212,435,23.0,63.0,14.0,2650,297;
177,11027,564,19.9,62.0,18.1,5076,745;
178,4132,291,21.0,61.5,17.5,1203,274;
179,349,40,21.8,58.7,19.5,91,42;
180,3176,248,23.6,60.5,15.9,878,235;
181,1947,212,20.5,63.6,15.8,581,179;
182,1005,95,22.6,63.4,14.0,214,70;
191,25341,1861,19.3,64.2,16.6,20235,1728;
192,8305,573,21.1,60.1,18.8,2397,543;
193,8072,1265,20.9,61.2,17.9,2886,450;
194,5226,2253,21.8,59.2,18.9,1644,203;
195,9634,652,21.3,59.7,19.0,2287,675;
196,3447,454,19.7,61.8,18.5,1497,266;
197,4743,1790,20.1,63.6,16.3,3003,280;
198,32748,1148,20.7,63.2,16.1,16247,2227;
199,17768,1266,22.4,63.8,13.8,10602,1194;
200,7578,957,21.9,66.6,11.5,5508,534;
211,619,80,21.0,62.4,16.6,154,58;
212,1055,109,22.0,64.4,13.6,244,93;
213,1989,301,21.1,60.6,18.3,370,138;
214,986,124,24.0,63.6,12.4,272,86;
215,748,259,24.1,62.0,13.9,118,45;
216,1451,206,23.2,57.8,19.0,334,104;
217,4034,259,21.9,60.5,17.6,1517,278;
218,916,182,24.6,62.7,12.8,583,65;
219,3355,416,21.3,62.2,16.6,1229,234;
220,1103,136,21.2,68.4,10.4,208,74;
221,2995,508,26.8,56.9,16.2,688,152;
222,482,55,27.6,60.2,12.2,110,46;
223,5425,361,23.8,63.4,12.7,1552,361;
224,3386,680,21.9,64.8,13.3,961,167;
225,2551,422,23.7,58.8,17.5,454,149;
226,738,82,27.6,58.5,13.8,150,59;
227,7136,943,19.3,59.7,21.0,2615,403;
228,4301,171,22.5,62.6,15.0,1460,340;
229,4929,522,23.3,57.9,18.8,1033,255;
230,104468,1535,19.6,64.1,16.3,64016,6833;
231,5489,423,20.8,61.5,17.7,1293,303;
241,1157,221,20.6,57.4,22.0,324,85;
242,5965,522,19.7,60.9,19.3,1633,371;
243,24843,2663,20.5,63.3,16.2,16115,1511;
244,4755,2464,19.4,62.7,17.9,2052,291;
245,6416,2970,18.5,60.0,21.5,1083,321;
246,2332,845,16.7,61.9,21.4,283,121;
247,17199,2606,19.9,66.1,14.0,15250,1208;
248,3947,903,19.7,58.1,22.3,970,271;
249,3398,1014,17.4,62.8,19.9,956,216;
250,9471,1249,20.3,60.9,18.7,6635,640;
251,4287,800,21.3,64.8,13.9,1429,265;
261,380777,4333,16.3,67.3,16.4,444199,39050;
301,4182,529,19.8,61.9,18.3,2723,320;
302,984,125,18.8,66.2,15.0,431,75;
303,2813,187,20.9,60.2,18.8,585,191;
304,1907,126,21.2,61.7,17.1,860,155;
305,1326,121,24.2,61.7,14.1,589,123;
306,14080,949,20.1,63.8,16.1,8033,954;
307,2424,237,18.2,60.1,21.7,550,156;
309,1196,81,19.2,64.4,16.4,253,96;
310,2368,116,21.5,61.4,17.1,850,219;
311,3566,180,20.4,64.2,15.5,1162,271;
312,2968,142,20.5,61.5,18.0,939,233;
321,4229,428,21.3,61.7,16.9,1590,279;
322,452,97,21.2,61.7,17.0,153,53;
323,688,144,20.6,61.2,18.2,234,58;
324,654,115,16.2,63.8,20.0,587,73;
325,200,70,19.5,61.5,19.0,44,20;
326,746,80,23.2,56.2,20.6,245,83;
329,15184,880,19.1,61.8,19.1,12326,1189;
331,2482,400,22.8,60.3,16.9,1015,145;
332,3120,135,21.8,58.6,19.6,1265,304;
333,1529,148,21.2,57.5,21.3,728,124;
334,431,111,23.0,56.1,20.9,111,39;
335,241,62,17.8,63.9,18.3,121,36;
336,189,94,23.3,61.9,14.8,56,20;
337,3837,493,21.5,59.0,19.5,1409,217;
338,1407,344,21.2,59.1,19.7,559,108;
339,417,64,26.1,57.1,16.8,153,53;
340,573,144,24.6,57.2,18.2,85,31;
341,503,133,22.9,59.6,17.5,128,38;
342,3086,320,21.3,60.3,18.4,1745,192;
344,897,98,24.6,57.4,17.9,414,96;
345,1539,302,17.5,63.5,19.0,548,117;
351,127515,2470,15.5,66.3,18.1,182682,13902;
352,6021,364,19.5,53.6,26.9,1654,364;
353,4318,2261,20.9,57.2,21.9,666,202;
354,2808,235,17.9,59.2,22.9,800,199;
355,39375,772,19.2,60.8,20.0,22135,2197;
356,12675,1661,17.7,56.2,26.2,8850,1063;
357,876,71,21.3,60.6,18.0,287,108;
358,2883,819,19.9,61.7,18.5,597,145;
359,4809,194,20.6,58.9,20.4,1275,328;
360,8901,245,19.0,57.6,23.4,1933,516;
361,9977,1851,18.7,59.9,21.4,6331,544;
362,10997,2612,18.2,61.2,20.7,10288,694;
363,15871,2672,18.0,61.3,20.7,7183,687;
371,52351,2466,18.6,62.1,19.3,39958,4213;
372,2465,670,21.7,54.6,23.7,358,130;
381,1514,238,21.1,62.7,16.2,604,119;
382,799,221,21.2,62.5,16.4,124,47;
383,3356,266,21.2,61.5,17.3,1927,278;
385,915,145,24.0,59.2,16.7,271,74;
386,1389,329,20.4,64.6,15.0,705,86;
387,4633,628,18.3,59.9,21.9,1643,258;
388,1191,116,20.4,59.4,20.2,288,98;
389,52,79,1.9,78.8,19.2,22,8;
390,1309,296,22.4,57.3,20.3,239,75;
391,804,120,22.0,60.1,17.9,220,77;
392,3821,459,21.2,61.8,16.9,1282,211;
393,812,125,18.7,60.8,20.4,496,69;
394,604,85,23.3,61.6,15.1,147,56;
401,1080,532,19.3,65.4,15.4,249,75;
402,567,86,21.3,59.1,19.6,129,41;
403,1024,375,20.0,63.9,16.1,180,56;
404,15659,1004,18.9,61.3,19.8,12958,1224;
405,1640,189,21.6,60.7,17.7,436,113;
406,3184,145,21.3,61.7,17.0,1156,241;
407,1591,68,21.1,59.5,19.5,541,169;
408,189,128,23.3,61.4,15.3,122,15;
409,2166,322,20.8,62.3,16.9,886,154;
410,271,103,21.8,57.9,20.3,83,26;
411,455,137,22.6,59.8,17.6,109,26;
412,5671,627,19.3,62.3,18.4,3052,377;
413,2037,294,21.4,61.7,16.9,921,142;
414,2322,120,22.0,62.2,15.8,596,144;
415,1428,236,18.9,62.7,18.3,1453,143;
416,134,45,23.9,56.7,19.4,43,19;
417,240,52,26.7,57.9,15.4,83,28;
418,2924,207,21.3,61.1,17.6,1211,206;
419,110,51,22.7,59.1,18.2,35,10;
420,2352,862,19.7,64.9,15.3,940,115;
421,83,34,18.1,60.2,21.7,130,12;
422,163,126,20.9,62.6,16.6,28,12;
423,208,96,20.2,58.7,21.2,39,13;
424,2001,71,21.3,59.5,19.2,731,226;
431,1604,91,23.1,57.6,19.3,701,114;
432,490,36,22.9,57.1,20.0,108,39;
433,717,49,20.9,61.8,17.3,194,66;
434,1259,57,24.5,55.8,19.6,670,98;
435,557,39,26.2,60.1,13.6,246,62;
436,477,59,21.8,58.3,19.9,89,30;
437,102,22,26.5,52.0,21.6,57,18;
438,1195,55,20.6,58.9,20.5,596,99;
439,1362,87,20.6,59.8,19.6,346,73;
440,349,47,19.5,51.0,29.5,51,27;
441,875,69,20.3,62.4,17.3,263,64;
442,206,29,20.4,60.2,19.4,40,14;
443,4866,233,21.8,57.7,20.5,2996,336;
444,1791,119,24.6,58.5,16.9,1591,109;
445,1209,51,24.7,58.1,17.2,262,98;
446,4335,175,22.2,56.9,20.9,2223,313;
447,423,71,21.3,56.7,22.0,97,22;
448,899,55,20.8,58.1,21.1,669,60;
491,569,86,17.9,62.9,19.2,286,64;
492,1340,382,19.4,63.5,17.1,486,119;
493,502,141,24.3,60.2,15.5,144,40;
494,722,92,21.2,58.7,20.1,573,68;
495,796,73,20.2,64.2,15.6,501,77;
496,3277,137,22.6,59.3,18.1,1634,270;
497,532,97,17.1,65.4,17.5,143,57;
498,1307,268,21.2,64.6,14.2,903,92;
499,599,109,20.2,59.6,20.2,267,74;
500,425,89,21.6,60.5,17.9,169,42;
501,459,140,17.6,66.2,16.1,398,27;
502,825,181,19.4,57.1,23.5,176,69;
532,160,73,20.0,64.4,15.6,34,15;
533,3131,308,20.9,62.4,16.7,701,166;
534,463,135,26.8,53.1,20.1,108,38;
535,92,43,17.4,67.4,15.2,193,15;
536,190,66,27.9,56.8,15.3,60,19;
537,296,105,13.2,70.9,15.9,93,39;
538,1826,237,23.4,59.4,17.2,540,115;
539,975,207,22.1,61.5,16.4,188,62;
540,4774,535,19.9,60.1,20.0,1814,282;
541,412,81,20.6,63.3,16.0,132,45;
542,341,77,20.8,63.9,15.2,93,31;
543,586,154,18.1,60.2,21.7,225,42;
544,3645,574,20.9,63.8,15.3,5001,237;
545,227,59,21.1,60.4,18.5,60,27;
546,9749,1105,20.9,61.9,17.2,5085,518;
547,620,258,23.7,56.6,19.7,64,33;
549,407,293,25.6,63.4,11.1,60,22;
550,76,35,28.9,53.9,17.1,35,12;
551,5890,820,19.2,65.4,15.4,3358,346;
552,4156,245,21.2,61.2,17.6,1850,254;
553,98,69,22.4,61.2,16.3,48,10;
554,828,217,19.3,59.9,20.8,381,52;
555,310,84,21.3,64.2,14.5,60,28;
556,326,170,12.6,66.9,20.6,42,17;
557,578,167,22.5,56.4,21.1,80,31;
561,3500,40,22.8,56.5,20.6,2499,395;
562,2123,69,22.3,60.2,17.5,913,218;
563,6692,93,22.7,59.2,18.1,3946,624;
564,791,25,19.8,61.7,18.5,242,87;
565,1236,9,15.4,60.5,24.1,704,143;
566,1031,171,17.7,54.8,27.4,288,77;
567,3469,28,22.1,58.3,19.7,1418,388;
571,1150,39,16.6,57.4,26.0,505,135;
572,2478,164,19.8,60.5,19.7,650,148;
573,3019,63,20.2,57.6,22.2,1577,321;
574,491,28,17.5,61.1,21.4,135,41;
575,420,61,19.5,61.7,18.8,66,31;
576,3761,22,16.8,62.4,20.8,3147,504;
577,420,60,19.5,63.1,17.4,179,38;
578,299,18,20.7,60.2,19.1,141,26;
579,634,12,24.4,53.9,21.6,253,88;
580,533,61,18.8,57.8,23.5,285,63;
581,5504,1280,15.7,64.1,20.2,6607,829;
582,430,20,18.4,57.0,24.7,217,43;
584,2470,15,16.4,61.7,21.9,2355,373;
585,952,92,18.4,59.8,21.8,260,73;
586,238,19,19.7,63.4,16.8,75,32;
587,3777,640,17.8,62.6,19.6,1024,220;
588,335,78,16.7,58.8,24.5,42,20;
589,456,23,17.1,61.2,21.7,160,37;
590,2629,300,20.3,61.0,18.7,809,172;
591,100,5,17.0,56.0,27.0,35,18;
592,578,82,18.0,58.7,23.4,61,31;
593,5562,396,17.3,61.4,21.3,2676,392;
594,2558,189,20.9,61.3,17.8,1037,199;
602,937,90,19.4,63.9,16.6,281,94;
603,1736,484,21.3,60.4,18.3,650,125;
604,391,114,28.4,58.6,13.0,90,31;
605,1365,93,21.7,62.1,16.3,444,127;
606,521,237,20.5,65.5,14.0,125,39;
607,449,152,24.9,62.1,12.9,72,28;
608,3287,950,20.9,60.0,19.2,1361,237;
609,252,82,23.0,64.3,12.7,85,36;
610,579,210,22.8,61.0,16.2,189,37;
611,864,185,21.5,66.6,11.9,392,65;
612,4911,384,19.6,60.4,20.1,2876,344;
613,634,62,21.3,58.2,20.5,292,91;
614,1307,99,22.2,58.8,19.0,544,137;
615,591,251,25.5,57.9,16.6,132,44;
616,11566,955,20.4,57.8,21.8,6382,774;
617,626,116,23.6,63.9,12.5,117,38;
619,3085,237,22.6,60.4,17.0,1762,247;
620,761,72,21.0,61.2,17.7,375,94;
622,664,195,25.6,57.7,16.7,199,48;
623,2895,418,19.7,63.4,16.9,1121,162;
624,632,183,21.5,60.8,17.7,185,52;
625,409,112,24.0,64.1,12.0,150,48;
626,1832,107,20.8,59.8,19.4,999,186;
627,11324,537,19.1,60.7,20.2,3934,754;
628,1632,301,21.1,61.0,17.9,487,126;
629,326,54,26.4,58.6,15.0,94,32;
630,511,134,19.4,58.5,22.1,189,46;
632,4089,353,21.4,62.8,15.7,1132,269;
661,50,50,22.0,62.0,16.0,27,8;
662,1243,135,18.6,62.8,18.7,365,106;
663,1241,134,18.7,62.9,18.4,559,106;
664,295,105,16.3,64.1,19.7,149,32;
665,254,138,21.3,57.1,21.7,157,32;
666,414,87,18.8,55.6,25.6,111,42;
667,2821,685,20.2,59.2,20.6,1154,206;
668,2727,104,17.7,63.0,19.3,1304,252;
669,471,188,20.2,65.4,14.4,187,34;
670,4880,223,19.7,60.3,20.0,2021,335;
671,385,93,25.2,63.6,11.2,92,31;
681,300,78,22.0,51.0,27.0,74,16;
682,1710,301,20.5,58.7,20.8,817,107;
683,156,22,22.4,65.4,12.2,69,26;
684,104,25,29.8,48.1,22.1,66,21;
687,209,31,20.6,57.4,22.0,76,20;
690,1422,58,24.0,56.0,20.0,717,128;
691,531,56,21.8,56.3,21.8,248,38;
692,366,56,23.2,58.5,18.3,116,22;
694,341,41,19.1,60.7,20.2,86,25;
696,321,68,21.2,58.9,19.9,171,28;
697,1987,194,20.7,58.7,20.6,901,106;
699,36,11,30.6,52.8,16.7,20,7;
700,7553,386,20.1,59.3,20.6,4019,539;
701,453,53,20.1,57.2,22.7,93,41;
702,224,82,25.4,56.7,17.9,55,14;
703,2217,269,21.5,58.6,19.9,821,118;
704,208,23,15.9,64.4,19.7,52,22;
706,604,44,24.0,62.4,13.6,484,49;
707,157,37,26.8,53.5,19.7,29,14;
708,34,6,38.2,41.2,20.6,35,11;
709,70,8,27.1,54.3,18.6,44,19;
710,128,23,24.2,64.1,11.7,71,22;
711,262,38,19.1,60.7,20.2,72,30;
712,135,13,25.9,56.3,17.8,67,28;
713,3522,239,22.8,60.7,16.5,1424,257;
715,45,13,31.1,44.4,24.4,25,8;
721,439,46,22.3,63.6,14.1,130,38;
722,702,77,22.2,59.3,18.5,116,37;
723,3666,538,20.3,59.0,20.6,1546,267;
724,721,27,24.7,58.5,16.8,152,61;
725,912,131,21.7,58.0,20.3,282,57;
731,1781,821,18.8,59.7,21.6,376,99;
732,1546,407,23.7,60.3,16.0,316,73;
733,4257,853,19.7,60.9,19.4,3130,311;
734,416,140,19.2,62.7,18.0,76,27;
735,323,95,18.9,64.4,16.7,95,31;
736,406,222,17.7,61.1,21.2,63,20;
737,254,74,15.7,61.8,22.4,82,31;
738,674,147,21.5,60.4,18.1,129,51;
739,3940,2063,21.3,58.0,20.8,779,182;
740,527,293,17.1,57.9,25.0,169,50;
741,405,178,20.0,51.4,28.6,47,27;
742,882,408,19.3,56.0,24.7,156,51;
743,6782,4462,18.1,58.3,23.6,2679,428;
744,2649,669,19.7,59.0,21.3,725,127;
745,3346,1366,17.7,58.0,24.3,978,160;
746,1854,330,22.4,58.1,19.5,527,132;
747,460,219,25.7,58.9,15.4,131,34;
748,662,160,23.3,58.3,18.4,185,47;
749,2884,1060,20.7,63.7,15.6,1485,172;
750,1358,377,21.7,60.8,17.5,601,100;
751,2653,603,19.4,58.8,21.7,1027,164;
754,936,134,22.1,60.9,17.0,299,76;
755,2211,790,19.6,61.7,18.6,801,106;
756,1095,88,14.7,60.5,24.8,389,119;
761,850,26,21.3,60.5,18.2,327,100;
762,2142,16,22.5,58.1,19.4,1156,314;
763,1683,46,19.6,59.5,20.9,816,172;
764,248,45,16.1,64.1,19.8,98,26;
765,289,70,22.8,64.4,12.8,20,12;
766,813,18,19.9,57.1,23.0,347,125;
767,980,87,19.6,61.2,19.2,262,63;
768,12549,752,18.6,59.2,22.2,5530,826;
769,2468,111,21.3,60.1,18.6,1154,177;
781,227,2,12.3,61.7,26.0,102,41;
782,317,2,17.0,60.9,22.1,202,43;
783,1227,29,25.3,54.8,19.9,834,147;
784,844,7,18.1,61.7,20.1,597,97;
785,4642,114,19.0,61.8,19.2,2806,419;
786,597,19,21.4,56.1,22.4,588,42;
791,1353,18,19.1,58.2,22.8,518,184;
792,2463,20,18.4,61.5,20.1,1833,351;
793,1346,22,21.5,58.0,20.5,647,154;
794,2935,40,18.1,57.4,24.5,1687,357;
841,977,16,18.0,65.4,16.6,420,131;
842,816,14,21.6,60.9,17.5,366,115;
843,6807,57,19.2,62.3,18.4,6504,927;
852,1553,28,21.2,57.7,21.1,577,197;
853,1612,28,18.6,61.2,20.2,516,165;
855,6773,151,20.4,60.6,19.0,3226,611;
861,11108,477,19.9,61.9,18.2,5108,742;
863,1031,137,22.1,61.0,16.9,263,89;
865,254,73,12.2,63.4,24.4,92,33;
866,1184,152,22.0,61.1,16.8,288,96;
867,817,180,26.1,59.7,14.2,199,68;
868,252,191,22.2,63.9,13.9,56,19;
869,1048,509,24.3,61.5,14.1,187,66;
870,4120,928,21.8,57.9,20.3,948,212;
871,51,69,21.6,58.8,19.6,19,6;
872,881,144,23.5,60.5,16.0,337,87;
873,272,218,16.9,59.9,23.2,56,16;
874,218,121,24.8,59.2,16.1,82,19;
875,258,113,25.2,60.1,14.7,57,17;
876,1372,468,20.6,60.9,18.4,253,70;
877,461,64,19.7,63.8,16.5,136,49;
878,286,105,25.2,60.5,14.3,124,37;
879,2401,80,21.8,57.4,20.7,1600,236;
880,1846,52,20.6,60.1,19.3,677,249;
881,438,94,18.0,65.8,16.2,124,43;
883,2163,556,20.1,64.0,15.9,592,150;
884,2499,510,20.0,61.6,18.3,568,140;
885,1847,606,23.7,61.2,15.1,348,110;
886,2728,188,22.8,59.9,17.2,1032,223;
888,1184,89,20.2,59.0,20.9,498,130;
901,2427,40,22.8,59.7,17.6,1377,320;
902,9092,188,21.6,59.3,19.0,5881,784;
903,2672,126,22.1,59.8,18.1,1329,251;
904,1241,34,25.3,56.8,17.9,586,184;
905,2376,138,23.2,58.9,17.9,814,223;
906,903,25,22.8,60.0,17.2,522,151;
907,2745,124,22.0,59.2,18.9,1042,259;
908,1359,22,24.1,57.2,18.8,673,205;
909,1419,91,20.9,56.6,22.6,987,123;
921,788,167,22.2,58.4,19.4,170,61;
922,1184,76,19.3,60.2,20.5,413,103;
923,1542,101,22.6,60.0,17.4,521,166;
924,490,23,21.6,54.9,23.5,184,66;
925,796,119,23.2,58.5,18.2,201,79;
927,681,123,18.5,57.9,23.6,509,65;
928,6465,1195,19.9,64.0,16.1,2384,378;
929,4061,1440,17.4,56.6,25.9,942,227;
930,441,96,25.6,61.9,12.5,92,49;
931,509,78,28.1,55.8,16.1,174,59;
932,256,13,21.5,61.7,16.8,93,32;
934,2366,870,16.3,55.1,28.7,751,184;
935,481,53,24.9,53.0,22.0,227,68;
936,263,27,24.0,58.9,17.1,68,22;
937,255,170,20.4,63.5,16.1,57,20;
938,4679,84,15.9,56.5,27.6,1639,396;
939,15515,1161,18.8,61.0,20.3,5673,827;
940,161,36,23.0,56.5,20.5,74,33;
941,2350,313,24.6,58.5,16.9,425,137;
942,42735,1980,17.5,60.7,21.8,28536,3190;
943,668,152,26.8,54.6,18.6,162,68;
944,5932,584,20.0,60.0,20.0,3111,483;
945,927,136,21.8,60.3,17.9,344,105;
946,228,65,21.1,57.0,21.9,78,35;
947,282,115,28.0,56.0,16.0,67,27;
948,751,167,22.5,61.1,16.4,184,64;
951,1142,99,20.1,59.3,20.6,572,149;
952,1071,76,24.2,57.0,18.8,408,122;
953,1360,120,23.4,56.5,20.1,465,140;
954,4663,270,20.7,59.3,20.0,3080,454;
955,4052,151,21.6,59.9,18.5,1674,356;
956,3087,205,20.7,59.8,19.6,1231,229;
957,5028,85,21.6,59.0,19.4,2973,486;
958,995,62,23.3,58.6,18.1,370,116;
959,541,68,24.0,56.6,19.4,214,76;
960,1162,99,22.3,59.8,17.9,467,121;
971,1324,173,18.1,58.5,23.5,359,100;
972,42,30,11.9,59.5,28.6,44,9;
973,684,174,17.0,63.6,19.4,137,39;
975,207,56,16.9,57.0,26.1,75,27;
976,305,97,22.0,62.3,15.7,58,28;
977,1016,174,19.5,64.7,15.8,192,64;
978,99,95,19.2,63.6,17.2,45,10;
979,6868,699,19.9,60.5,19.6,3618,471;
980,628,187,16.7,63.1,20.2,137,35;
981,4249,245,19.7,65.1,15.2,2735,288;
982,1550,554,20.2,61.5,18.3,814,90;
983,1653,195,19.8,65.5,14.7,978,95;
985,573,47,20.9,57.2,21.8,200,76;
987,467,91,15.4,63.0,21.6,76,30;
988,1426,91,21.5,60.2,18.3,442,140;
989,1023,226,18.3,62.7,19.1,365,85;
990,218,147,14.7,66.1,19.3,64,17;
991,573,187,16.8,64.4,18.8,110,32;
992,2126,407,20.6,60.2,19.1,1150,193;
993,410,141,18.5,61.0,20.5,119,28;
995,2207,294,18.7,63.0,18.3,1281,200;
996,186,76,17.7,65.6,16.7,40,13;
1001,739,106,29.5,57.6,12.9,224,71;
1002,3296,58,23.7,58.8,17.5,1620,344;
1004,1902,18,22.8,61.3,15.9,977,225;
1005,1751,43,26.8,55.1,18.2,805,168;
1007,695,19,25.0,57.4,17.6,307,111;
1008,4053,106,25.1,58.1,16.9,2275,390;
1009,1967,125,25.7,59.0,15.4,1554,209;
1010,4346,41,23.1,58.5,18.4,2155,513;
1021,1009,218,22.3,61.7,16.0,485,101;
1022,411,141,26.8,63.0,10.2,179,40;
1023,2577,295,25.3,62.1,12.6,1058,215;
1024,28701,1412,20.3,63.2,16.6,15149,1368;
1025,874,154,24.6,62.8,12.6,334,75;
1026,3547,268,24.9,60.0,15.1,1388,258;
1030,4832,196,25.3,61.6,13.1,2652,401;
1031,8877,923,22.0,61.0,17.0,4650,507;
1032,2418,104,26.6,62.3,11.1,1173,256;
1033,2306,223,23.6,64.1,12.4,931,180;
1037,2494,265,26.7,61.9,11.3,715,174;
1039,1632,98,25.9,60.4,13.8,510,150;
1040,7227,464,24.2,61.2,14.6,4402,501;
1041,913,73,26.5,60.1,13.4,375,117;
1051,5406,773,23.7,60.6,15.7,1541,347;
1052,6049,1258,24.4,63.1,12.5,2068,237;
1053,1467,528,22.1,69.7,8.2,1911,102;
1054,12571,1299,20.7,63.3,16.0,6273,670;
1055,1148,1063,23.1,68.1,8.8,472,67;
1056,1050,316,25.8,63.8,10.4,175,77;
1057,366,293,26.2,67.2,6.6,132,25;
1058,13618,1061,19.7,59.5,20.8,5142,787;
1059,26751,978,19.6,60.6,19.9,11149,1427;
1061,79478,2735,15.6,65.0,19.4,77052,7392;
1062,6861,240,24.1,62.2,13.7,3246,458;
1063,6752,927,18.8,58.7,22.5,2196,543;
1064,1301,192,24.6,62.0,13.5,424,99;
1065,4633,535,24.1,64.7,11.2,3945,373;
1066,1676,43,23.9,62.9,13.1,430,129;
1067,2196,352,24.5,60.9,14.6,400,142;
1068,1206,135,18.0,60.9,21.1,416,116;
1069,4181,354,17.1,59.1,23.8,2051,375;
1081,6033,143,26.4,58.3,15.3,2736,535;
1082,2211,409,25.2,62.7,12.1,971,143;
1083,3257,195,27.8,59.7,12.4,1531,267;
1084,1690,285,20.9,66.0,13.1,634,148;
1085,2592,402,24.8,65.0,10.1,809,155;
1086,3074,156,26.9,61.0,12.1,1245,268;
1088,1969,279,20.8,62.3,17.0,562,150;
1089,2077,213,26.9,60.6,12.6,766,167;
1091,1161,162,22.3,67.4,10.3,280,78;
1093,6185,243,26.0,62.4,11.6,2581,484;
1094,3443,335,24.7,63.6,11.6,2293,239;
1095,3808,418,24.2,64.1,11.8,1990,230;
1097,3061,258,24.8,59.9,15.3,1218,220;
1098,6636,147,24.2,62.2,13.7,2795,554;
1099,2678,400,20.5,67.6,11.9,788,180;
1100,755,105,29.5,56.8,13.6,153,54;
1102,4105,461,25.1,61.5,13.3,1900,321;
1103,9079,1549,19.0,64.2,16.8,12725,972;
1104,4416,200,24.5,62.0,13.5,3003,311;
1107,4143,290,24.1,60.2,15.7,2580,305;
1121,590,167,26.1,61.2,12.7,113,42;
1122,951,141,23.2,62.0,14.7,493,95;
1123,1531,266,25.5,63.3,11.2,2119,118;
1125,5103,214,22.7,63.8,13.5,3345,382;
1126,415,48,28.7,57.8,13.5,183,56;
1127,1321,317,21.9,66.8,11.3,451,79;
1128,2486,198,24.0,63.7,12.3,880,183;
1129,731,91,27.4,58.3,14.4,210,64;
1130,1033,170,24.5,61.5,14.0,485,99;
1131,853,84,23.6,62.6,13.8,371,89;
1132,1831,58,25.9,59.1,14.9,839,235;
1135,1327,35,24.3,57.4,18.3,697,194;
1136,2870,95,26.2,59.3,14.5,1518,264;
1137,2452,657,22.8,65.3,11.9,1126,158;
1139,2245,127,20.8,63.0,16.1,1452,205;
1140,6650,246,21.9,63.1,15.0,3567,462;
1142,617,99,22.7,60.5,16.9,247,75;
1143,3864,252,25.6,62.0,12.4,1610,278;
1145,847,69,24.7,60.4,14.9,333,113;
1146,1859,632,22.5,64.1,13.4,566,105;
1147,1416,171,21.6,61.2,17.2,809,96;
1150,2001,144,23.8,60.9,15.2,1515,185;
1151,7439,181,21.6,61.1,17.3,4428,701;
1201,8981,880,19.3,61.2,19.5,6593,766;
1202,1320,21,16.5,61.4,22.0,943,161;
1203,1591,34,26.0,59.5,14.5,359,91;
1204,170,45,12.4,69.4,18.2,61,15;
1205,3917,74,23.7,58.7,17.5,2158,282;
1206,3778,64,19.6,58.3,22.1,1658,200;
1207,1988,160,22.5,58.9,18.6,773,131;
1208,434,4,15.7,59.9,24.4,215,47;
1209,583,7,20.2,55.9,23.8,207,64;
1210,216,6,14.8,64.4,20.8,40,20;
1211,529,9,27.6,57.1,15.3,210,72;
1212,133,2,7.5,68.4,24.1,62,19;
1213,5009,307,20.6,61.6,17.8,2526,275;
1214,1806,117,26.7,60.3,13.0,519,100;
1215,684,51,15.9,62.3,21.8,229,70;
1216,2162,15,19.4,61.7,18.8,532,141;
1217,394,24,21.6,62.7,15.7,115,35;
1218,846,13,27.2,58.2,14.7,280,114;
1219,699,9,27.2,60.5,12.3,227,80;
1220,453,5,18.5,55.8,25.6,243,58;
1301,14632,148,21.9,61.4,16.7,6401,1250;
1311,2118,147,17.9,61.5,20.5,631,199;
1321,4945,282,19.1,66.2,14.7,2706,670;
1322,15758,1144,18.0,65.8,16.2,13738,2158;
1323,7051,1119,18.0,65.6,16.5,3532,921;
1331,12401,422,20.5,63.1,16.4,6994,1102;
1341,6376,313,20.5,66.3,13.2,3665,654;
1342,4945,372,22.5,63.8,13.7,1163,343;
1343,198,4,25.8,55.6,18.7,52,16;
1344,8004,3307,18.6,64.0,17.4,4305,694;
1345,3350,289,21.3,65.9,12.8,1148,238;
1346,8567,295,21.9,66.4,11.7,2733,596;
1347,3003,222,21.2,65.2,13.6,1243,213;
1348,1014,36,19.9,64.3,15.8,292,100;
1349,4764,562,20.9,64.3,14.9,1534,372;
1361,591,26,24.0,59.4,16.6,160,60;
1362,10924,260,21.8,63.0,15.3,3515,703;
1363,801,74,28.0,60.7,11.4,217,62;
1364,8597,640,19.0,60.5,20.5,3239,601;
1365,1056,114,25.4,62.1,12.5,213,72;
1366,1093,53,25.4,61.6,13.0,757,119;
1367,3469,20,24.8,59.8,15.5,1469,298;
1368,841,26,15.3,59.8,24.9,390,116;
1369,92,8,35.9,44.6,19.6,49,19;
1370,2238,98,26.3,63.0,10.7,904,196;
1371,1828,105,23.4,63.5,13.2,550,175;
1372,14663,275,21.4,61.9,16.8,11586,1351;
1373,3274,277,24.6,61.9,13.5,1147,241;
1374,913,132,25.3,59.8,14.9,338,86;
1375,2324,50,23.3,60.9,15.8,896,224;
1401,5736,107,21.2,65.2,13.6,3071,512;
1402,3989,53,18.9,61.8,19.2,2520,497;
1403,3607,42,22.0,63.5,14.4,1334,327;
1404,5800,63,24.0,62.3,13.7,2453,471;
1405,2098,45,22.3,57.8,19.9,1157,188;
1406,4926,91,23.5,60.3,16.2,3121,383;
1407,9959,136,19.4,62.7,17.8,7947,1263;
1501,3319,137,20.2,62.6,17.1,1121,252;
1502,5370,540,20.8,64.2,15.0,1849,364;
1503,1782,115,24.5,61.3,14.2,722,146;
1504,1328,53,15.4,66.3,18.3,352,125;
1505,4484,481,16.8,62.8,20.4,1282,314;
1506,2095,149,21.8,65.2,13.1,580,150;
1507,5487,383,15.3,63.8,20.9,3617,793;
1508,3101,191,22.8,62.1,15.1,1171,195;
1509,8112,731,20.4,62.9,16.7,8461,963;
1510,4417,485,14.9,64.3,20.8,2178,443;
1511,2089,23,25.8,60.4,13.9,875,216;
1630,17198,117,20.5,63.2,16.3,8218,1292;
1631,9859,23,17.7,61.2,21.1,5000,828;
1632,12312,119,20.7,61.1,18.2,8163,1202;
1701,22355,900,20.6,63.7,15.7,22594,3243;
1702,15020,848,21.0,64.6,14.4,9730,1660;
1703,8804,477,23.7,62.5,13.8,6354,1163;
1704,4335,158,21.2,60.4,18.4,1804,371;
1705,2006,253,24.6,63.1,12.3,1079,231;
1706,5653,188,22.5,61.9,15.6,1923,498;
1707,9779,658,21.1,68.6,10.2,8374,975;
1708,9213,1824,21.6,63.3,15.1,7677,909;
1709,8280,324,21.6,61.0,17.4,3115,644;
1710,3593,265,20.4,62.3,17.3,1069,316;
1711,27537,1274,17.5,64.0,18.4,39923,7013;
2004,385,107,23.1,62.9,14.0,101,29;
2005,710,150,27.0,62.4,10.6,121,38;
2008,405,309,24.7,62.7,12.6,37,19;
2009,365,56,21.9,62.2,15.9,80,33;
2010,1242,242,22.2,58.9,18.8,168,83;
2011,1496,152,25.5,59.2,15.3,366,94;
2013,2884,324,26.8,59.4,13.8,1991,204;
2014,911,205,26.7,64.3,9.0,161,57;
2015,6011,676,23.1,62.0,14.9,3234,407;
2016,878,215,29.4,58.3,12.3,208,41;
2022,911,312,22.3,61.3,16.5,199,45;
2024,629,72,24.2,63.3,12.6,108,35;
2025,1036,188,28.6,59.9,11.5,296,70;
2027,340,78,29.4,57.1,13.5,108,24;
2029,2103,120,25.3,59.4,15.2,500,149;
2033,137,53,24.8,56.2,19.0,42,14;
2034,595,73,25.7,60.7,13.6,175,41;
2035,388,97,28.4,56.4,15.2,146,42;
2038,65,36,27.7,58.5,13.8,15,8;
2039,362,114,26.0,60.2,13.8,92,25;
2040,211,57,19.0,65.9,15.2,26,14;
2041,1526,194,25.3,60.6,14.1,462,86;
2043,249,100,27.3,62.2,10.4,193,29;
2044,311,65,19.6,60.5,19.9,65,22;
2045,351,100,27.1,61.3,11.7,55,22;
2047,347,98,25.4,61.4,13.3,79,16;
2049,228,41,25.9,60.5,13.6,47,19;
2050,1333,129,24.7,62.5,12.8,327,91;
2051,971,134,18.5,59.8,21.6,176,59;
2052,1068,129,29.1,58.7,12.2,229,61;
2061,275,142,29.5,57.5,13.1,49,22;
2063,659,135,25.8,60.2,14.0,467,44;
2066,258,127,28.7,60.9,10.5,36,20;
2067,372,50,29.8,53.8,16.4,120,45;
2068,742,118,29.8,56.3,13.9,152,53;
2072,304,62,22.0,66.1,11.8,59,24;
2079,190,57,26.3,61.1,12.6,53,25;
2086,453,107,24.3,62.7,13.0,95,38;
2087,1000,112,26.8,59.2,14.0,251,71;
2089,364,166,24.7,64.0,11.3,25,14;
2096,4841,445,24.1,62.0,14.0,3318,399;
2097,1336,119,23.7,64.4,12.0,268,91;
2099,2153,106,25.5,60.2,14.3,661,171;
2102,2564,171,27.4,59.0,13.5,928,173;
2111,1101,197,26.5,60.8,12.7,514,73;
2113,2118,88,27.6,59.2,13.2,595,189;
2114,1310,85,26.1,60.2,13.7,282,82;
2115,851,84,26.0,61.8,12.2,140,55;
2116,899,91,25.6,62.1,12.3,157,67;
2121,1424,24,20.9,58.6,20.6,441,116;
2122,1665,166,25.4,61.3,13.3,343,97;
2123,504,121,25.8,59.7,14.5,141,27;
2124,2442,243,21.9,61.4,16.7,866,107;
2125,20177,845,22.3,63.6,14.1,12855,1381;
2126,348,10,15.8,64.1,20.1,84,35;
2127,1947,25,20.8,58.6,20.6,818,156;
2128,248,122,19.8,65.3,14.9,26,14;
2129,757,79,25.8,58.3,16.0,171,54;
2130,301,169,8.6,62.5,28.9,21,13;
2131,767,166,27.1,62.1,10.8,106,46;
2134,778,32,26.6,60.4,13.0,157,54;
2135,2027,71,25.2,61.2,13.6,980,149;
2137,561,53,25.3,59.2,15.5,76,37;
2138,667,12,23.5,54.9,21.6,233,75;
2140,1696,217,28.9,59.6,11.6,951,97;
2143,588,237,26.7,58.3,15.0,140,35;
2145,1109,247,28.6,58.2,13.3,157,47;
2147,583,135,26.8,61.6,11.7,108,34;
2148,2201,284,23.8,63.4,12.8,1141,145;
2149,1449,60,24.1,60.4,15.5,577,111;
2152,1440,77,28.4,60.1,11.5,609,120;
2153,1006,115,24.4,61.9,13.7,315,71;
2155,994,98,24.1,61.4,14.5,483,107;
2160,2153,206,26.2,61.0,12.8,605,142;
2162,1190,36,22.9,60.8,16.4,315,72;
2171,762,124,26.1,61.9,11.9,98,38;
2172,74,31,24.3,58.1,17.6,21,9;
2173,710,114,24.2,62.8,13.0,133,50;
2174,1844,316,24.7,64.5,10.8,1330,184;
2175,2862,443,25.4,62.7,11.9,558,123;
2177,702,178,28.2,60.3,11.5,150,44;
2179,126,78,22.2,66.7,11.1,34,11;
2183,2140,381,24.2,62.7,13.1,587,102;
2184,1237,283,28.9,61.0,10.2,151,45;
2185,384,112,25.3,61.7,13.0,63,27;
2186,1385,279,29.4,59.3,11.3,273,45;
2189,1095,195,26.8,58.9,14.3,196,71;
2192,2130,212,27.1,62.2,10.8,809,149;
2194,278,275,22.7,64.4,12.9,77,18;
2196,36633,3939,19.2,64.4,16.4,31440,3334;
2197,3043,879,22.7,67.2,10.1,4377,310;
2198,2926,732,25.1,66.6,8.4,4367,264;
2200,1858,348,25.3,63.9,10.8,708,95;
2206,7729,1004,22.4,60.0,17.6,2604,382;
2208,1567,548,25.1,62.0,12.9,1171,103;
2211,2321,419,28.2,61.9,9.9,295,89;
2213,597,87,27.0,62.5,10.6,162,33;
2216,149,29,24.2,58.4,17.4,41,12;
2217,681,115,29.1,59.8,11.2,103,36;
2220,3022,163,25.3,60.6,14.1,841,147;
2221,937,165,25.1,62.9,12.1,178,69;
2222,1242,244,26.6,60.8,12.6,658,79;
2223,1189,115,29.4,59.7,10.9,251,75;
2225,139,278,21.6,61.9,16.5,15,9;
2226,1439,126,27.4,58.4,14.2,454,102;
2228,11975,2181,24.6,62.0,13.4,8501,607;
2230,84,60,21.4,73.8,4.8,12,4;
2231,938,152,27.5,62.8,9.7,198,54;
2233,2268,190,26.8,61.1,12.1,1066,144;
2234,1777,173,28.6,59.5,11.8,208,68;
2235,1002,145,27.7,61.5,10.8,203,64;
2243,514,56,20.2,59.3,20.4,162,45;
2250,1367,407,24.4,64.3,11.3,559,70;
2251,305,94,18.0,69.2,12.8,47,21;
2254,3503,863,27.1,63.1,9.8,2049,129;
2257,836,200,24.5,62.4,13.0,588,55;
2258,456,145,18.9,64.9,16.2,90,35;
2259,630,70,21.0,61.4,17.6,132,41;
2260,291,172,17.9,68.7,13.4,108,24;
2261,157,162,17.2,69.4,13.4,71,34;
2262,3927,227,23.6,63.5,12.9,812,216;
2264,424,238,28.8,59.0,12.3,125,23;
2265,4764,390,23.6,63.7,12.7,2377,359;
2266,595,198,18.8,67.7,13.4,87,37;
2270,182,78,19.2,62.6,18.1,51,19;
2271,597,1756,21.9,58.0,20.1,603,33;
2272,1635,143,25.0,61.8,13.2,358,89;
2274,951,842,18.8,62.9,18.3,416,65;
2275,6450,474,21.2,60.0,18.7,4079,635;
2276,1029,136,21.6,64.1,14.3,551,93;
2277,502,132,20.3,65.5,14.1,95,37;
2278,403,142,21.1,64.0,14.9,168,38;
2279,576,121,23.4,63.0,13.5,82,30;
2280,2011,202,22.2,61.1,16.7,800,146;
2281,1368,180,17.8,62.4,19.8,362,122;
2283,451,117,27.3,58.5,14.2,119,28;
2291,1994,124,21.4,62.4,16.2,558,145;
2292,650,200,21.8,62.9,15.2,76,32;
2293,7504,244,19.9,62.3,17.7,3554,547;
2294,1431,275,21.1,63.8,15.1,416,94;
2295,3346,233,21.1,64.7,14.1,1066,241;
2296,1366,150,23.9,61.3,14.7,314,95;
2298,1160,217,25.5,60.1,14.4,290,67;
2299,1944,33,19.3,61.0,19.7,1133,175;
2300,1020,56,19.3,65.4,15.3,122,60;
2301,1084,149,19.6,61.3,19.0,210,83;
2302,1925,115,18.8,65.0,16.2,575,155;
2303,942,133,22.8,60.7,16.5,169,63;
2304,1252,79,20.3,62.5,17.2,380,114;
2305,3949,293,23.3,62.1,14.6,1546,230;
2306,3097,369,21.7,60.8,17.5,1683,209;
2307,1228,340,22.3,62.5,15.2,384,67;
2308,2395,149,22.3,61.6,16.1,530,169;
2309,5326,403,21.9,63.5,14.5,2420,363;
2310,401,212,22.2,64.8,13.0,107,35;
2321,3100,318,27.9,61.3,10.8,669,165;
2323,1390,339,28.6,60.6,10.8,354,79;
2325,6090,127,24.2,62.6,13.2,3358,526;
2328,843,189,27.3,58.8,13.9,198,42;
2333,973,165,28.0,61.6,10.5,228,49;
2335,985,101,27.1,58.1,14.8,200,73;
2336,1344,46,24.6,61.8,13.6,346,90;
2337,1091,114,29.5,56.8,13.7,181,81;
2338,1136,85,29.4,58.9,11.7,272,86;
2401,3294,475,21.0,64.5,14.5,3170,279;
2402,1419,258,20.6,66.6,12.8,3121,175;
2403,1719,200,23.9,59.7,16.3,618,122;
2404,1949,272,23.6,64.6,11.9,2167,146;
2405,979,179,23.3,59.9,16.9,639,68;
2406,1964,209,22.7,64.4,13.0,657,134;
2407,5695,472,19.2,66.3,14.5,4998,436;
2408,2035,296,20.5,61.4,18.1,592,142;
2421,555,43,26.3,57.7,16.0,186,55;
2422,5776,368,20.9,61.9,17.2,2753,381;
2423,99,9,26.3,61.6,12.1,41,14;
2424,555,34,20.4,57.3,22.3,148,40;
2425,635,82,21.3,57.6,21.1,222,54;
2426,1682,108,23.9,59.9,16.2,447,125;
2427,1291,115,21.1,62.7,16.3,405,117;
2428,2511,71,22.2,59.0,18.8,867,205;
2429,1116,86,20.4,57.3,22.2,289,82;
2441,171,83,16.4,66.7,17.0,70,27;
2442,287,101,16.4,65.9,17.8,72,26;
2444,255,85,22.4,62.4,15.3,53,19;
2445,323,77,19.8,64.4,15.8,83,25;
2446,206,120,18.9,60.2,20.9,33,16;
2449,192,99,19.3,64.1,16.7,43,17;
2450,266,118,24.8,60.5,14.7,87,32;
2452,261,123,21.5,62.8,15.7,69,18;
2453,334,209,20.1,64.1,15.9,199,22;
2455,723,164,18.8,59.8,21.4,163,62;
2456,330,108,16.4,61.8,21.8,183,36;
2457,1401,118,22.5,59.2,18.3,459,113;
2458,344,105,21.5,64.0,14.5,166,39;
2461,1055,147,22.3,61.2,16.5,309,81;
2462,191,104,22.5,60.7,16.8,57,21;
2463,213,137,20.2,68.5,11.3,56,22;
2464,1008,129,22.5,61.1,16.4,481,84;
2471,1186,710,23.8,64.4,11.8,564,101;
2472,965,155,24.1,61.6,14.3,202,66;
2473,6325,1096,19.6,60.2,20.2,2579,509;
2474,852,142,23.8,60.9,15.3,555,63;
2475,1293,155,23.5,61.3,15.2,300,108;
2476,3114,414,21.4,59.9,18.7,594,182;
2477,921,108,17.0,62.8,20.2,251,64;
2478,1474,232,22.0,61.3,16.6,194,84;
2479,1274,239,21.5,57.1,21.4,184,84;
2480,998,61,18.4,61.4,20.1,248,86;
2481,1387,519,21.8,58.7,19.5,422,88;
2491,316,59,25.6,60.1,14.2,80,35;
2492,506,59,22.9,59.3,17.8,112,44;
2493,3864,291,21.9,61.3,16.8,888,210;
2495,3742,864,20.2,62.3,17.5,1113,179;
2497,2132,586,18.4,63.9,17.7,447,112;
2498,99,44,26.3,59.6,14.1,29,13;
2499,1017,165,20.2,62.4,17.4,173,59;
2500,6309,828,20.2,59.9,19.9,2944,285;
2501,1766,448,19.0,61.6,19.4,278,82;
2502,419,88,21.2,63.2,15.5,86,28;
2503,3263,368,21.0,61.3,17.7,690,159;
2511,1213,223,17.2,67.6,15.2,203,73;
2513,8125,661,19.2,61.1,19.7,3078,458;
2514,564,266,27.7,61.3,11.0,58,26;
2516,2233,292,21.5,60.4,18.0,868,162;
2517,6058,1078,20.7,62.9,16.4,1869,335;
2518,769,228,19.5,62.0,18.5,451,63;
2519,4888,2642,21.4,60.9,17.7,1585,232;
2520,861,470,20.9,60.5,18.6,113,50;
2523,839,319,23.0,58.5,18.5,220,50;
2524,92,91,17.4,54.3,28.3,13,7;
2525,1259,1104,19.5,64.5,16.0,510,95;
2526,2634,592,19.1,61.8,19.1,877,172;
2527,3374,746,19.6,61.9,18.5,1226,182;
2528,1116,734,18.5,62.9,18.6,478,99;
2529,771,321,24.6,57.5,17.9,80,34;
2530,1730,513,19.1,62.8,18.1,339,109;
2532,2995,479,22.3,63.4,14.3,2294,182;
2534,8715,1882,18.7,64.0,17.3,4527,395;
2535,726,159,20.2,67.1,12.7,137,44;
2541,194,35,18.6,66.0,15.5,81,29;
2542,5151,977,19.0,60.6,20.4,2311,290;
2543,4834,396,18.7,61.8,19.4,2194,250;
2544,919,368,14.9,60.2,24.9,274,87;
2545,949,305,17.6,62.2,20.2,438,63;
2546,16173,622,17.6,60.3,22.1,10578,1107;
2547,1142,218,19.4,60.6,20.1,213,82;
2548,734,540,23.7,63.4,12.9,126,35;
2549,33,35,15.2,66.7,18.2,12,6;
2550,3756,1946,18.5,58.7,22.7,1525,206;
2551,1434,248,20.9,60.3,18.9,167,83;
2553,1651,138,22.2,58.1,19.7,478,102;
2554,2193,306,20.4,60.2,19.4,424,133;
2555,1443,165,17.7,61.3,21.0,324,109;
2556,3160,162,21.9,58.9,19.2,1610,221;
2571,730,263,21.4,69.2,9.5,193,35;
2572,2769,512,18.6,64.4,17.1,2085,205;
2573,4725,780,19.5,62.5,18.0,1276,218;
2574,316,175,14.9,69.3,15.8,209,28;
2575,1676,371,20.8,63.0,16.2,559,115;
2576,2463,425,21.9,64.4,13.6,879,164;
2578,1636,415,19.3,66.9,13.8,781,99;
2579,4684,336,21.6,61.0,17.4,2913,319;
2580,2989,587,19.5,64.6,15.8,543,126;
2581,17133,1491,16.7,63.2,20.1,18399,1681;
2582,883,320,16.6,66.3,17.1,820,69;
2583,4826,1294,20.0,61.5,18.5,2411,379;
2584,1631,886,22.1,59.9,18.0,370,68;
2585,710,158,21.5,61.5,16.9,123,44;
2586,4881,701,20.3,61.6,18.1,2717,212;
2601,16465,2622,16.1,65.2,18.8,20023,2044;
2611,819,73,15.8,64.6,19.7,151,62;
2612,282,12,22.3,57.8,19.9,133,50;
2613,3573,525,21.9,60.8,17.3,2109,254;
2614,2052,272,22.3,60.9,16.8,605,120;
2615,893,120,21.7,59.9,18.4,439,79;
2616,631,426,24.1,57.7,18.2,73,30;
2617,471,154,20.8,59.4,19.7,59,20;
2618,925,154,17.5,64.0,18.5,123,66;
2619,1249,77,21.2,56.8,22.0,404,89;
2620,618,107,20.7,60.2,19.1,103,36;
2621,1851,179,21.5,60.4,18.1,803,142;
2622,618,170,23.3,58.6,18.1,108,34;
2701,165566,6925,16.2,64.0,19.8,178963,15630;
2702,1160,520,18.2,59.1,22.7,492,49;
2703,20699,1906,19.1,53.9,26.9,4756,1041;
2761,10220,1383,19.6,60.9,19.5,5006,604;
2762,19898,2231,17.4,60.3,22.3,9927,1154;
2763,9073,1309,19.4,56.4,24.2,5605,639;
2764,3182,772,22.7,57.2,20.1,1057,223;
2765,14817,3345,17.3,58.8,23.9,6705,985;
2766,10277,4078,16.1,58.9,24.9,3884,562;
2767,6186,2069,17.7,58.3,23.9,1493,323;
2768,4887,770,19.5,60.0,20.5,1171,261;
2769,11715,1632,19.4,59.1,21.6,10154,904;
2770,17339,1042,18.4,59.0,22.5,13040,1190;
2771,10721,1361,20.2,58.5,21.3,3508,689;
2772,2210,451,20.4,58.1,21.6,296,115;
2773,18661,2666,18.2,57.8,24.0,11887,1237;
2774,1416,1041,21.2,58.5,20.3,358,91;
2775,9784,1282,21.5,58.0,20.6,2861,539;
2781,675,95,18.1,63.6,18.4,104,44;
2782,1610,171,23.8,61.4,14.8,321,90;
2783,256,90,23.0,58.2,18.8,39,22;
2784,753,112,19.7,58.3,22.0,242,61;
2785,1421,242,20.8,65.2,14.0,535,110;
2786,1777,537,19.6,65.6,14.8,491,96;
2787,5322,468,19.9,61.6,18.5,3928,478;
2788,1170,94,19.1,61.5,19.3,806,75;
2789,427,117,23.4,60.9,15.7,106,33;
2790,285,43,22.5,63.5,14.0,63,31;
2791,1838,183,19.9,64.4,15.7,246,87;
2792,1343,248,21.3,63.7,15.0,169,66;
2793,2180,472,20.8,65.4,13.8,861,185;
2821,1612,161,22.3,58.9,18.8,635,123;
2822,840,512,12.4,63.7,23.9,819,87;
2823,4393,407,22.1,62.0,15.9,2473,335;
2824,6296,1369,20.8,61.8,17.4,1660,260;
2825,4311,935,17.5,57.9,24.6,2097,270;
2826,1029,768,19.6,65.7,14.7,204,68;
2827,316,189,20.3,59.8,19.9,38,19;
2828,4868,876,19.8,64.4,15.9,1509,272;
2829,13708,754,19.8,62.0,18.2,15696,1363;
2830,1359,436,22.7,57.0,20.3,152,76;
2831,15282,1430,19.4,61.5,19.1,13282,1068;
2832,672,300,21.9,61.0,17.1,111,47;
2833,1289,361,19.9,57.9,22.2,213,60;
2834,1572,202,25.9,58.1,16.0,364,106;
2841,580,146,25.2,61.7,13.1,98,49;
2842,777,341,19.8,63.4,16.7,544,56;
2843,686,345,20.0,60.2,19.8,148,51;
2844,955,108,19.8,60.3,19.9,205,72;
2845,645,448,22.2,62.9,14.9,169,29;
2846,5733,586,19.8,60.3,19.9,2421,463;
2847,280,71,25.4,60.7,13.9,128,27;
2848,272,80,16.9,63.2,19.9,53,23;
2849,2018,643,20.8,65.2,14.1,1070,103;
2850,479,324,20.5,58.0,21.5,79,23;
2851,156,98,21.2,60.9,17.9,26,14;
2852,1293,159,21.2,58.8,20.0,400,96;
2853,929,183,20.8,64.2,15.1,264,76;
2854,249,145,20.5,64.3,15.3,52,22;
2855,475,66,24.0,60.0,16.0,132,51;
2856,1976,285,20.2,61.9,17.9,737,127;
2857,575,199,21.0,65.9,13.0,97,41;
2858,777,71,21.6,62.4,16.0,162,66;
2859,368,161,22.0,61.4,16.6,121,24;
2860,764,153,21.1,58.0,20.9,158,62;
2861,6256,705,20.3,63.3,16.4,4099,580;
2862,856,364,22.5,63.6,13.9,164,35;
2863,867,186,17.3,66.0,16.7,377,64;
2864,1353,601,19.1,64.0,16.9,280,54;
2865,699,118,21.7,56.8,21.5,202,69;
2866,615,88,19.5,62.6,17.9,154,52;
2867,412,128,27.2,56.3,16.5,133,36;
2868,454,57,22.7,58.8,18.5,128,43;
2869,2492,362,19.8,61.0,19.2,510,137;
2881,529,152,22.5,59.4,18.1,85,33;
2882,641,98,25.7,58.5,15.8,222,61;
2883,765,104,25.5,56.6,17.9,153,60;
2884,1555,161,23.6,61.4,15.0,406,126;
2885,515,46,19.0,63.7,17.3,327,65;
2886,2363,392,22.3,60.7,17.0,823,143;
2887,517,130,20.1,59.2,20.7,81,38;
2888,952,61,18.2,64.7,17.1,326,85;
2889,322,44,21.1,58.4,20.5,85,28;
2890,166,86,18.1,62.0,19.9,93,14;
2891,1748,396,21.2,59.7,19.1,744,116;
2892,2335,377,22.2,59.6,18.2,1089,154;
2893,1545,167,23.0,57.4,19.5,529,137;
2894,412,111,19.7,61.2,19.2,83,34;
2895,1191,143,22.3,62.6,15.1,687,88;
2901,779,109,19.1,60.5,20.4,231,81;
2903,1376,201,23.1,60.5,16.4,245,88;
2904,1997,111,21.3,63.2,15.5,870,160;
2914,356,89,23.0,61.2,15.7,89,33;
2915,907,156,18.3,65.4,16.3,213,72;
2917,704,144,23.4,63.2,13.4,123,56;
2919,1266,270,25.5,58.7,15.8,143,54;
2920,5034,253,19.5,60.6,19.9,2768,401;
2931,283,34,19.1,64.3,16.6,111,33;
2932,4016,215,20.7,60.0,19.2,2224,264;
2933,837,142,21.6,60.2,18.2,237,71;
2936,820,47,24.3,59.9,15.9,261,76;
2937,10220,1278,18.0,60.5,21.5,5669,755;
2938,755,138,20.9,62.5,16.6,202,70;
2939,35413,846,17.8,61.8,20.3,24396,2928;
2951,512,41,24.8,57.2,18.0,135,63;
2952,1698,79,21.1,55.8,23.1,785,165;
2953,797,85,18.9,61.4,19.7,198,66;
2961,329,87,18.8,65.3,15.8,69,27;
2962,431,54,22.0,59.9,18.1,87,38;
2963,1345,100,20.7,60.9,18.4,884,152;
2964,3286,570,18.1,58.5,23.4,1781,351;
2971,2065,135,22.2,57.0,20.8,936,202;
2972,431,71,22.7,61.5,15.8,124,45;
2973,583,141,22.0,61.6,16.5,236,71;
2974,1715,81,23.4,60.6,15.9,843,180;
3001,15222,604,19.6,62.9,17.5,9304,1372;
3002,974,41,28.6,57.5,13.9,430,124;
3003,492,94,24.8,56.7,18.5,121,60;
3004,1476,85,24.9,59.8,15.2,433,154;
3005,1357,145,22.4,61.2,16.4,454,143;
3006,2241,46,24.1,58.4,17.6,994,220;
3007,1778,264,25.0,57.0,17.9,823,141;
3021,1705,304,24.8,57.7,17.5,754,140;
3022,3018,142,21.9,60.5,17.6,1224,294;
3023,4183,512,21.7,58.7,19.7,1088,332;
3024,5975,392,18.9,59.7,21.4,2555,628;
3025,1679,168,21.9,62.4,15.7,905,175;
3031,1021,242,21.2,59.0,19.9,279,79;
3032,4012,537,20.0,60.0,20.0,2657,377;
3033,1254,555,18.7,67.8,13.6,301,113;
3034,1709,254,22.2,59.3,18.5,541,146;
3035,673,135,17.8,63.4,18.7,207,65;
3036,843,124,24.3,57.5,18.1,304,93;
3037,2106,302,18.6,64.9,16.6,1310,203;
3038,1720,247,20.2,61.7,18.1,802,164;
3101,5661,336,20.0,61.1,18.9,4741,771;
3102,1452,59,23.3,56.5,20.2,608,178;
3103,3441,84,26.9,57.7,15.5,1024,331;
3104,1134,63,24.1,61.4,14.6,406,158;
3105,2130,37,27.8,57.7,14.5,968,234;
3111,1899,129,20.7,59.4,19.9,684,190;
3201,1214,133,27.1,59.1,13.8,331,99;
3202,1178,114,26.5,60.4,13.2,507,129;
3203,74111,1881,17.9,64.7,17.4,75751,6766;
3204,9572,784,20.6,60.0,19.4,3367,475;
3211,835,223,23.6,58.9,17.5,175,65;
3212,2238,251,22.4,58.2,19.4,410,158;
3213,9151,1947,19.6,60.4,20.0,4224,470;
3214,3576,364,24.0,60.1,16.0,1167,261;
3215,8918,5038,18.3,63.6,18.1,5639,772;
3216,7027,986,18.9,63.1,18.0,1708,289;
3217,3402,759,21.0,60.3,18.7,2108,202;
3218,1286,649,22.6,59.3,18.1,762,113;
3219,1039,146,28.9,60.0,11.2,253,91;
3231,7097,1516,20.2,62.8,17.0,4923,578;
3232,4530,697,20.9,63.0,16.1,3990,312;
3233,3763,668,20.5,62.8,16.7,1976,286;
3234,5957,532,23.6,63.5,12.9,3480,476;
3235,3241,1467,19.6,60.8,19.7,1452,264;
3236,5742,837,20.2,63.5,16.3,3428,478;
3237,6351,661,21.7,62.0,16.3,4319,509;
3238,8864,2096,22.9,62.7,14.5,3900,602;
3251,11075,280,22.2,60.6,17.2,7112,919;
3252,1508,278,25.1,63.1,11.9,261,91;
3253,2074,472,25.3,61.8,13.0,644,139;
3254,8439,244,24.6,61.4,14.1,4032,575;
3255,4390,1000,21.4,61.7,16.9,1341,251;
3256,2112,226,22.4,63.0,14.6,1113,139;
3271,11536,723,19.1,64.5,16.5,7032,919;
3272,3180,143,24.2,62.3,13.5,1166,251;
3273,6943,127,23.1,61.4,15.5,3230,440;
3274,4949,119,20.5,66.0,13.5,3628,385;
3275,4676,154,21.9,64.3,13.8,2142,289;
3276,5163,124,22.9,61.8,15.3,2089,345;
3291,5590,220,17.7,62.5,19.8,3025,455;
3292,4889,65,23.5,59.6,16.8,2903,437;
3293,8537,61,22.8,61.8,15.4,3604,605;
3294,1550,12,24.5,58.2,17.4,1091,159;
3295,2812,46,19.8,61.9,18.3,1083,237;
3296,5779,612,19.1,65.1,15.8,3700,440;
3297,4488,137,24.3,61.0,14.7,1509,253;
3298,5432,119,21.5,60.9,17.6,2209,377;
3311,1695,39,18.2,58.2,23.7,500,163;
3312,2787,169,25.8,62.2,12.0,1175,230;
3313,4546,243,24.3,63.1,12.6,1561,322;
3315,3620,91,22.9,62.6,14.4,1340,290;
3316,1591,295,22.1,56.8,21.1,504,112;
3338,3422,827,21.2,62.0,16.8,1548,249;
3339,5998,794,24.2,60.9,15.0,3799,420;
3340,26354,1184,19.4,61.9,18.7,16035,1997;
3341,4896,146,23.4,59.8,16.8,1395,389;
3342,8760,160,24.2,60.6,15.2,3834,656;
3352,4945,114,20.9,57.2,21.8,2005,361;
3359,2642,30,21.7,57.5,20.8,1495,314;
3360,3665,40,22.9,56.0,21.1,1888,439;
3372,925,46,26.4,57.4,16.2,337,123;
3374,1924,682,18.5,64.2,17.4,782,141;
3375,1330,105,26.2,58.9,14.9,473,121;
3378,4048,83,23.8,60.8,15.3,1531,434;
3379,8382,164,21.5,58.0,20.5,4813,734;
3392,8416,198,24.3,61.6,14.2,4602,661;
3393,1427,102,26.3,61.7,12.0,641,163;
3394,2840,56,27.4,57.7,14.9,1011,289;
3395,4540,208,23.1,59.5,17.4,2121,407;
3401,3962,274,24.7,58.5,16.8,1608,289;
3402,10126,882,22.7,60.7,16.6,4518,579;
3405,3720,338,26.3,62.0,11.6,1874,260;
3407,6011,427,23.1,60.2,16.7,2083,416;
3408,12726,878,22.8,61.5,15.7,7112,638;
3422,1460,92,28.2,60.3,11.6,718,142;
3423,2926,179,29.0,58.8,12.2,914,232;
3424,4172,236,24.7,62.3,13.0,2608,336;
3426,4720,527,23.8,63.0,13.2,1688,344;
3427,22985,1105,19.8,62.9,17.3,13939,1787;
3441,1887,300,27.6,58.2,14.1,780,121;
3442,8018,633,22.0,60.9,17.1,2163,433;
3443,17941,652,20.7,62.5,16.7,12539,1238;
3444,3439,110,28.3,58.1,13.6,1373,338;
3501,142,35,16.9,64.1,19.0,61,17;
3502,97,11,20.6,58.8,20.6,31,15;
3503,80,8,25.0,55.0,20.0,29,13;
3504,140,13,25.0,57.1,17.9,49,21;
3505,256,17,19.5,63.3,17.2,249,45;
3506,2617,62,16.5,63.5,20.0,2472,363;
3511,406,11,15.5,56.4,28.1,212,49;
3512,128,10,18.8,56.3,25.0,23,12;
3513,543,25,17.5,59.5,23.0,156,55;
3514,249,22,14.9,58.6,26.5,77,16;
3515,200,29,20.5,61.0,18.5,107,21;
3521,449,3,20.0,59.7,20.3,369,81;
3522,461,10,17.6,62.7,19.7,226,47;
3531,200,3,14.5,55.0,30.5,119,40;
3532,248,35,17.3,64.9,17.7,84,22;
3533,35,2,8.6,71.4,20.0,14,5;
3534,27,1,7.4,44.4,48.1,11,5;
3536,297,5,17.8,58.9,23.2,167,43;
3538,212,7,21.2,63.2,15.6,106,34;
3539,1011,45,16.2,65.5,18.3,821,146;
3540,81,3,16.0,51.9,32.1,31,16;
3541,333,6,15.9,61.6,22.5,117,37;
3551,1115,24,15.4,58.2,26.4,688,141;
3561,3575,19,18.8,58.9,22.3,1974,395;
3571,395,55,14.2,68.6,17.2,71,26;
3572,583,26,18.4,58.8,22.8,285,49;
3574,2353,505,18.3,60.8,20.9,2762,313;
3575,1411,44,13.0,67.3,19.7,1310,177;
3576,109,15,12.8,61.5,25.7,25,13;
3577,191,29,23.0,56.5,20.4,36,17;
3578,104,10,14.4,64.4,21.2,17,10;
3579,66,4,13.6,59.1,27.3,17,8;
3580,353,28,17.0,61.2,21.8,67,27;
3581,676,98,20.1,61.8,18.0,120,41;
3582,560,117,17.5,67.0,15.5,188,57;
3583,115,39,21.7,64.3,13.9,25,11;
3584,190,42,18.9,60.0,21.1,31,18;
3593,83,5,30.1,56.6,13.3,28,15;
3598,33,1,36.4,51.5,12.1,10,6;
3603,986,6,18.3,58.3,23.4,629,111;
3611,213,16,18.3,55.9,25.8,75,28;
3612,825,13,18.1,61.2,20.7,494,129;
3613,25,1,16.0,76.0,8.0,8,4;
3614,420,36,19.3,63.1,17.6,164,40;
3615,169,13,15.4,56.8,27.8,31,17;
3616,349,11,17.8,58.7,23.5,111,38;
3617,303,35,16.5,61.4,22.1,148,34;
3618,2139,13,17.1,58.5,24.4,975,296;
3631,221,26,25.3,56.1,18.6,31,18;
3633,367,278,21.0,62.4,16.6,164,31;
3634,468,102,27.8,57.7,14.5,101,40;
3635,242,314,20.2,68.6,11.2,30,18;
3636,277,165,17.3,69.3,13.4,66,34;
3637,310,100,22.3,66.5,11.3,431,29;
3638,818,57,22.2,58.6,19.2,369,61;
3640,897,96,22.7,57.7,19.5,280,65;
3661,2121,68,21.5,62.1,16.4,1068,171;
3662,216,35,26.9,56.5,16.7,58,26;
3663,427,102,22.7,67.2,10.1,78,37;
3668,2937,431,20.2,61.8,18.0,2451,332;
3669,137,6,16.1,63.5,20.4,76,34;
3670,116,27,8.6,55.2,36.2,78,24;
3671,725,24,22.8,59.6,17.7,208,94;
3672,921,6,22.1,55.8,22.0,422,164;
3681,171,2,20.5,55.0,24.6,108,34;
3691,66,1,21.2,50.0,28.8,30,16;
3693,157,6,27.4,47.8,24.8,71,26;
3694,406,7,12.3,61.8,25.9,243,61;
3695,121,3,16.5,56.2,27.3,54,22;
3701,883,19,20.0,55.3,24.7,450,103;
3703,49,2,20.4,65.3,14.3,37,9;
3705,213,46,24.9,58.7,16.4,112,32;
3707,42,5,16.7,54.8,28.6,23,9;
3708,47,3,23.4,57.4,19.1,31,13;
3711,56,28,14.3,75.0,10.7,6,3;
3712,424,17,22.6,58.0,19.3,219,51;
3713,89,1,20.2,58.4,21.3,33,8;
3721,2912,202,22.4,64.2,13.4,1469,176;
3722,7448,308,22.3,61.5,16.2,3029,362;
3723,1344,100,25.8,59.2,15.0,336,73;
3731,2361,176,23.5,63.4,13.1,401,114;
3732,2643,52,15.6,63.3,21.1,1768,311;
3733,1222,30,18.0,64.8,17.2,260,87;
3734,1251,27,19.3,64.3,16.5,368,96;
3741,426,7,18.5,56.8,24.6,180,54;
3742,161,5,18.6,62.1,19.3,90,36;
3743,233,5,19.3,63.5,17.2,86,29;
3744,214,2,13.1,63.6,23.4,105,27;
3745,370,8,18.9,67.3,13.8,292,37;
3746,1150,6,20.5,60.4,19.0,628,129;
3752,793,14,16.3,71.6,12.1,1208,162;
3761,532,12,21.8,57.0,21.2,279,56;
3762,2333,16,18.6,62.0,19.4,2251,303;
3763,903,8,19.5,61.1,19.4,363,121;
3764,914,6,21.9,58.1,20.0,421,123;
3781,636,14,15.9,69.2,14.9,350,64;
3782,1509,63,19.0,64.0,17.0,893,162;
3783,234,14,17.9,65.0,17.1,92,27;
3784,2080,18,18.1,68.1,13.8,1870,239;
3785,759,12,17.1,66.8,16.1,251,82;
3786,2982,26,18.2,64.7,17.1,2798,382;
3787,5147,179,14.6,66.3,19.1,7521,828;
3788,748,5,19.0,64.2,16.8,292,82;
3789,773,12,15.7,69.1,15.3,928,114;
3790,1012,23,12.7,65.4,21.8,878,133;
3791,1277,19,27.8,55.6,16.6,862,159;
3792,1576,6,17.3,59.3,23.5,934,211;
3801,86,5,5.8,66.3,27.9,84,12;
3803,51,7,9.8,70.6,19.6,16,8;
3804,94,8,11.7,56.4,31.9,31,11;
3805,236,60,16.1,53.4,30.5,45,18;
3806,35,3,17.1,51.4,31.4,15,6;
3808,120,2,5.0,65.0,30.0,24,14;
3810,117,13,12.8,59.0,28.2,19,14;
3811,33,11,15.2,60.6,24.2,24,10;
3821,725,14,19.7,60.8,19.4,220,89;
3822,1260,8,15.3,59.1,25.6,575,139;
3823,352,8,14.8,54.3,31.0,138,33;
3831,535,36,19.1,62.2,18.7,201,50;
3832,987,67,18.1,62.6,19.3,760,127;
3833,132,14,19.7,58.3,22.0,20,11;
3834,2489,64,20.3,60.5,19.2,753,246;
3835,742,34,17.0,65.0,18.1,385,71;
3836,152,12,21.1,59.9,19.1,20,11;
3847,1545,8,16.9,59.7,23.4,1018,251;
3851,11156,39,17.3,65.3,17.4,8611,1153;
3861,597,24,22.3,57.8,19.9,230,60;
3862,186,6,28.5,48.9,22.6,76,31;
3863,1141,44,20.9,58.5,20.5,409,116;
3871,3909,20,17.6,58.8,23.6,2240,471;
3881,225,12,20.0,58.7,21.3,67,31;
3882,842,103,20.7,61.8,17.6,547,109;
3883,741,28,20.5,57.0,22.5,250,68;
3891,1206,38,21.3,57.6,21.1,403,148;
3893,358,7,26.3,56.1,17.6,147,63;
3901,34087,1213,16.8,63.9,19.3,31562,3619;
3911,2083,43,18.4,64.9,16.7,783,194;
3921,3310,21,15.4,63.8,20.8,3042,477;
3926,502,66,14.5,66.3,19.1,83,40;
3932,311,11,13.8,65.3,20.9,129,43;
3941,1003,54,24.7,61.3,14.0,307,64;
3945,3100,72,21.2,64.6,14.2,1057,210;
3946,2407,87,25.6,60.8,13.6,701,144;
3947,3192,290,20.3,63.2,16.5,983,209;
3951,595,30,18.5,65.2,16.3,167,59;
3952,867,82,22.0,63.3,14.6,352,81;
3953,2587,80,19.7,61.8,18.5,1608,306;
3954,2308,202,23.3,60.8,15.9,861,231;
3955,8458,448,19.7,64.8,15.6,5590,618;
3961,1921,44,21.6,63.2,15.2,1138,180;
3962,2576,42,23.1,59.9,17.0,1394,215;
3972,1378,28,24.3,58.4,17.3,607,102;
3981,1286,25,22.5,55.6,21.9,597,133;
3982,2045,22,17.0,59.8,23.2,1076,199;
3983,422,3,19.4,54.0,26.5,138,51;
3985,1247,12,20.9,54.4,24.8,473,112;
3986,1542,12,14.9,66.3,18.8,771,159;
3987,1221,24,17.5,57.2,25.2,578,128;
4001,20103,1630,16.6,65.3,18.1,32558,2390;
4002,1481,360,16.6,64.7,18.7,291,65;
4003,7262,1362,20.6,64.0,15.4,4663,356;
4004,694,55,18.0,62.7,19.3,300,64;
4005,3762,382,20.0,59.7,20.3,880,160;
4006,7163,415,20.9,62.2,16.9,2465,354;
4007,1493,423,21.1,63.8,15.1,669,74;
4008,5866,493,20.1,61.4,18.5,1333,293;
4009,3688,525,20.5,63.3,16.2,1158,220;
4010,7663,1070,21.3,61.1,17.6,4233,454;
4012,9673,912,22.6,62.4,15.0,4894,417;
4013,4004,1390,20.9,59.7,19.4,1869,194;
4021,18522,1405,17.3,67.5,15.2,31003,2165;
4022,1588,321,19.8,64.4,15.8,689,93;
4023,2404,405,17.8,61.7,20.5,1056,193;
4024,2727,350,21.1,64.5,14.3,907,160;
4026,3167,1501,15.9,66.8,17.4,695,164;
4027,5441,1075,20.2,62.3,17.5,1345,242;
4028,942,236,25.9,61.9,12.2,106,55;
4029,4801,850,18.9,65.0,16.1,1528,275;
4030,1825,751,21.7,63.7,14.6,623,110;
4031,1622,332,22.7,63.1,14.2,407,103;
4032,2041,586,25.6,62.6,11.9,2565,191;
4033,4748,975,20.7,65.6,13.7,1668,327;
4034,8360,1554,20.0,64.0,15.9,2300,351;
4035,3649,1096,19.8,63.8,16.4,757,198;
4037,3929,916,18.2,60.6,21.2,737,199;
4038,8450,1011,19.7,60.2,20.0,1848,374;
4039,2053,528,23.9,63.4,12.7,490,129;
4040,10930,1271,22.7,64.8,12.5,8017,677;
4041,1758,399,24.1,63.7,12.3,939,140;
4042,2937,1895,20.4,66.8,12.8,1036,135;
4044,6876,831,21.7,62.5,15.8,1747,259;
4045,20135,1898,18.1,62.2,19.8,8373,1187;
4046,1458,332,22.8,64.5,12.7,286,91;
4047,4239,452,22.4,62.8,14.8,3461,271;
4048,5850,649,22.7,60.8,16.5,2354,360;
4049,4304,590,23.0,60.5,16.5,855,232;
4061,1830,541,22.3,65.5,12.2,269,102;
4062,4519,842,21.3,63.4,15.3,1274,301;
4063,6447,804,20.6,63.5,15.9,4002,553;
4064,949,337,22.1,64.5,13.4,203,63;
4065,3571,920,20.1,65.3,14.6,812,188;
4066,904,367,18.0,67.9,14.0,143,50;
4067,1473,480,22.7,65.9,11.5,372,79;
4068,2312,298,21.8,62.8,15.4,782,151;
4069,1133,339,24.1,65.3,10.6,266,56;
4071,1966,345,25.2,63.6,11.1,543,113;
4072,2441,397,23.5,64.3,12.2,1045,163;
4073,1956,602,21.0,64.4,14.7,411,119;
4074,2155,403,20.9,61.0,18.1,420,145;
4075,4319,880,21.2,63.2,15.7,951,225;
4076,2534,305,23.2,62.7,14.1,607,139;
4077,1375,418,23.4,63.6,12.9,229,71;
4078,428,175,23.6,62.6,13.8,84,37;
4079,1277,284,21.3,65.9,12.8,286,80;
4080,6448,540,20.8,66.4,12.8,3646,419;
4081,3581,1372,18.1,61.0,20.9,809,176;
4082,14879,1192,21.5,61.2,17.4,7059,1012;
4083,4250,884,20.3,63.3,16.4,1069,198;
4084,607,366,24.5,65.1,10.4,80,30;
4091,1531,270,18.7,63.9,17.4,264,96;
4092,4197,831,24.3,62.4,13.3,2738,139;
4093,663,222,19.9,66.4,13.7,262,51;
4094,743,188,19.1,66.4,14.5,169,51;
4095,10611,1668,18.2,62.0,19.8,7629,910;
4096,581,85,16.9,67.5,15.7,218,55;
4097,271,64,18.1,69.0,12.9,111,33;
4099,414,186,17.9,66.7,15.5,73,22;
4100,3117,971,19.9,63.4,16.7,1397,156;
4104,2189,425,20.1,63.7,16.2,2354,176;
4105,310,56,25.5,60.0,14.5,83,31;
4106,401,102,14.7,65.6,19.7,78,29;
4107,1035,328,19.7,69.7,10.6,170,55;
4109,502,149,23.1,58.8,18.1,178,46;
4110,1064,135,20.0,65.1,14.8,293,77;
4111,1464,308,20.7,60.5,18.9,286,68;
4112,874,210,21.7,64.1,14.2,201,51;
4113,642,195,22.3,61.4,16.4,135,44;
4114,1183,623,18.3,65.1,16.7,1305,68;
4115,1735,196,21.1,61.9,17.0,932,145;
4117,748,75,18.9,64.2,17.0,268,79;
4120,1415,270,21.8,64.1,14.1,675,86;
4121,2028,181,18.5,67.5,14.0,1245,99;
4122,1529,266,21.4,60.8,17.9,204,71;
4123,6732,1371,22.7,58.7,18.6,3630,329;
4124,1508,97,17.7,64.3,18.0,355,133;
4131,2944,767,20.8,60.5,18.8,879,234;
4132,968,283,14.8,64.9,20.4,180,93;
4133,993,1056,19.1,67.4,13.5,303,45;
4134,1198,203,21.3,63.1,15.6,675,79;
4135,2077,213,19.5,62.0,18.5,1038,154;
4136,1258,440,17.6,67.9,14.5,218,66;
4137,445,387,20.7,60.0,19.3,140,36;
4138,741,198,23.6,60.6,15.8,200,59;
4139,5630,881,22.3,60.4,17.3,2003,285;
4140,2491,265,22.4,61.0,16.6,920,140;
4141,8063,851,21.5,60.9,17.6,3481,557;
4142,810,112,21.6,61.7,16.7,314,87;
4143,1187,137,21.8,62.8,15.3,380,106;
4144,3895,620,19.2,62.1,18.7,1697,293;
4145,1583,443,20.5,62.2,17.3,270,83;
4146,2848,320,21.9,60.6,17.5,1096,197;
4147,1274,220,19.0,63.1,17.9,596,81;
4161,2136,302,21.1,64.6,14.3,1242,118;
4163,5050,507,20.5,63.7,15.7,3342,400;
4164,972,111,20.7,61.3,18.0,201,83;
4165,3349,329,23.3,63.0,13.8,757,190;
4166,1392,222,23.6,64.5,11.9,431,96;
4167,870,120,19.1,67.0,13.9,189,59;
4169,2567,142,22.7,60.1,17.2,814,146;
4170,3268,225,20.4,62.2,17.4,2597,274;
4172,893,363,18.8,64.1,17.1,472,41;
4173,586,71,25.1,59.7,15.2,150,46;
4175,910,208,22.5,60.9,16.6,268,71;
4176,683,246,19.5,65.3,15.2,212,43;
4177,1461,580,21.2,65.8,13.0,1289,84;
4179,842,165,23.6,64.6,11.8,169,52;
4181,1161,103,21.8,65.6,12.6,273,83;
4182,988,104,24.0,60.2,15.8,308,88;
4183,1060,154,21.6,65.1,13.3,239,88;
4184,1914,89,18.4,63.5,18.1,801,187;
4191,699,219,23.3,65.4,11.3,66,33;
4192,1392,578,22.1,61.9,16.0,292,77;
4193,683,438,19.5,69.4,11.1,456,54;
4194,2019,541,23.2,64.1,12.6,1320,126;
4195,1332,212,21.9,66.1,12.0,374,102;
4196,1964,492,22.5,63.2,14.3,754,151;
4197,749,342,18.4,68.4,13.2,262,78;
4198,1013,288,24.0,63.2,12.8,391,81;
4199,1001,431,19.2,65.2,15.6,795,72;
4200,3413,1047,19.9,66.6,13.5,1880,232;
4201,8626,761,18.7,64.2,17.2,8291,886;
4202,2695,631,20.0,64.6,15.4,948,171;
4203,4209,638,21.6,61.9,16.5,1420,285;
4204,4333,1313,23.0,63.3,13.7,1217,198;
4205,2483,525,21.9,64.8,13.3,997,148;
4206,4784,770,20.8,65.8,13.4,2047,287;
4207,2837,448,22.3,63.1,14.6,2431,175;
4208,3632,375,23.3,62.2,14.5,1036,212;
4209,4795,498,21.9,61.0,17.2,2888,359;
4210,2585,724,19.7,61.0,19.3,615,132;
4221,946,229,26.6,67.0,6.3,188,50;
4222,1362,158,22.6,66.2,11.2,213,103;
4223,1782,208,27.2,62.1,10.7,551,131;
4224,1047,93,26.5,60.7,12.8,395,109;
4226,563,237,25.2,64.3,10.5,111,50;
4227,538,127,20.4,64.9,14.7,209,42;
4228,2553,217,20.2,65.1,14.6,1295,217;
4229,1009,175,22.4,65.3,12.3,239,81;
4230,1174,260,24.1,62.9,13.0,274,80;
4231,1214,221,24.7,64.8,10.5,254,64;
4232,188,57,25.0,67.6,7.4,78,22;
4233,311,116,22.5,65.6,11.9,102,37;
4234,3356,248,25.6,62.3,12.1,1372,252;
4235,1019,185,23.1,66.1,10.8,311,94;
4236,7246,587,22.6,61.6,15.8,4717,550;
4237,1411,263,26.4,65.7,7.9,284,83;
4238,783,174,24.0,65.0,11.0,197,59;
4239,4182,206,26.2,61.6,12.2,2095,354;
4240,2592,568,24.2,62.7,13.1,628,149;
4251,781,111,19.7,61.6,18.7,150,62;
4252,5481,1116,20.2,63.6,16.3,4489,263;
4253,3790,344,22.8,59.1,18.1,689,204;
4254,10455,556,22.3,62.4,15.3,4072,530;
4255,1289,416,20.2,65.1,14.7,165,51;
4256,1000,199,21.4,64.0,14.6,159,54;
4257,356,77,13.8,61.0,25.3,118,33;
4258,12174,759,18.2,63.7,18.0,6748,803;
4259,758,108,19.7,66.8,13.6,178,66;
4260,2978,1060,18.2,66.7,15.1,2541,156;
4261,1844,409,21.5,62.1,16.4,712,111;
4262,1035,145,21.8,59.0,19.1,250,67;
4263,2220,195,20.6,62.8,16.6,550,150;
4264,851,101,23.1,62.4,14.5,224,69;
4271,7193,1627,21.5,64.7,13.8,3285,361;
4272,299,135,23.4,63.2,13.4,145,34;
4273,781,153,18.4,65.3,16.3,210,63;
4274,3777,276,22.2,61.6,16.2,676,194;
4275,760,174,18.6,64.2,17.2,243,63;
4276,4262,479,21.9,62.9,15.1,1353,269;
4277,877,230,22.9,63.4,13.7,311,63;
4279,2818,151,20.9,63.0,16.1,944,218;
4280,12939,1007,20.2,64.6,15.3,5270,661;
4281,1232,212,25.2,59.9,14.9,464,104;
4282,8198,692,20.6,62.5,16.9,4149,493;
4283,3551,593,19.3,64.8,15.9,1497,222;
4284,1024,115,21.2,63.9,14.9,315,98;
4285,4660,775,21.1,62.4,16.5,1361,181;
4286,1323,186,20.6,63.9,15.5,395,117;
4287,1770,175,20.8,59.2,20.1,588,95;
4288,170,145,24.7,62.9,12.4,33,16;
4289,10824,976,17.3,63.3,19.4,10226,984;
4301,279,99,22.6,67.7,9.7,45,25;
4302,166,64,17.5,61.4,21.1,61,21;
4303,3684,497,20.1,62.3,17.6,1560,196;
4304,3737,540,20.5,62.9,16.6,2108,226;
4305,2036,241,24.9,58.5,16.6,589,128;
4306,408,70,20.8,66.2,13.0,120,37;
4307,802,166,21.7,61.0,17.3,161,47;
4308,403,1259,15.6,67.2,17.1,122,34;
4309,3182,474,18.0,63.8,18.2,1062,180;
4310,1605,393,21.2,63.7,15.1,659,94;
4311,1310,205,21.2,62.6,16.2,1171,101;
4312,2588,204,25.5,60.4,14.1,942,199;
4313,2099,153,20.2,62.9,16.9,1085,179;
4314,250,92,20.0,63.2,16.8,110,22;
4315,979,316,23.0,64.5,12.6,357,52;
4316,766,195,27.2,60.7,12.1,120,34;
4317,246,85,19.5,67.9,12.6,53,18;
4318,1329,161,20.4,58.8,20.8,329,105;
4319,613,111,20.9,67.5,11.6,176,45;
4320,1071,151,20.7,65.2,14.1,395,86;
4321,367,106,21.8,64.0,14.2,123,28;
4322,338,90,16.0,68.6,15.4,154,36;
4323,4136,634,18.0,60.7,21.3,3032,338;
4401,14012,2359,19.0,61.7,19.3,6171,841;
4406,665,504,27.2,55.6,17.1,229,40;
4411,4330,235,23.3,61.8,14.9,1932,383;
4416,1219,201,24.0,63.6,12.5,455,106;
4421,2587,1504,19.3,61.8,18.9,1264,204;
4426,1020,228,20.9,60.5,18.6,506,80;
4431,2902,241,25.9,60.0,14.1,1347,206;
4436,10353,1183,19.2,61.2,19.6,5957,656;
4441,1350,500,21.9,63.5,14.7,317,76;
4446,508,121,20.1,64.6,15.4,509,62;
4451,1762,406,22.1,61.6,16.3,376,118;
4461,12619,663,21.4,62.3,16.3,6030,923;
4471,5608,483,21.9,60.9,17.2,3155,402;
4476,3267,268,23.7,63.4,13.0,1310,204;
4486,1881,151,24.1,65.0,10.8,621,163;
4495,608,76,27.6,59.5,12.8,230,75;
4501,3329,304,21.8,65.7,12.4,1052,239;
4506,3575,392,21.8,61.9,16.2,2081,259;
4511,2132,175,25.0,61.6,13.4,1138,177;
4536,1731,111,23.0,62.0,15.0,757,151;
4545,3575,353,19.3,63.3,17.4,1894,273;
4546,1600,103,23.3,61.8,14.9,499,136;
4551,8418,422,21.2,63.8,15.0,3360,573;
4561,2554,346,22.8,65.2,12.0,1175,169;
4566,24119,881,19.2,64.1,16.7,19226,1998;
4571,3503,360,23.9,63.7,12.4,1187,262;
4590,811,70,22.2,64.5,13.3,235,72;
4591,2588,336,23.5,64.0,12.4,1078,219;
4601,957,84,18.3,61.4,20.3,369,105;
4606,1145,180,25.7,62.4,12.0,316,86;
4611,1329,85,24.1,62.3,13.6,424,133;
4616,1069,76,21.9,63.2,14.9,427,142;
4621,1217,148,19.6,64.2,16.2,532,91;
4641,2067,309,23.9,61.9,14.1,737,177;
4643,2117,886,18.2,61.3,20.5,743,172;
4646,3033,291,18.7,62.2,19.0,1121,274;
4651,297,900,15.8,66.7,17.5,163,28;
4656,1485,156,22.0,62.2,15.8,526,138;
4666,2297,92,23.4,61.9,14.7,724,246;
4671,20520,1786,18.0,64.8,17.2,12003,1591;
4681,1147,106,24.8,63.2,12.0,346,130;
4683,1437,162,24.4,63.0,12.7,826,119;
4691,3070,566,20.1,64.5,15.4,2540,177;
4696,4079,354,22.0,63.2,14.9,2427,387;
4701,1001,82,22.1,63.1,14.8,525,125;
4711,2406,167,23.8,63.1,13.1,1160,233;
4716,1114,289,21.8,67.3,10.9,301,83;
4721,2693,219,23.8,60.8,15.4,1078,211;
4723,711,78,27.0,59.4,13.6,220,75;
4724,4067,655,21.6,63.6,14.9,1579,286;
4726,2596,85,23.0,61.5,15.4,1331,285;
4741,1127,131,24.8,64.0,11.3,414,97;
4746,5031,646,23.4,63.2,13.4,2432,332;
4751,2610,1673,19.1,66.2,14.7,957,149;
4756,807,74,27.8,58.6,13.6,280,108;
4761,7363,593,22.3,63.3,14.4,3078,463;
4776,1421,200,25.3,61.7,13.0,579,113;
4781,4306,262,23.7,61.9,14.4,1639,333;
4786,2157,950,27.1,59.6,13.4,423,122;
4791,1090,90,26.1,59.0,14.9,407,132;
4801,854,240,13.2,62.2,24.6,316,73;
4806,1651,137,19.7,62.6,17.7,536,144;
4811,960,70,25.2,61.8,13.0,365,88;
4816,1468,61,22.4,61.4,16.1,752,181;
4821,1561,88,23.6,61.5,14.9,816,150;
4826,616,114,20.9,65.7,13.3,466,62;
4831,2692,308,24.2,62.3,13.6,1051,210;
4841,1969,149,22.3,65.6,12.1,800,179;
4846,406,53,20.4,62.6,17.0,144,50;
4851,1264,193,16.1,66.9,17.1,454,122;
4864,3669,419,19.0,60.5,20.5,1465,267;
4871,1658,140,20.4,62.6,17.0,421,126;
4881,1299,90,22.8,62.4,14.9,449,129;
4891,3199,244,25.4,59.7,14.8,1620,274;
4901,1349,109,24.4,61.3,14.3,336,117;
4911,3461,296,21.0,65.0,14.0,1323,265;
4921,2189,116,23.9,62.4,13.6,2228,172;
4941,2599,261,24.2,63.1,12.7,1077,212;
4946,10699,690,19.5,61.7,18.8,8954,942;
4951,2258,132,22.0,63.0,15.0,899,176;
5001,4437,209,18.9,63.1,17.9,1535,260;
5002,17744,927,17.9,61.5,20.5,15886,1701;
5003,2439,291,23.0,64.6,12.4,1406,238;
5004,2731,330,21.3,62.0,16.7,1244,180;
5005,8460,1358,20.1,60.5,19.4,3311,527;
5006,720,97,23.3,59.2,17.5,55,27;
5007,727,79,20.6,62.3,17.1,55,26;
5008,803,81,18.4,61.5,20.0,180,52;
5009,377,29,13.3,59.7,27.1,152,30;
5010,1373,138,21.1,61.0,17.9,375,82;
5012,116,15,20.7,62.9,16.4,6,5;
5013,2734,284,21.5,63.6,14.9,524,120;
5014,591,74,17.4,61.8,20.8,49,30;
5015,600,36,21.0,62.0,17.0,183,39;
5017,2288,347,21.1,62.3,16.6,1991,213;
5018,222,7,12.6,62.2,25.2,41,17;
5019,3111,377,20.5,59.7,19.8,775,171;
5048,1856,30,18.9,55.5,25.5,796,167;
5049,1690,8,16.6,56.8,26.6,554,170;
5050,2045,21,20.5,55.7,23.8,511,152;
5061,1557,16,17.2,60.2,22.6,990,145;
5063,76,1,5.3,67.1,27.6,27,13;
5064,1044,162,18.6,60.5,20.9,443,69;
5071,189,13,11.6,64.0,24.3,43,13;
5072,3181,25,14.5,63.0,22.5,1190,250;
5073,858,44,15.9,59.7,24.5,337,66;
5076,350,9,20.6,57.1,22.3,98,25;
5077,786,133,15.3,68.1,16.7,154,46;
5078,418,25,19.9,58.6,21.5,102,30;
5079,991,13,16.2,57.6,26.1,536,110;
5081,74,12,18.9,54.1,27.0,16,7;
5091,5450,1097,15.3,55.9,28.8,2726,610;
5095,188,4,13.3,60.1,26.6,99,26;
5096,539,140,10.8,57.0,32.3,61,31;
5097,1848,104,12.7,53.9,33.4,1184,196;
5102,12,2,0.0,33.3,66.7,6,3;
5105,102,4,20.6,58.8,20.6,11,7;
5108,4410,626,19.9,59.8,20.3,1591,308;
5109,35,3,8.6,57.1,34.3,4,4;
5112,1236,21,23.2,61.7,15.1,669,96;
5113,15483,803,17.3,59.7,23.0,12250,1661;
5115,6414,673,19.1,59.6,21.3,3124,480;
5117,212,17,18.9,57.5,23.6,29,18;
5118,7212,1233,16.3,57.3,26.4,1709,421;
5119,53,6,13.2,58.5,28.3,18,8;
5120,2818,4697,13.4,55.9,30.7,1423,334;
5121,761,392,11.8,56.9,31.3,429,53;
5125,675,134,9.3,59.9,30.8,144,59;
5129,97,3,19.6,51.5,28.9,40,23;
5131,2660,721,20.3,57.4,22.3,1094,196;
5132,55,1,0.0,50.9,49.1,20,11;
5135,276,12,12.0,64.5,23.6,50,25;
5136,264,9,9.5,57.6,33.0,111,34;
5137,335,20,17.3,62.7,20.0,100,48;
5138,2879,81,22.5,60.6,16.8,644,179;
5141,4174,1676,19.7,60.3,20.0,2482,412;
5143,326,120,23.9,59.5,16.6,32,13;
5144,948,112,21.7,57.7,20.6,199,61;
5146,293,78,15.4,61.1,23.5,24,18;
5148,1507,806,22.0,61.1,16.9,1554,134;
5149,632,255,22.3,58.4,19.3,139,44;
5151,2431,378,18.0,62.5,19.5,4509,290;
5154,889,488,15.6,65.2,19.1,215,65;
5160,469,116,15.6,59.1,25.4,91,34;
5161,718,181,21.7,56.0,22.3,101,35;
5162,1496,1968,20.4,64.6,15.0,1885,163;
5167,1963,1510,21.1,58.8,20.1,842,114;
5171,4259,1500,21.2,57.1,21.7,1387,230;
5176,2017,979,21.2,58.6,20.3,1498,89;
5178,822,188,17.9,57.1,25.1,764,77;
5180,1303,1229,20.9,60.7,18.4,237,82;
5181,537,186,19.2,63.7,17.1,118,43;
5186,496,787,21.2,63.3,15.5,1139,125;
5187,1222,1771,19.2,60.9,19.9,1049,113;
5189,1710,919,20.6,64.3,15.0,1309,205;
5192,61837,814,17.8,61.0,21.3,51164,7775;
5193,1467,1346,18.7,58.0,23.3,474,97;
5194,1244,523,19.4,61.5,19.1,4352,290;
5195,575,575,13.9,61.9,24.2,247,67;
5196,5942,8140,16.8,61.2,22.0,1760,355;
5197,1359,293,19.4,65.0,15.6,335,92;
5198,1669,999,16.7,62.6,20.7,695,157;
5199,1297,127,23.1,61.1,15.7,2351,152;
5200,286,56,23.1,58.0,18.9,46,21;
5202,888,264,17.1,57.3,25.6,638,68;
5203,729,260,12.1,62.6,25.4,224,67;
5205,823,524,20.0,60.8,19.2,942,78;
5206,322,354,19.6,60.9,19.6,103,24;
5207,807,187,19.8,58.6,21.6,260,57;
5208,1405,679,24.8,59.7,15.4,159,81;
5210,3740,4202,15.4,63.8,20.8,2380,444;
5212,1761,284,24.9,58.7,16.4,227,92;
5213,775,1890,13.7,59.9,26.5,294,83;
5214,1524,965,21.9,60.4,17.7,873,124;
5216,1383,455,21.0,59.9,19.1,175,67;
5219,786,142,18.6,62.6,18.8,101,40;
5221,2142,2895,18.9,60.6,20.5,1027,195;
5222,681,237,18.8,58.0,23.2,113,53;
5225,1861,2189,25.5,57.4,17.1,1207,119;
5226,6366,175,21.3,60.2,18.5,1343,374;
5227,3071,586,21.2,62.8,16.0,1508,259;
5230,581,385,20.8,61.6,17.6,71,42;
5231,1932,1390,20.7,61.1,18.2,1070,181;
5233,370,194,19.5,59.5,21.1,129,22;
5236,4439,728,20.6,59.3,20.2,2034,276;
5237,1344,61,19.9,58.6,21.6,198,72;
5238,4427,120,19.4,65.7,14.9,2035,346;
5242,3303,1285,18.3,57.3,24.4,3460,387;
5249,2050,173,18.6,59.6,21.8,1058,169;
5250,7933,1488,16.1,58.3,25.6,7942,1449;
5251,2711,1102,17.3,60.5,22.1,954,152;
5254,14499,453,18.4,59.7,21.9,14847,1556;
5257,4624,2019,19.6,60.4,20.1,1475,270;
5260,2409,465,18.5,58.7,22.8,1734,203;
5263,2539,425,18.2,61.4,20.4,845,194;
5266,4418,718,22.5,61.3,16.2,4991,385;
5268,3112,1933,18.6,59.1,22.3,452,113;
5269,1959,77,19.8,57.9,22.3,266,102;
5281,6091,103,19.8,59.1,21.1,2659,470;
5282,2709,128,24.8,60.9,14.3,473,141;
5283,640,37,17.0,65.6,17.3,127,38;
5284,557,30,20.6,63.0,16.3,117,41;
5285,1697,54,22.6,58.0,19.4,770,105;
5286,1037,55,22.3,60.8,17.0,263,49;
5304,51,2,15.7,60.8,23.5,43,15;
5307,55,1,5.5,74.5,20.0,20,13;
5309,62,3,16.1,53.2,30.6,32,14;
5310,1155,8,16.4,59.7,23.9,596,126;
5315,51,8,3.9,76.5,19.6,7,5;
5317,2539,23,20.0,60.1,19.9,569,185;
5323,572,3,17.7,56.5,25.9,200,70;
5324,1459,53,23.1,58.5,18.4,417,99;
5396,2566,226,22.2,57.0,20.8,600,193;
5397,1192,23,13.3,59.8,26.8,372,116;
5398,5015,97,18.0,59.7,22.3,2031,488;
5401,9703,591,22.9,60.6,16.4,5693,726;
5402,6670,69,22.5,58.9,18.5,2395,473;
5403,359,101,27.3,59.3,13.4,98,25;
5404,387,18,18.3,54.8,26.9,100,25;
5405,1202,79,19.4,60.5,20.1,365,124;
5406,849,60,21.0,60.2,18.8,318,45;
5407,3988,215,26.8,63.0,10.2,1472,205;
5408,785,76,26.2,58.2,15.5,345,81;
5409,7135,120,28.3,55.8,15.9,2679,528;
5410,1025,16,19.9,60.2,19.9,332,120;
5411,1432,23,14.2,61.2,24.6,729,193;
5412,728,332,22.3,65.1,12.6,481,44;
5413,1388,216,24.7,61.3,14.0,501,89;
5414,5057,158,22.7,59.9,17.4,3079,400;
5415,1028,84,19.4,64.0,16.6,460,91;
5421,1241,96,23.7,57.8,18.5,437,101;
5422,3011,321,23.6,60.5,15.9,2540,346;
5423,468,55,23.9,57.7,18.4,176,35;
5424,295,31,29.5,63.1,7.5,70,26;
5425,1501,60,22.5,59.2,18.4,494,110;
5426,416,235,20.9,58.2,20.9,150,30;
5427,825,306,22.9,61.9,15.2,191,61;
5428,1805,96,24.5,59.6,15.9,671,120;
5429,414,44,22.2,62.6,15.2,69,29;
5430,448,37,26.1,61.6,12.3,92,40;
5431,295,27,25.8,58.3,15.9,64,34;
5432,519,104,24.5,65.7,9.8,112,32;
5434,941,76,27.4,58.1,14.5,178,62;
5435,686,84,23.5,62.5,14.0,82,43;
5436,320,105,24.1,62.5,13.4,64,26;
5437,366,99,32.5,56.8,10.7,51,30;
5451,3587,184,22.5,62.2,15.3,2309,281;
5456,1426,90,25.6,60.6,13.8,293,96;
5458,753,218,21.2,65.9,12.9,135,54;
5464,2530,120,20.0,60.4,19.6,649,199;
5471,405,108,29.9,62.2,7.9,89,28;
5472,324,83,24.4,57.7,17.9,49,29;
5473,913,290,27.2,62.4,10.4,147,48;
5474,397,59,23.9,62.5,13.6,71,40;
5475,127,48,22.8,66.9,10.2,37,18;
5476,246,64,26.8,60.6,12.6,38,22;
5477,3437,415,26.4,62.5,11.1,1199,223;
5478,457,194,27.1,60.8,12.0,109,41;
5479,384,54,21.9,63.3,14.8,101,37;
5480,913,165,25.6,64.6,9.7,807,77;
5481,213,70,29.1,62.4,8.5,58,15;
5482,1012,174,22.1,63.6,14.2,1218,67;
5483,299,95,28.4,60.9,10.7,55,20;
5484,727,134,23.4,62.7,13.9,269,53;
5485,397,70,26.4,56.4,17.1,81,25;
5486,989,61,19.5,64.3,16.2,387,101;
5487,374,100,17.4,69.5,13.1,37,18;
5488,56,112,23.2,62.5,14.3,22,11;
5489,639,226,19.4,65.3,15.3,1329,28;
5490,271,41,24.0,62.4,13.7,48,24;
5491,347,18,22.5,56.8,20.7,62,29;
5492,852,33,23.6,60.2,16.2,205,79;
5493,368,66,26.4,59.5,14.1,112,22;
5494,1068,96,27.4,61.4,11.1,235,83;
5495,2997,774,21.2,63.6,15.1,940,155;
5496,1649,431,25.7,60.8,13.5,557,84;
5497,795,179,25.2,58.1,16.7,580,53;
5498,2363,306,23.9,63.8,12.3,623,161;
5499,431,109,26.0,58.5,15.5,128,22;
5500,210,88,25.2,61.0,13.8,81,23;
5501,875,223,23.0,58.4,18.6,92,45;
5503,1183,220,22.7,62.2,15.0,184,79;
5511,1016,190,24.4,60.7,14.9,363,88;
5512,1135,267,26.1,60.2,13.7,355,71;
5513,460,148,23.5,67.2,9.3,425,34;
5514,1188,172,24.2,64.1,11.7,236,69;
5515,739,258,24.1,64.5,11.4,107,34;
5516,2548,879,24.5,60.7,14.8,829,154;
5518,5368,806,25.6,61.7,12.7,2471,407;
5520,873,90,25.8,61.4,12.8,195,73;
5521,1035,273,25.3,62.7,12.0,514,68;
5522,589,80,24.8,60.8,14.4,144,43;
5523,1989,281,26.6,61.3,12.1,202,99;
5527,988,270,22.7,58.4,18.9,160,55;
5529,519,89,24.9,61.8,13.3,172,46;
5530,470,81,28.3,58.5,13.2,110,31;
5531,374,66,24.3,62.3,13.4,94,34;
5533,721,144,25.4,61.2,13.5,175,51;
5534,251,124,27.5,59.8,12.7,79,18;
5535,760,184,25.7,64.6,9.7,310,45;
5537,830,117,22.0,63.1,14.8,140,62;
5539,844,94,31.3,57.7,11.0,147,73;
5540,1552,131,27.4,61.5,11.0,274,114;
5541,888,83,23.2,61.3,15.5,158,56;
5551,511,68,26.4,58.9,14.7,126,36;
5552,591,35,17.9,55.3,26.7,174,49;
5553,960,245,25.6,64.2,10.2,330,50;
5554,869,76,24.4,58.8,16.8,176,70;
5555,297,73,21.9,60.6,17.5,102,21;
5556,389,57,27.5,59.9,12.6,57,23;
5557,148,19,22.3,62.2,15.5,23,13;
5559,399,84,24.1,56.9,19.0,101,38;
5560,217,63,25.3,60.4,14.3,21,12;
5561,3163,402,22.2,62.4,15.4,1390,192;
5562,102,19,21.6,52.9,25.5,25,13;
5563,130,40,28.5,50.0,21.5,24,9;
5564,101,49,18.8,65.3,15.8,17,8;
5565,476,93,24.2,61.8,14.1,146,39;
5566,344,11,18.3,59.0,22.7,133,44;
5568,4660,118,19.5,56.4,24.1,1639,353;
5571,744,52,22.6,59.0,18.4,106,38;
5581,3474,1311,26.1,61.4,12.5,543,176;
5582,3955,862,23.5,64.4,12.2,2236,197;
5583,7402,1343,24.9,63.0,12.0,9240,718;
5584,8790,1923,23.4,59.8,16.9,2221,413;
5585,1353,701,24.1,59.1,16.8,118,51;
5586,130421,3152,19.6,64.8,15.6,111686,11534;
5587,6291,641,23.5,58.8,17.8,7181,625;
5588,1399,2915,18.8,60.7,20.5,1276,131;
5589,11709,5347,19.9,60.4,19.6,6220,512;
5590,17368,2969,19.5,56.9,23.6,5687,1085;
5591,20232,6835,21.6,64.1,14.3,11568,1113;
5592,3286,1141,21.6,63.3,15.1,1289,194;
5601,2081,972,19.9,55.7,24.4,857,164;
5604,2007,108,22.7,63.5,13.8,645,171;
5606,9465,1120,20.5,57.6,21.9,2920,724;
5607,2770,121,23.4,64.8,11.7,1741,253;
5609,341,1100,21.4,57.5,21.1,129,36;
5610,332,373,19.6,64.5,16.0,80,31;
5611,3354,209,21.9,61.4,16.6,1333,241;
5613,4995,518,20.3,60.1,19.7,1865,430;
5621,498,128,23.3,63.7,13.1,1420,101;
5622,487,168,26.9,61.4,11.7,394,54;
5623,632,297,21.7,59.0,19.3,81,32;
5624,8122,1685,22.1,64.9,12.9,6119,573;
5625,387,127,29.7,55.3,15.0,71,24;
5627,7058,4278,24.0,64.6,11.5,2863,262;
5628,331,368,25.4,64.0,10.6,65,19;
5629,145,145,20.7,62.8,16.6,43,15;
5631,673,205,24.2,62.0,13.8,109,42;
5632,1555,937,23.9,65.7,10.4,902,132;
5633,2210,570,21.0,58.5,20.5,1175,193;
5634,2506,189,25.8,56.0,18.2,754,146;
5635,11427,2001,21.3,64.4,14.3,14031,737;
5636,2841,579,26.9,61.1,12.0,2247,230;
5637,885,221,26.3,62.1,11.5,825,59;
5638,2419,652,24.6,55.6,19.8,1624,241;
5639,758,370,29.0,57.3,13.7,145,57;
5640,643,275,26.6,54.6,18.8,250,43;
5642,14994,3895,19.1,61.0,19.9,10662,1246;
5643,5076,2729,22.2,62.2,15.6,1398,293;
5644,350,297,26.0,64.3,9.7,62,35;
5645,472,270,24.6,60.2,15.3,329,72;
5646,5451,988,24.5,62.5,13.0,2338,288;
5648,3305,1777,20.0,60.1,19.9,1056,241;
5649,1706,1073,22.4,64.0,13.6,1936,134;
5650,171,81,27.5,55.6,17.0,42,16;
5651,658,399,20.8,62.5,16.7,914,120;
5652,553,182,25.7,61.1,13.2,106,32;
5653,798,373,27.7,57.5,14.8,136,45;
5654,429,63,19.8,62.0,18.2,106,42;
5655,1150,121,23.7,59.0,17.3,308,85;
5661,296,86,26.0,58.4,15.5,65,22;
5662,157,41,26.1,61.1,12.7,72,22;
5663,187,61,15.5,63.1,21.4,30,18;
5665,213,41,24.9,54.0,21.1,63,25;
5666,147,88,20.4,59.9,19.7,23,8;
5668,56,34,23.2,60.7,16.1,22,6;
5669,297,60,23.9,58.9,17.2,57,27;
5671,252,79,23.4,60.3,16.3,75,28;
5672,154,54,21.4,62.3,16.2,46,19;
5673,362,76,23.2,60.8,16.0,61,25;
5674,128,37,21.1,57.0,21.9,39,18;
5675,3017,383,23.7,61.9,14.3,1159,153;
5678,5202,332,24.9,61.7,13.4,2563,382;
5680,268,79,25.7,62.3,11.9,56,24;
5683,151,82,27.2,51.7,21.2,37,19;
5684,60,56,26.7,56.7,16.7,13,9;
5686,85,59,31.8,51.8,16.5,25,9;
5688,136,54,22.1,62.5,15.4,34,12;
5690,154,37,22.1,56.5,21.4,25,14;
5692,518,158,21.8,61.8,16.4,156,34;
5693,2322,69,24.9,59.8,15.3,653,209;
5701,197,97,27.4,66.0,6.6,38,14;
5702,2392,46,26.6,61.2,12.2,295,127;
5703,1256,60,30.1,58.8,11.1,207,74;
5704,1617,338,23.1,60.9,16.0,429,109;
5705,875,357,27.2,62.5,10.3,157,43;
5706,879,444,25.4,59.6,15.0,170,55;
5707,1097,385,25.3,63.0,11.7,1207,131;
5708,797,372,29.4,60.4,10.3,33,17;
5709,1211,115,23.8,62.6,13.6,193,71;
5710,397,136,22.4,60.5,17.1,250,46;
5711,2756,423,29.2,55.7,15.1,256,140;
5712,3076,1645,25.0,59.7,15.3,806,218;
5713,2108,488,27.1,55.7,17.2,365,111;
5714,1088,536,30.6,56.8,12.6,338,68;
5715,1057,257,26.6,60.2,13.2,583,79;
5716,1352,568,26.4,61.8,11.8,754,113;
5717,3429,716,28.9,59.4,11.6,789,148;
5718,1818,373,26.4,57.3,16.3,744,130;
5719,1213,96,25.2,59.9,14.8,252,81;
5720,965,243,25.8,60.0,14.2,169,67;
5721,11693,1405,25.1,64.8,10.0,5733,854;
5722,367,143,30.0,54.5,15.5,129,33;
5723,1908,553,27.6,58.2,14.2,728,133;
5724,19170,2823,21.5,63.9,14.6,14573,1958;
5725,3935,653,25.1,60.5,14.4,2122,177;
5726,1065,64,27.4,61.1,11.5,133,58;
5727,2155,89,18.9,66.5,14.5,306,125;
5728,455,236,24.0,56.0,20.0,765,88;
5729,1522,836,27.2,56.8,16.0,130,75;
5730,1400,242,29.8,57.1,13.1,171,73;
5731,1244,400,28.7,59.1,12.2,184,70;
5732,743,476,23.4,64.9,11.7,672,98;
5741,236,41,29.2,56.4,14.4,61,21;
5742,281,51,25.6,59.1,15.3,63,25;
5743,577,76,21.1,63.4,15.4,156,48;
5744,974,108,22.0,56.2,21.9,1088,60;
5745,1007,45,21.9,61.9,16.2,345,91;
5746,774,83,23.9,64.3,11.8,162,46;
5747,189,45,21.7,65.1,13.2,58,28;
5748,214,39,20.6,57.9,21.5,41,17;
5749,3783,342,26.1,63.5,10.4,1057,200;
5750,161,23,22.4,64.0,13.7,36,16;
5751,347,63,25.6,59.4,15.0,95,30;
5752,315,70,20.0,55.2,24.8,123,28;
5754,300,32,21.7,59.0,19.3,71,24;
5755,369,35,25.2,61.0,13.8,61,28;
5756,453,148,25.2,61.8,13.0,104,21;
5757,6547,545,24.0,62.0,14.0,4100,421;
5758,162,32,26.5,61.1,12.3,29,14;
5759,188,31,16.0,60.1,23.9,39,19;
5760,434,44,22.8,59.9,17.3,83,38;
5761,484,69,18.8,64.7,16.5,117,43;
5762,144,99,28.5,61.1,10.4,18,9;
5763,562,88,26.5,63.9,9.6,143,48;
5764,3411,147,22.3,58.8,18.9,1460,209;
5765,456,35,20.8,61.8,17.3,138,43;
5766,524,104,28.6,63.0,8.4,162,44;
5782,1025,189,26.3,62.0,11.6,295,71;
5785,423,53,20.8,58.6,20.6,103,34;
5788,327,198,25.7,61.2,13.1,53,20;
5789,319,147,24.5,60.2,15.4,30,18;
5790,455,104,26.2,59.6,14.3,77,26;
5791,1148,330,22.9,60.9,16.2,436,101;
5792,535,130,27.9,60.9,11.2,83,32;
5798,368,76,22.3,58.4,19.3,99,46;
5799,1823,288,24.6,62.1,13.3,409,124;
5803,420,63,24.0,59.8,16.2,88,41;
5804,1361,77,24.2,61.0,14.8,359,105;
5805,4868,198,24.5,60.9,14.6,2055,405;
5812,120,39,30.0,50.8,19.2,47,16;
5813,413,95,23.0,57.9,19.1,107,41;
5816,1997,165,26.3,57.9,15.8,594,136;
5817,788,77,23.6,56.9,19.5,183,67;
5819,276,106,24.3,59.4,16.3,393,28;
5821,326,105,21.8,60.1,18.1,88,33;
5822,9146,378,23.4,60.5,16.1,5800,674;
5827,251,66,28.7,58.2,13.1,98,22;
5828,119,39,16.8,63.9,19.3,33,14;
5830,398,52,18.6,60.8,20.6,110,35;
5831,2776,83,23.6,59.9,16.5,1254,247;
5841,3298,29,20.7,55.9,23.3,1678,414;
5842,551,24,21.8,58.8,19.4,145,52;
5843,907,19,16.6,57.6,25.8,311,104;
5851,411,158,22.6,60.1,17.3,450,71;
5852,453,256,25.2,60.0,14.8,108,29;
5853,748,222,24.6,61.2,14.2,439,64;
5854,354,62,26.8,57.1,16.1,141,43;
5855,562,339,24.6,61.4,14.1,85,26;
5856,663,95,29.6,61.2,9.2,105,40;
5857,996,128,26.2,61.8,11.9,332,66;
5858,596,223,25.7,64.4,9.9,134,43;
5859,2547,662,26.1,60.4,13.5,376,106;
5860,1388,479,25.1,60.5,14.4,288,84;
5861,5921,2161,26.8,59.0,14.2,4040,469;
5862,225,206,26.2,56.9,16.9,76,23;
5863,341,313,28.2,64.5,7.3,111,38;
5871,1326,42,20.1,58.4,21.5,1123,103;
5872,4410,44,21.2,57.0,21.8,4913,316;
5873,868,27,21.8,54.1,24.1,694,80;
5881,6023,374,25.3,57.2,17.5,1498,329;
5882,2772,269,19.6,59.9,20.5,701,168;
5883,2142,2021,18.1,56.7,25.3,439,127;
5884,3333,494,20.8,59.5,19.7,1296,164;
5885,1449,671,21.7,58.0,20.2,180,71;
5886,25456,763,20.1,61.3,18.6,12264,1854;
5888,5019,331,26.6,56.7,16.8,2116,279;
5889,10828,3342,21.0,57.5,21.5,3178,543;
5890,18594,7813,21.3,63.7,15.1,14408,1780;
5891,828,122,14.7,65.0,20.3,217,54;
5902,341,53,24.9,64.8,10.3,73,37;
5903,153,36,15.0,58.2,26.8,45,16;
5904,550,192,22.0,65.1,12.9,286,37;
5905,598,66,26.1,61.0,12.9,191,51;
5907,259,65,24.3,57.5,18.1,68,27;
5908,117,55,27.4,53.8,18.8,38,8;
5909,663,110,26.1,55.2,18.7,241,35;
5910,329,50,17.3,63.5,19.1,74,30;
5911,166,36,16.9,69.3,13.9,68,29;
5912,128,30,17.2,63.3,19.5,47,19;
5913,752,83,24.9,60.8,14.4,138,68;
5914,326,67,25.2,60.4,14.4,51,26;
5915,151,55,25.8,60.9,13.2,39,12;
5919,549,83,27.5,61.6,10.9,124,44;
5921,204,37,21.1,58.3,20.6,83,23;
5922,704,200,24.3,61.2,14.5,1276,152;
5923,184,51,20.7,66.3,13.0,122,18;
5924,258,64,19.0,66.3,14.7,110,28;
5925,198,47,19.7,57.6,22.7,63,22;
5926,694,123,28.4,56.8,14.8,230,52;
5928,146,46,21.2,61.6,17.1,39,17;
5929,462,69,26.8,62.1,11.0,96,37;
5930,193,47,22.8,56.5,20.7,48,14;
5931,473,227,22.2,67.9,9.9,115,40;
5932,205,61,21.0,60.0,19.0,48,19;
5933,665,292,24.7,59.7,15.6,91,29;
5934,238,83,26.9,57.6,15.5,51,25;
5935,79,92,24.1,64.6,11.4,12,10;
5937,118,38,29.7,57.6,12.7,24,7;
5938,28486,2107,22.0,60.9,17.1,17196,1965;
5939,2731,204,24.9,58.0,17.1,880,171;
6002,12728,334,17.7,64.0,18.3,9293,1140;
6004,342,58,16.4,67.8,15.8,95,33;
6007,9254,63,18.2,62.9,18.9,2127,526;
6008,1989,42,23.0,63.3,13.7,345,114;
6009,325,4,15.4,65.8,18.8,170,48;
6010,858,46,21.7,61.7,16.7,106,49;
6011,87,1,11.5,71.3,17.2,77,17;
6021,2842,140,24.3,60.7,14.9,668,175;
6022,3286,101,20.5,60.9,18.6,1086,318;
6023,8054,95,21.9,60.7,17.3,3424,679;
6024,6005,70,19.5,62.0,18.5,2221,513;
6025,5190,497,25.2,62.2,12.6,1291,280;
6031,7834,28,19.5,61.6,18.9,5366,952;
6032,198,2,13.6,57.6,28.8,137,22;
6033,729,12,24.1,55.8,20.0,216,73;
6034,3078,19,23.5,56.0,20.5,1193,301;
6035,938,53,22.7,61.4,15.9,419,84;
6036,1740,97,26.2,57.4,16.4,458,137;
6052,434,32,18.2,59.7,22.1,219,55;
6054,156,2,18.6,53.8,27.6,47,23;
6055,74,6,5.4,64.9,29.7,26,8;
6056,537,15,13.2,65.0,21.8,232,63;
6057,945,84,15.2,66.5,18.3,747,131;
6058,318,2,19.8,66.7,13.5,218,30;
6061,292,58,20.2,63.0,16.8,87,25;
6064,49,10,22.4,49.0,28.6,38,7;
6073,194,9,12.9,52.1,35.1,40,19;
6074,490,10,16.7,56.9,26.3,293,67;
6075,460,11,15.4,64.1,20.4,169,52;
6076,680,4,19.4,57.6,22.9,395,94;
6081,330,65,16.7,61.2,22.1,42,31;
6082,3734,68,18.5,58.8,22.7,1067,289;
6083,1711,8,16.9,60.3,22.8,654,232;
6084,1401,13,15.0,56.0,29.0,430,100;
6087,883,24,16.9,57.2,25.9,204,63;
6089,1642,126,21.1,61.0,17.9,586,134;
6090,922,21,11.7,57.0,31.2,200,74;
6101,802,105,22.3,62.5,15.2,224,69;
6102,268,17,13.1,58.6,28.4,125,26;
6104,202,7,16.8,56.4,26.7,46,26;
6109,124,13,21.8,60.5,17.7,31,11;
6110,3712,67,19.2,63.1,17.8,1483,325;
6111,1586,24,17.3,68.1,14.6,1239,200;
6112,134,3,22.4,48.5,29.1,28,14;
6113,1393,123,20.9,58.8,20.3,773,202;
6116,614,48,15.6,62.4,22.0,203,79;
6117,443,42,19.2,59.8,21.0,95,34;
6118,1921,83,19.5,61.0,19.5,677,159;
6119,1121,27,17.8,64.0,18.2,512,125;
6131,868,67,22.5,61.6,15.9,110,50;
6132,1526,201,23.6,64.3,12.1,590,124;
6133,7974,211,24.8,61.2,13.9,2215,545;
6134,866,57,16.3,59.1,24.6,262,78;
6135,2853,106,18.3,59.9,21.8,1402,253;
6136,16897,677,21.0,62.8,16.2,12470,1665;
6137,2310,61,21.3,63.5,15.2,439,140;
6139,2785,117,22.5,60.5,17.1,1050,211;
6140,2327,169,23.9,59.1,16.9,690,157;
6141,4903,211,22.9,61.9,15.3,1378,358;
6142,144,4,27.1,52.1,20.8,58,20;
6151,1252,32,16.5,60.4,23.2,551,163;
6152,7750,260,26.0,62.4,11.5,2856,490;
6153,16880,590,21.0,62.5,16.6,11185,1140;
6154,3246,226,21.8,62.0,16.2,611,195;
6155,939,65,19.0,57.3,23.7,170,66;
6156,4256,115,22.4,61.5,16.1,1003,304;
6157,1802,46,19.5,61.5,18.9,609,199;
6158,2310,110,22.7,60.4,16.9,931,156;
6159,3843,115,24.0,61.5,14.6,1452,238;
6171,421,16,13.8,70.8,15.4,547,95;
6172,30,5,6.7,80.0,13.3,10,4;
6173,852,212,20.4,65.8,13.7,231,58;
6177,466,8,22.7,57.1,20.2,144,44;
6178,19,6,10.5,73.7,15.8,4,2;
6181,536,25,21.5,58.0,20.5,477,80;
6191,635,43,19.8,56.9,23.3,155,51;
6192,295,3,17.3,57.3,25.4,93,35;
6193,724,54,18.2,61.6,20.2,217,61;
6194,454,33,15.2,56.8,28.0,91,30;
6195,255,9,15.7,60.4,23.9,100,27;
6197,367,31,16.3,60.8,22.9,115,26;
6198,684,39,20.6,64.0,15.4,119,43;
6199,1865,62,23.1,59.1,17.9,883,145;
6201,409,19,18.1,63.6,18.3,184,50;
6202,575,39,25.9,56.7,17.4,299,60;
6203,680,81,17.4,57.9,24.7,302,61;
6204,1559,110,18.7,62.2,19.2,819,114;
6211,630,52,18.9,58.6,22.5,115,32;
6212,796,63,21.7,63.1,15.2,116,45;
6213,1170,24,21.4,63.5,15.1,656,71;
6214,446,20,14.8,64.3,20.9,116,44;
6215,1685,254,24.4,63.3,12.3,322,85;
6217,4488,300,23.1,60.3,16.6,1980,291;
6218,1215,23,16.6,62.8,20.6,285,99;
6219,1839,328,23.3,60.6,16.2,644,116;
6220,662,46,25.5,57.7,16.8,92,45;
6232,3249,133,21.0,60.3,18.7,818,211;
6234,3008,559,17.6,60.1,22.3,1357,322;
6235,1667,842,22.6,59.9,17.5,525,96;
6238,2275,108,21.3,61.3,17.4,455,143;
6239,538,22,14.9,59.7,25.5,157,47;
6240,3909,281,17.3,57.0,25.7,1545,390;
6241,1326,524,26.7,59.0,14.3,221,103;
6242,930,29,21.0,57.4,21.6,179,48;
6243,2368,484,16.2,57.4,26.4,1670,285;
6244,4246,252,18.0,65.2,16.8,1515,197;
6246,2171,557,22.4,61.9,15.7,438,111;
6248,15945,831,19.6,61.0,19.4,10276,1352;
6249,1208,477,18.4,58.0,23.6,140,74;
6250,1736,1197,21.3,58.0,20.7,194,73;
6252,2622,11,19.6,60.6,19.8,1436,335;
6261,1109,57,18.0,56.4,25.5,140,65;
6263,2976,670,25.2,58.3,16.5,682,194;
6265,6939,98,21.2,59.6,19.2,1388,472;
6266,32167,1081,20.4,61.5,18.1,32078,3478;
6267,568,516,17.6,63.2,19.2,284,66;
6281,1237,39,24.6,65.2,10.3,117,53;
6282,216,6,16.7,57.9,25.5,48,14;
6283,311,23,18.6,58.8,22.5,81,30;
6285,1408,98,19.0,63.6,17.3,568,154;
6286,662,517,20.2,61.9,17.8,309,41;
6287,436,8,19.5,63.1,17.4,103,34;
6288,383,3,19.6,62.7,17.8,193,53;
6289,399,13,17.0,63.4,19.5,112,33;
6290,1710,42,18.5,69.3,12.2,1529,267;
6291,1094,45,18.6,63.6,17.7,569,131;
6292,2325,26,21.3,62.6,16.0,1153,198;
6293,1121,107,18.1,61.1,20.8,370,86;
6294,551,38,20.1,60.3,19.6,83,38;
6295,1165,20,22.0,67.7,10.3,255,63;
6296,484,28,18.0,65.5,16.5,165,62;
6297,7281,553,18.6,64.6,16.8,9514,720;
6298,1401,27,19.5,59.5,21.1,432,90;
6299,268,36,20.5,60.1,19.4,71,30;
6300,5786,24,18.8,69.6,11.6,6091,799;
6402,3807,353,23.1,58.6,18.4,1196,242;
6404,5052,301,22.2,61.2,16.5,3117,319;
6405,105,21,19.0,64.8,16.2,24,8;
6407,4662,959,23.8,57.5,18.7,1042,259;
6408,4615,1251,22.1,59.1,18.7,1796,269;
6409,223,141,28.7,54.7,16.6,178,29;
6410,1963,140,21.2,59.4,19.4,457,132;
6411,257,40,31.5,56.4,12.1,47,24;
6412,5745,1675,21.7,59.1,19.1,1648,315;
6413,1081,52,23.7,60.3,16.0,190,57;
6414,2440,316,21.5,59.5,19.0,937,196;
6415,271,152,23.6,62.4,14.0,126,33;
6416,8912,1015,22.1,57.9,20.0,2485,536;
6421,38267,688,21.9,59.7,18.4,25719,2798;
6422,228,19,25.0,61.4,13.6,60,25;
6423,953,37,23.6,55.3,21.1,378,103;
6431,1100,95,19.9,57.5,22.6,984,91;
6432,636,15,22.2,56.4,21.4,311,114;
6433,240,15,25.8,60.0,14.2,120,41;
6434,322,21,26.7,54.3,18.9,103,43;
6435,463,27,28.5,56.4,15.1,117,46;
6436,10208,441,21.5,58.5,20.0,8020,678;
6437,1278,70,23.8,56.3,19.9,533,145;
6451,1571,333,22.9,63.0,14.1,607,89;
6452,1923,225,24.3,61.3,14.4,1118,85;
6453,257,27,19.5,58.8,21.8,49,27;
6454,2599,1226,19.8,60.5,19.7,495,127;
6455,4434,430,22.5,59.3,18.2,1014,268;
6456,962,77,27.8,59.4,12.9,258,83;
6458,33474,1849,19.1,63.3,17.6,30292,3274;
6459,3258,367,22.3,56.9,20.7,1382,247;
6461,4845,891,24.1,58.3,17.6,4043,367;
6485,444,118,24.1,60.1,15.8,80,31;
6487,15961,128,25.7,60.1,14.2,6283,1067;
6504,449,35,19.8,52.6,27.6,327,55;
6511,702,24,24.5,54.7,20.8,213,77;
6512,10847,87,20.9,57.5,21.5,5067,917;
6601,1108,378,27.5,61.6,10.8,212,46;
6602,2265,587,25.1,60.1,14.8,354,91;
6603,1771,384,24.3,62.6,13.2,222,83;
6604,1443,278,26.1,60.2,13.7,188,73;
6605,2220,444,21.9,62.2,15.9,464,128;
6606,3200,736,28.0,60.9,11.1,1327,142;
6607,9640,744,23.1,59.6,17.3,2287,419;
6608,20375,7546,21.0,64.7,14.3,25237,2506;
6609,867,198,24.5,58.5,17.1,266,59;
6610,623,134,27.8,54.7,17.5,77,38;
6611,1129,211,28.1,60.9,11.0,108,50;
6612,10530,2550,21.6,54.2,24.2,4111,538;
6613,8072,6306,21.8,62.9,15.4,2994,596;
6614,1085,277,24.0,58.2,17.8,161,64;
6615,1652,240,27.2,60.8,12.0,188,75;
6616,7519,1229,26.2,55.5,18.3,3822,542;
6617,4830,1316,21.8,55.6,22.6,1679,208;
6618,4307,1555,28.2,55.3,16.5,837,178;
6619,1917,700,25.1,58.9,15.9,266,103;
6620,1498,174,25.6,64.6,9.9,570,85;
6621,189033,11866,17.8,65.8,16.3,166752,19952;
6622,2691,938,26.1,58.5,15.5,715,108;
6623,11847,2705,26.0,59.7,14.3,10789,613;
6624,480,146,27.1,60.6,12.3,89,37;
6625,965,670,26.4,57.8,15.8,184,54;
6626,1182,104,25.5,55.9,18.6,300,104;
6627,605,158,22.8,56.9,20.3,114,45;
6628,28909,6061,22.9,59.8,17.3,20813,1540;
6629,2012,289,23.3,58.5,18.2,714,152;
6630,21718,2185,21.6,61.5,16.9,19345,1475;
6631,17851,6330,22.3,58.6,19.1,3335,583;
6632,2993,1183,23.4,60.9,15.7,1434,203;
6633,10250,1749,29.2,58.5,12.4,12096,813;
6634,3530,1090,23.9,60.1,16.0,698,154;
6635,627,133,20.7,57.6,21.7,257,42;
6636,2041,767,22.0,60.4,17.6,698,90;
6637,485,99,23.3,61.4,15.3,117,30;
6638,3874,205,26.6,59.5,14.0,8137,588;
6639,718,243,23.7,55.6,20.8,134,36;
6640,13587,3538,23.0,59.1,17.9,5468,640;
6641,2236,654,26.3,57.3,16.3,485,119;
6642,2578,585,26.3,56.9,16.7,500,124;
6643,33744,4394,23.2,62.2,14.6,17275,1608;
6644,12879,1225,26.9,58.9,14.2,3509,625;
6645,10215,1572,25.3,56.5,18.1,1899,366;
6702,885,72,24.7,56.6,18.6,451,62;
6703,272,20,21.7,63.2,15.1,107,35;
6704,452,85,27.0,59.5,13.5,75,26;
6705,462,59,25.5,57.1,17.3,91,34;
6706,421,66,26.4,58.9,14.7,142,24;
6708,2595,234,23.4,59.6,17.0,808,156;
6709,3134,159,25.4,58.8,15.8,779,198;
6710,2459,181,23.9,61.2,15.0,781,141;
6711,11809,537,20.2,59.9,19.8,11854,1210;
6712,1394,112,24.2,59.6,16.2,511,105;
6713,119,36,15.1,52.9,31.9,49,17;
6715,527,54,22.6,57.5,19.9,93,44;
6716,114,49,23.7,67.5,8.8,17,10;
6718,379,47,17.4,58.6,24.0,62,32;
6719,381,21,22.8,60.6,16.5,95,30;
6720,385,46,24.4,64.9,10.6,120,29;
6721,585,310,24.1,57.4,18.5,170,40;
6722,258,33,19.4,61.6,19.0,73,22;
6724,483,64,20.5,61.5,18.0,137,48;
6728,71,35,15.5,71.8,12.7,12,7;
6729,6812,96,24.1,58.5,17.4,2750,466;
6730,2612,67,25.4,58.0,16.7,773,200;
6741,319,27,24.8,60.5,14.7,110,46;
6742,1137,46,24.7,59.0,16.3,439,120;
6743,1414,131,23.3,57.6,19.1,996,110;
6744,87,21,16.1,62.1,21.8,35,11;
6745,159,22,27.0,61.0,11.9,51,18;
6748,526,39,20.5,55.7,23.8,361,49;
6750,680,55,24.3,58.1,17.6,191,56;
6751,581,32,22.9,57.5,19.6,177,60;
6753,475,28,22.5,58.3,19.2,157,64;
6754,1755,86,23.0,61.0,16.1,1545,169;
6757,2560,81,22.9,61.6,15.5,1699,273;
6758,232,15,25.9,58.6,15.5,88,38;
6759,145,11,19.3,53.1,27.6,51,22;
6771,1737,164,26.4,54.6,18.9,1180,136;
6773,134,26,17.9,53.0,29.1,41,20;
6774,1274,141,19.8,53.5,26.8,1159,126;
6775,669,49,16.9,53.8,29.3,322,59;
6778,677,49,20.5,56.4,23.0,250,47;
6781,701,60,26.0,54.9,19.1,162,49;
6782,960,92,24.1,57.8,18.1,433,73;
6783,298,48,21.8,59.7,18.5,168,32;
6784,2180,118,21.2,60.0,18.8,892,181;
6785,740,90,20.0,56.9,23.1,226,47;
6787,176,31,23.9,58.5,17.6,55,19;
6789,370,48,21.6,53.5,24.9,161,48;
6790,1686,84,23.1,57.7,19.2,275,94;
6792,373,42,27.3,56.0,16.6,113,41;
6793,192,38,19.3,65.6,15.1,64,20;
6800,6703,454,19.2,59.7,21.1,6227,766;
6803,159,36,22.0,53.5,24.5,38,17;
6806,546,59,23.6,54.6,21.8,209,41;
6807,1264,55,22.0,54.6,23.4,508,104;
6808,1278,21,19.2,57.4,23.3,729,154;
6809,992,27,20.7,58.9,20.5,610,98;
6810,1154,37,24.7,54.2,21.1,531,127;
