BfS-ID,1P,2P,3P,4P,5P,6+P;
1,222,273,112,127,50,12;
2,1.589,1.657,632,613,237,134;
3,609,778,308,387,98,23;
4,385,516,196,230,66,25;
5,405,531,204,268,71,20;
6,123,138,49,67,29,8;
7,207,277,131,137,46,15;
8,80,81,32,53,16,5;
9,445,659,260,324,91,17;
10,537,693,294,324,118,32;
11,265,438,137,171,44,10;
12,99,124,48,79,26,10;
13,354,557,216,206,46,18;
14,507,745,265,341,73,25;
21,53,102,37,33,15,5;
22,95,139,49,49,14,5;
23,63,107,33,36,8,3;
24,70,134,51,54,27,11;
25,180,284,95,161,48,11;
26,41,95,40,48,17,3;
27,542,519,214,215,57,11;
28,156,199,79,95,25,9;
29,176,222,82,91,24,8;
30,238,324,125,133,47,17;
31,222,340,109,164,61,12;
32,26,75,16,37,15,7;
33,223,339,119,131,38,12;
34,204,264,81,103,36,8;
35,232,302,131,109,41,15;
36,132,207,49,62,31,8;
37,154,207,78,73,43,10;
38,223,184,76,72,23,10;
39,96,140,50,49,25,10;
40,124,189,40,50,26,9;
41,40,51,33,30,10,8;
42,99,116,46,44,26,17;
43,37,51,15,19,10,4;
44,62,108,45,39,16,3;
51,485,628,235,259,72,32;
52,1.385,1.639,704,737,189,98;
53,2.737,2.893,1.101,1.090,329,123;
54,1.121,1.250,406,401,123,65;
55,529,720,325,313,98,38;
56,992,1.276,535,554,202,92;
57,227,380,134,137,49,17;
58,558,699,275,333,82,36;
59,189,277,121,146,45,15;
60,280,358,163,163,55,32;
61,83,163,57,75,21,5;
62,3.089,2.807,1.161,899,320,118;
63,172,266,121,147,41,7;
64,673,950,310,313,75,32;
65,133,213,43,61,19,8;
66,2.909,2.352,1.041,809,351,185;
67,465,632,260,264,94,29;
68,285,341,188,167,69,22;
69,2.440,2.422,924,778,261,83;
70,71,98,28,38,6,5;
71,158,215,77,79,34,6;
72,541,709,253,247,62,21;
81,57,93,41,30,14,6;
82,135,208,59,102,24,4;
83,794,858,406,361,120,53;
84,506,568,242,255,65,26;
85,174,267,135,143,37,11;
86,776,928,379,350,92,40;
87,61,108,55,38,9,4;
88,352,594,187,150,46,9;
89,607,660,301,286,89,38;
90,1.039,1.290,579,585,193,51;
91,267,381,169,206,70,23;
92,945,880,393,361,154,76;
93,166,294,119,106,35,15;
94,253,397,202,184,55,17;
95,84,87,31,20,9,2;
96,2.393,2.557,1.053,1.020,334,138;
97,1.128,1.065,470,428,136,60;
98,85,105,39,54,16,3;
99,160,225,90,80,24,8;
100,262,347,125,136,36,12;
101,511,590,195,177,50,18;
102,113,203,67,59,15,17;
111,515,784,289,286,115,44;
112,701,1.062,388,470,136,58;
113,793,1.035,394,466,176,79;
114,220,311,137,132,66,24;
115,1.098,1.548,531,590,211,74;
116,401,544,190,197,77,18;
117,1.459,1.762,595,584,207,94;
118,1.839,1.651,663,677,229,113;
119,137,207,104,77,32,10;
120,1.360,1.364,549,537,180,84;
121,3.454,3.529,1.409,1.312,450,201;
131,3.123,2.822,1.115,988,277,116;
132,196,301,129,151,50,12;
133,2.802,2.958,1.199,1.200,345,126;
134,89,96,42,64,27,14;
135,1.527,1.160,490,424,133,24;
136,1.045,1.100,455,472,126,35;
137,795,808,282,290,89,17;
138,1.745,1.931,802,820,226,78;
139,792,804,327,323,101,45;
140,172,317,118,106,43,9;
141,3.076,2.734,1.037,1.006,272,66;
142,3.214,3.166,1.225,1.145,416,166;
151,750,773,337,338,102,33;
152,810,911,329,409,131,35;
153,1.067,1.252,481,497,181,55;
154,2.272,2.120,752,779,258,65;
155,1.539,1.607,568,679,190,37;
156,1.946,1.994,784,809,197,72;
157,661,610,284,287,93,31;
158,2.161,2.283,764,774,241,66;
159,683,920,365,401,96,29;
160,702,740,270,328,109,40;
161,2.202,1.875,755,680,206,48;
171,506,633,244,274,95,37;
172,710,1.004,383,405,114,33;
173,381,508,203,241,91,31;
174,2.709,2.531,850,874,274,138;
175,53,57,32,21,5,5;
176,565,780,344,338,125,36;
177,1.569,1.767,680,632,201,69;
178,378,628,249,275,80,39;
179,53,60,11,17,6,6;
180,298,492,181,229,66,22;
181,256,320,93,102,42,15;
182,93,145,62,60,25,9;
191,4.158,3.660,1.557,1.397,431,273;
192,1.098,1.279,455,551,155,41;
193,1.189,1.276,496,478,139,48;
194,649,814,316,314,125,25;
195,1.275,1.445,586,620,177,47;
196,447,552,214,226,64,27;
197,726,781,305,288,92,22;
198,5.163,5.032,1.867,1.977,605,183;
199,2.082,2.715,1.075,1.197,364,140;
200,883,1.078,469,509,152,52;
211,63,104,44,39,16,4;
213,215,333,119,123,40,14;
214,73,136,51,70,28,8;
215,62,105,55,48,18,6;
216,132,239,75,103,30,13;
217,588,623,226,218,92,41;
218,85,124,59,54,24,9;
219,334,524,206,226,70,30;
220,131,171,68,63,18,13;
221,253,410,139,238,92,23;
222,37,66,26,28,16,6;
223,558,741,347,382,126,36;
224,469,517,213,222,74,33;
225,269,365,171,156,55,21;
226,58,99,43,53,17,11;
227,925,1.223,438,430,118,28;
228,462,642,277,250,99,50;
230,18.634,15.925,6.101,5.561,1.871,682;
231,714,834,329,343,105,49;
241,161,191,61,79,22,4;
242,892,1.034,372,335,101,32;
243,3.994,3.675,1.617,1.327,523,274;
244,651,742,299,274,82,36;
245,1.086,1.034,391,340,108,35;
246,369,408,132,119,30,11;
247,2.866,2.322,1.121,878,363,197;
248,477,651,242,251,62,17;
249,488,625,189,174,66,25;
250,1.553,1.511,571,519,166,41;
251,547,629,254,259,91,46;
261,85.657,56.922,22.115,16.620,5.263,2.635;
298,547,905,313,486,129,30;
301,688,717,253,250,70,19;
302,110,138,66,67,16,5;
303,336,491,156,175,57,20;
304,212,318,117,130,27,11;
305,165,189,70,104,24,1;
306,2.242,2.287,821,825,216,57;
307,298,430,132,133,46,9;
309,174,226,54,62,23,9;
310,261,362,119,156,64,16;
311,478,587,208,216,64,29;
312,400,495,170,161,57,15;
321,561,662,220,242,98,37;
322,58,70,20,24,13,4;
323,89,114,36,36,18,6;
324,93,118,31,45,5,6;
325,31,39,8,6,2,3;
326,96,108,36,50,13,7;
329,2.754,2.393,817,766,269,96;
331,369,354,134,143,59,21;
332,404,483,161,172,61,42;
333,213,240,73,88,23,19;
334,51,60,19,27,8,5;
335,32,41,15,10,5,2;
336,28,29,10,9,4,3;
337,458,617,222,233,63,40;
338,224,221,65,87,27,6;
339,34,57,13,17,19,8;
340,50,93,28,29,16,6;
341,54,70,34,36,9,1;
342,417,514,156,189,78,16;
344,106,121,45,51,26,11;
345,204,253,89,79,25,22;
351,28.092,18.316,7.217,5.286,1.896,1.092;
352,830,1.092,298,334,106,35;
353,533,757,243,268,69,14;
354,391,541,157,149,47,11;
355,6.718,6.170,2.194,2.189,690,229;
356,2.148,2.197,681,653,199,62;
357,103,143,48,49,19,9;
358,366,519,168,186,44,15;
359,591,865,259,309,102,26;
360,1.205,1.608,452,501,168,51;
361,1.700,1.598,583,516,155,58;
362,2.019,1.842,601,573,183,63;
363,3.348,2.767,943,767,239,70;
371,10.723,7.119,3.204,2.386,986,562;
372,324,384,147,138,58,17;
381,206,239,100,91,24,7;
382,85,130,48,47,20,5;
383,544,517,211,187,55,25;
385,110,137,42,65,25,6;
386,135,237,81,103,20,9;
387,789,815,267,262,78,21;
388,166,212,52,79,18,10;
389,5,11,5,3,0,0;
390,158,219,69,84,21,12;
391,98,135,39,54,11,9;
392,577,606,215,207,80,37;
393,116,128,59,50,6,5;
394,79,83,27,42,16,3;
401,172,165,71,63,14,2;
402,69,97,30,40,13,0;
403,115,192,66,63,11,4;
404,2.961,2.529,806,818,285,87;
405,168,294,81,104,38,7;
406,448,505,156,203,68,25;
407,186,235,88,91,36,20;
408,16,31,14,12,3,2;
409,311,417,129,143,42,8;
410,33,42,10,15,10,2;
411,54,84,24,27,13,3;
412,817,980,283,349,106,25;
413,261,365,90,125,46,13;
414,271,363,130,145,44,14;
415,225,246,75,72,22,8;
416,21,16,7,7,3,1;
417,26,36,5,17,6,4;
418,402,441,160,155,65,27;
419,14,19,6,5,1,2;
420,355,396,126,134,50,14;
421,8,15,6,5,1,1;
422,30,23,6,9,5,2;
423,25,45,6,12,4,1;
424,248,318,82,123,49,17;
431,206,240,99,104,26,14;
432,70,71,23,31,15,2;
433,104,106,42,32,19,7;
434,162,182,87,86,27,12;
435,56,61,39,33,15,7;
436,74,65,30,29,12,4;
437,13,14,4,4,5,3;
438,164,166,84,67,21,10;
439,215,204,73,82,23,11;
441,139,125,47,49,16,6;
442,15,36,12,15,4,0;
443,1.082,663,264,271,88,37;
444,229,258,93,121,51,14;
445,181,173,62,77,23,13;
446,735,630,207,254,82,38;
448,154,137,54,47,21,3;
449,120,133,43,55,10,5;
491,80,107,37,30,6,1;
492,215,204,88,71,16,12;
493,41,71,28,40,13,5;
494,112,130,36,50,8,6;
495,97,141,55,44,14,5;
496,425,500,192,210,78,21;
497,102,96,26,30,5,1;
498,151,201,98,70,21,10;
499,74,88,38,35,10,4;
500,59,59,23,31,6,4;
501,75,62,29,21,10,2;
502,120,144,40,55,16,3;
532,27,27,8,10,1,0;
533,376,557,162,206,48,11;
535,14,13,6,3,1,1;
536,15,20,13,14,7,2;
538,531,795,284,305,95,26;
540,742,923,302,321,94,30;
541,40,58,26,25,12,5;
543,46,105,35,24,13,5;
544,594,654,225,194,82,24;
546,1.518,1.541,560,568,168,56;
551,974,1.022,376,333,111,14;
552,569,678,213,268,82,17;
553,17,15,4,7,2,0;
554,130,132,44,44,24,2;
556,43,62,22,18,3,1;
557,47,111,19,37,15,3;
561,441,434,151,185,108,55;
562,337,326,103,137,35,22;
563,930,984,314,382,165,78;
564,118,139,38,46,13,3;
565,245,233,76,54,19,4;
566,185,210,37,62,18,2;
567,515,547,156,200,88,22;
571,277,199,51,41,19,7;
572,347,390,151,145,39,20;
573,538,503,140,150,54,24;
574,92,89,26,22,6,1;
575,68,76,23,19,6,2;
576,783,624,196,201,46,8;
577,74,57,27,24,6,1;
578,45,60,12,16,10,4;
579,79,104,20,39,16,10;
580,66,92,26,24,11,8;
581,1.282,969,295,234,74,22;
582,73,66,19,24,7,5;
584,550,389,141,110,33,10;
585,175,153,49,56,16,4;
586,37,32,14,15,4,0;
587,609,681,229,204,43,14;
588,71,73,13,17,3,3;
589,108,81,22,21,5,1;
590,465,427,132,143,45,12;
591,20,18,6,4,0,1;
592,100,118,25,22,11,4;
593,988,1.001,310,286,76,20;
594,437,414,128,156,43,14;
602,123,140,49,64,18,3;
603,265,265,84,115,35,8;
605,166,214,68,79,32,10;
606,69,90,21,33,11,3;
607,62,62,23,33,13,0;
608,456,586,198,190,61,24;
609,25,37,10,18,6,1;
610,52,89,35,30,17,6;
611,98,159,49,60,19,4;
612,763,843,260,253,101,28;
613,79,97,30,33,15,7;
614,152,148,56,67,39,13;
615,70,86,26,43,15,6;
616,1.578,1.956,607,688,203,58;
617,69,91,34,36,19,2;
619,391,553,213,177,76,33;
620,108,102,35,48,18,5;
622,79,91,43,29,17,10;
623,378,514,160,177,37,13;
624,83,97,42,30,15,5;
625,33,62,20,32,5,3;
626,225,268,90,102,45,14;
627,1.740,1.867,624,643,172,71;
628,218,230,98,97,40,4;
629,30,47,13,11,14,6;
630,59,96,38,27,7,7;
632,545,676,232,263,65,13;
661,7,6,2,1,0,3;
662,132,246,63,59,26,4;
663,171,211,78,70,16,2;
664,39,52,18,19,3,4;
665,26,33,10,17,5,5;
666,62,79,19,21,7,5;
667,505,507,143,159,44,14;
668,377,534,147,150,49,9;
669,42,85,28,30,7,5;
670,647,846,265,304,80,23;
671,32,46,24,35,8,1;
681,27,56,18,19,6,2;
682,263,254,94,102,43,8;
683,11,15,11,15,4,0;
684,11,14,6,4,1,3;
687,27,39,6,9,5,5;
690,185,207,81,74,34,18;
691,86,79,30,29,11,6;
692,34,59,24,17,8,3;
694,49,56,23,27,5,1;
696,31,55,23,20,7,1;
697,223,280,119,117,41,22;
699,2,6,3,0,1,1;
700,1.286,1.088,457,411,138,48;
701,57,71,18,27,8,4;
702,17,30,11,17,7,1;
703,391,303,134,126,59,13;
704,24,31,13,12,5,1;
706,80,88,36,33,16,3;
707,21,21,6,11,5,2;
708,5,2,4,0,1,2;
709,5,5,7,1,3,2;
710,12,18,9,12,2,1;
711,42,46,18,16,1,0;
712,7,22,5,10,5,0;
713,641,467,186,220,71,23;
715,2,7,1,3,0,2;
723,642,553,218,209,61,17;
724,99,106,33,52,16,6;
726,262,297,107,134,41,13;
731,277,305,109,91,36,16;
732,122,249,100,120,29,7;
733,791,641,249,222,67,20;
734,52,86,21,21,6,1;
735,20,45,25,23,5,4;
736,41,78,30,22,5,0;
737,30,57,10,11,6,4;
738,55,108,48,44,10,6;
739,563,663,228,239,64,17;
740,88,104,30,27,7,1;
741,42,81,24,16,8,2;
742,91,158,49,46,13,5;
743,1.561,1.103,332,293,99,47;
744,413,424,141,153,52,9;
745,469,627,169,195,45,17;
746,225,314,118,111,33,9;
747,41,73,20,34,8,6;
748,72,99,43,38,16,3;
749,457,508,193,182,45,11;
750,159,214,92,93,23,6;
751,336,488,148,164,40,8;
754,97,161,69,61,15,5;
755,282,422,139,122,29,10;
756,200,217,54,60,7,4;
761,117,121,45,45,17,9;
762,295,343,96,115,56,19;
763,259,270,77,99,30,16;
766,84,124,52,39,21,7;
767,131,168,52,55,20,5;
768,2.073,2.149,692,662,185,54;
769,353,374,134,133,48,21;
770,115,147,55,59,23,5;
782,58,45,15,15,6,3;
783,173,154,53,61,31,9;
784,157,168,61,54,25,5;
785,785,717,284,242,83,16;
786,85,87,36,32,9,6;
791,178,185,69,72,38,8;
792,370,375,117,137,46,12;
793,208,185,69,68,36,13;
794,473,523,138,146,62,23;
841,177,142,58,64,13,1;
842,131,113,35,43,24,8;
843,1.337,871,405,353,132,73;
852,175,198,82,93,42,22;
853,263,299,74,81,22,14;
855,945,1.087,341,390,147,37;
861,1.644,1.936,641,632,194,62;
863,140,163,54,64,20,7;
865,39,51,14,7,4,4;
866,135,183,72,66,26,7;
867,87,103,46,57,28,6;
868,27,41,9,17,7,2;
869,88,160,51,85,19,6;
870,550,655,219,231,89,43;
872,116,143,55,54,22,3;
873,44,56,13,13,4,1;
874,26,32,8,23,4,1;
875,27,40,11,15,6,2;
876,176,232,78,81,26,8;
877,60,73,26,26,7,6;
878,28,45,15,14,11,2;
879,342,373,133,134,51,19;
880,272,273,96,106,27,17;
881,53,83,23,22,6,3;
883,262,371,122,134,30,16;
884,314,460,114,164,42,12;
885,206,309,95,119,51,7;
886,395,387,155,151,74,28;
888,136,211,42,82,21,7;
901,245,344,118,119,82,31;
902,1.308,1.398,434,472,222,76;
903,331,439,132,142,58,22;
904,115,149,51,58,42,28;
905,306,355,95,136,56,21;
906,104,119,47,52,30,5;
907,357,418,131,145,57,32;
908,124,159,65,73,42,26;
909,188,190,77,64,39,16;
921,84,127,39,52,15,6;
922,146,194,69,59,26,6;
923,154,229,92,86,31,22;
924,64,81,21,28,9,5;
925,80,112,35,66,15,5;
927,117,120,27,31,12,6;
928,845,1.121,378,387,99,48;
929,771,688,168,220,64,17;
931,49,61,23,30,18,10;
932,21,33,12,9,10,5;
934,448,463,101,118,26,10;
935,57,68,22,29,9,6;
936,35,39,12,18,6,1;
937,32,39,13,10,6,3;
938,929,898,209,192,63,22;
939,2.530,2.648,819,836,262,80;
940,24,22,7,12,1,3;
941,264,366,124,164,51,26;
942,7.946,7.504,2.188,2.089,605,237;
943,62,97,38,40,16,9;
944,761,1.030,312,358,101,34;
945,102,139,49,62,16,7;
946,25,35,14,13,7,2;
947,25,39,15,20,8,6;
948,86,103,44,45,23,6;
951,140,171,76,52,31,12;
952,130,151,53,50,36,13;
953,174,185,71,72,37,19;
954,734,697,235,242,110,37;
955,588,649,183,217,91,36;
956,400,504,170,159,67,35;
957,757,744,236,270,121,47;
958,122,136,44,46,30,15;
959,47,58,24,35,14,11;
960,149,176,53,58,27,18;
971,194,226,91,73,27,5;
972,10,7,1,3,1,0;
973,89,117,35,41,13,2;
975,22,50,13,9,1,1;
976,36,58,17,10,8,6;
977,144,175,63,59,18,6;
978,12,18,6,4,4,0;
979,1.096,1.142,329,365,153,40;
980,94,126,38,23,9,3;
981,576,618,269,270,84,42;
982,188,281,83,89,38,5;
983,211,266,115,93,31,8;
985,71,86,25,31,19,5;
987,62,85,32,24,7,1;
988,194,218,76,78,30,14;
989,171,161,62,67,16,4;
990,34,38,14,9,3,1;
991,83,116,27,25,9,4;
992,342,365,126,119,28,16;
993,54,70,23,23,7,4;
995,393,360,141,109,38,12;
996,23,40,13,6,3,1;
1001,68,66,29,60,27,11;
1002,445,386,139,195,98,57;
1004,205,201,84,88,49,27;
1005,172,191,68,110,68,29;
1007,70,73,30,29,25,17;
1008,423,440,205,242,141,66;
1009,200,257,96,125,59,31;
1010,482,490,214,233,144,72;
1021,124,157,56,61,21,12;
1022,23,50,18,22,15,10;
1023,272,366,137,187,68,19;
1024,4.350,4.219,1.668,1.707,521,246;
1025,79,90,50,56,24,17;
1026,382,504,179,240,89,34;
1030,437,591,281,296,152,81;
1031,1.113,1.258,521,583,228,62;
1032,199,276,130,143,96,42;
1033,269,306,132,166,63,22;
1037,225,302,135,191,80,17;
1039,141,212,70,97,64,24;
1040,642,983,413,546,160,58;
1041,84,117,45,64,37,16;
1051,506,786,328,373,108,36;
1052,592,787,375,458,140,42;
1053,152,234,96,91,20,9;
1054,1.688,1.924,740,735,254,101;
1055,131,171,68,77,26,3;
1056,105,132,64,68,29,9;
1057,26,45,16,31,11,5;
1058,1.937,2.083,746,790,250,108;
1059,4.174,4.224,1.532,1.530,487,137;
1061,19.027,13.287,4.173,3.437,1.040,319;
1062,742,843,354,448,187,93;
1063,963,1.073,371,407,121,34;
1064,126,173,74,75,48,17;
1065,503,649,263,310,107,46;
1066,177,214,93,116,48,13;
1067,203,305,130,187,42,13;
1068,240,207,69,54,20,12;
1069,652,718,225,197,71,34;
1081,634,763,298,389,197,84;
1082,199,259,146,158,49,35;
1083,261,343,146,236,114,51;
1084,168,272,101,112,30,13;
1085,247,353,160,185,73,31;
1086,291,353,157,186,101,55;
1088,149,335,117,114,46,26;
1089,187,257,101,158,72,17;
1091,70,141,85,80,43,18;
1093,540,785,334,453,188,76;
1094,348,433,176,258,94,28;
1095,430,550,212,273,106,39;
1097,295,381,182,186,95,34;
1098,718,820,360,440,198,80;
1099,247,398,170,176,56,26;
1100,74,79,28,70,28,8;
1102,391,535,216,303,121,32;
1103,1.454,1.485,531,511,179,52;
1104,422,505,204,283,141,79;
1107,469,518,217,235,115,80;
1121,64,74,40,48,14,8;
1122,87,134,62,61,21,12;
1123,135,206,83,114,32,20;
1125,578,698,306,316,119,40;
1126,36,31,19,21,19,10;
1127,158,181,77,95,34,8;
1128,264,317,130,161,74,33;
1129,43,79,33,42,31,14;
1130,109,115,69,76,26,15;
1131,66,115,43,40,24,19;
1132,133,195,92,115,73,32;
1135,113,145,68,64,45,28;
1136,279,307,133,186,108,47;
1137,251,340,149,176,53,22;
1139,304,322,122,130,52,27;
1140,835,995,400,375,181,54;
1142,76,94,25,32,25,7;
1143,437,490,230,276,124,34;
1145,70,98,49,49,26,20;
1146,193,250,103,113,53,25;
1147,189,195,82,93,31,13;
1150,188,228,99,136,56,31;
1151,949,1.056,376,443,201,86;
1201,1.296,1.378,486,509,186,64;
1202,259,218,82,64,22,9;
1203,143,202,79,115,53,13;
1204,33,28,8,10,1,1;
1205,424,498,206,262,125,29;
1206,533,536,204,213,78,39;
1207,267,279,94,120,46,17;
1208,68,74,20,24,9,1;
1209,73,85,23,28,15,11;
1210,38,27,7,9,5,2;
1211,39,56,16,23,27,13;
1212,30,29,9,7,0,0;
1213,494,795,232,351,108,35;
1214,152,220,94,133,59,15;
1215,94,107,23,28,21,5;
1216,351,281,116,119,53,19;
1217,55,47,23,24,8,6;
1218,89,105,33,49,33,12;
1219,66,71,29,47,30,11;
1220,61,56,25,21,13,3;
1301,1.978,2.112,784,868,354,126;
1311,390,351,123,108,34,20;
1321,663,769,304,277,96,35;
1322,2.320,2.538,969,905,261,86;
1323,910,1.088,459,385,144,44;
1331,1.745,1.884,669,725,251,76;
1341,775,1.057,413,393,126,42;
1342,614,736,289,325,109,41;
1343,25,23,10,15,3,2;
1344,1.303,1.337,479,437,139,43;
1345,378,480,209,222,76,24;
1346,1.143,1.214,520,567,165,93;
1347,390,474,197,200,66,22;
1348,132,135,71,52,27,8;
1349,582,715,279,321,87,25;
1361,67,81,34,30,15,10;
1362,1.349,1.532,583,691,277,126;
1363,68,82,37,56,23,16;
1364,1.201,1.264,500,472,149,54;
1365,100,143,59,65,34,13;
1366,156,135,46,64,35,14;
1367,380,440,162,205,108,49;
1368,163,163,46,41,13,3;
1369,12,9,2,3,3,4;
1370,238,256,126,150,74,29;
1371,222,260,96,103,61,19;
1372,2.114,1.998,795,816,373,149;
1373,302,417,161,214,88,52;
1374,84,128,42,50,25,14;
1375,356,299,127,125,62,23;
1401,721,789,348,376,115,49;
1402,806,570,200,200,68,43;
1403,399,419,198,234,94,46;
1404,622,736,300,388,149,89;
1405,276,297,91,120,53,30;
1406,608,684,267,319,140,38;
1407,1.382,1.494,554,629,194,85;
1501,482,525,182,213,76,14;
1502,644,768,306,345,119,40;
1503,209,234,94,113,51,23;
1504,244,239,73,76,11,8;
1505,628,810,253,248,64,25;
1506,212,324,121,124,45,21;
1507,968,946,324,258,96,32;
1508,331,428,153,191,87,30;
1509,1.057,1.148,500,504,148,61;
1510,792,835,236,204,44,20;
1511,226,223,116,137,68,27;
1630,2.380,2.532,996,1.051,359,132;
1631,1.521,1.548,544,471,163,69;
1632,1.926,1.748,724,718,245,76;
1701,3.402,3.436,1.303,1.456,445,118;
1702,1.893,2.225,930,998,303,91;
1703,833,1.175,561,612,225,58;
1704,462,537,257,234,109,41;
1705,199,256,110,127,66,21;
1706,722,805,323,383,135,51;
1707,1.081,1.395,614,621,231,91;
1708,1.109,1.423,546,612,207,40;
1709,1.157,1.177,482,554,180,48;
1710,445,547,205,199,83,31;
1711,5.179,4.422,1.680,1.433,462,139;
2004,51,67,25,28,13,1;
2005,59,89,54,56,14,6;
2008,41,66,24,29,11,4;
2009,37,53,29,22,7,5;
2010,182,198,89,80,29,9;
2011,178,200,102,112,39,16;
2013,256,329,186,226,79,25;
2014,101,97,70,74,25,8;
2015,885,757,392,385,130,39;
2016,69,102,54,78,24,9;
2022,75,135,60,68,19,8;
2024,85,85,64,45,18,4;
2025,83,123,57,96,30,6;
2027,34,44,22,35,6,3;
2029,238,260,139,153,64,22;
2033,12,19,9,11,5,2;
2034,62,83,29,42,15,6;
2035,34,52,18,30,12,3;
2038,5,9,3,7,0,0;
2039,31,49,28,31,11,4;
2040,22,30,17,16,3,1;
2041,193,197,94,112,35,14;
2043,27,27,17,21,2,4;
2044,39,37,17,24,11,2;
2045,41,37,22,31,12,3;
2047,42,43,19,21,13,6;
2049,23,29,16,22,6,1;
2050,157,160,76,97,36,11;
2051,142,177,55,58,22,3;
2052,72,114,61,86,33,10;
2061,19,38,15,18,10,3;
2063,70,81,38,50,18,6;
2066,14,25,22,24,6,1;
2067,26,39,18,22,12,10;
2068,59,83,31,47,28,16;
2072,29,42,21,18,10,3;
2079,18,22,9,13,10,1;
2086,40,57,31,28,19,7;
2087,80,102,66,80,33,6;
2089,16,49,24,36,5,5;
2096,745,613,332,304,108,40;
2097,159,197,86,116,25,9;
2099,186,251,135,163,63,22;
2102,276,324,180,192,86,21;
2111,131,125,64,71,41,10;
2113,177,238,125,154,72,25;
2114,105,148,79,87,39,12;
2115,70,111,47,62,22,12;
2116,86,104,63,61,29,11;
2121,231,197,96,88,31,7;
2122,187,253,97,102,54,13;
2123,47,69,34,36,14,4;
2124,393,312,146,158,50,22;
2125,3.037,2.624,1.309,1.248,429,145;
2128,30,41,17,15,2,3;
2129,80,122,42,53,19,9;
2130,70,65,14,13,4,1;
2131,69,89,41,70,24,6;
2134,91,90,39,61,28,5;
2135,270,266,130,140,41,16;
2137,68,74,35,43,16,6;
2138,74,86,28,37,18,11;
2140,151,195,84,127,68,17;
2143,57,83,34,33,18,5;
2145,92,117,72,83,29,9;
2147,45,67,36,36,27,4;
2148,272,297,157,152,54,19;
2149,159,198,76,112,41,15;
2152,103,136,74,106,60,16;
2153,107,127,66,76,27,8;
2155,90,131,66,76,25,10;
2160,211,280,145,169,59,13;
2162,161,167,66,70,34,12;
2163,367,344,135,144,45,11;
2171,73,96,64,55,21,3;
2172,3,7,2,7,2,1;
2173,70,91,46,62,20,4;
2174,183,199,125,150,37,16;
2175,260,351,200,201,98,32;
2177,66,71,64,54,26,8;
2179,11,16,6,9,5,0;
2183,153,271,156,184,42,17;
2184,76,153,87,104,36,8;
2185,36,53,19,31,9,4;
2186,113,170,85,102,43,16;
2189,95,125,70,77,27,15;
2192,217,237,147,155,69,15;
2194,10,35,17,20,8,3;
2196,7.202,4.801,2.271,1.812,736,337;
2197,326,414,238,195,56,15;
2198,355,379,223,223,61,28;
2200,178,230,136,128,49,12;
2206,916,1.069,551,479,175,66;
2208,145,164,101,117,37,18;
2211,228,302,148,201,58,19;
2213,39,67,29,46,22,10;
2216,12,12,5,9,4,5;
2217,45,70,46,50,15,13;
2220,323,353,203,229,76,24;
2221,96,115,70,65,24,6;
2222,123,171,81,98,30,6;
2223,101,127,65,94,45,13;
2225,16,22,8,8,6,1;
2226,147,158,86,91,53,11;
2228,1.506,1.475,794,788,263,101;
2230,4,5,8,7,2,1;
2231,92,97,62,82,29,4;
2233,215,281,132,182,64,18;
2234,144,201,122,139,59,14;
2235,83,119,65,79,33,8;
2243,46,65,28,27,16,7;
2250,101,185,107,97,30,13;
2251,33,54,16,23,4,0;
2254,291,394,249,264,96,31;
2257,84,99,55,71,22,8;
2258,28,75,33,27,8,4;
2259,76,96,40,45,11,3;
2260,39,45,20,21,3,1;
2261,22,30,8,7,3,4;
2262,363,562,246,306,82,27;
2264,27,45,20,31,17,6;
2265,472,667,288,317,97,52;
2266,53,89,42,37,13,3;
2270,18,34,10,10,4,1;
2271,59,79,38,45,13,3;
2272,159,214,117,126,46,12;
2274,123,164,54,49,22,5;
2275,993,936,372,404,123,39;
2276,104,152,72,63,23,14;
2277,61,86,33,37,7,5;
2278,28,75,24,27,6,2;
2279,70,86,31,40,15,5;
2280,226,302,116,145,45,15;
2281,151,249,73,87,21,9;
2283,36,61,26,32,12,3;
2291,215,295,124,132,45,12;
2292,92,85,35,43,13,6;
2293,966,1.177,439,473,142,51;
2294,187,219,75,115,27,9;
2295,310,532,213,239,63,12;
2296,136,195,76,88,40,9;
2298,99,138,81,71,32,13;
2299,346,306,105,110,34,10;
2300,152,164,60,58,22,4;
2301,141,176,60,64,18,9;
2302,230,301,130,119,37,6;
2303,94,146,63,55,24,6;
2304,148,165,80,82,27,11;
2305,359,538,249,291,89,32;
2306,383,473,157,219,71,27;
2307,144,182,82,89,25,6;
2308,277,360,125,166,46,13;
2309,619,771,310,319,123,62;
2310,39,52,25,24,10,6;
2321,298,350,204,277,72,12;
2323,150,154,94,114,37,11;
2325,895,790,426,417,123,38;
2328,71,98,61,72,13,5;
2333,77,126,61,92,22,8;
2335,86,91,57,86,38,8;
2336,173,176,89,97,26,12;
2337,94,126,61,69,49,17;
2338,93,143,67,76,38,11;
2401,458,510,186,195,79,22;
2402,168,261,80,85,35,12;
2403,204,275,82,124,35,11;
2404,250,274,131,132,40,13;
2405,146,162,50,59,31,3;
2406,311,304,118,125,47,13;
2407,897,967,368,310,103,43;
2408,250,363,111,104,43,10;
2421,46,81,20,30,22,7;
2422,772,842,341,333,140,53;
2423,11,10,2,4,5,2;
2424,63,86,23,30,14,6;
2425,104,88,30,32,18,4;
2426,183,242,96,104,41,19;
2427,119,195,83,76,30,9;
2428,316,317,149,132,62,24;
2429,153,174,58,57,26,11;
2445,29,45,19,21,6,5;
2455,95,131,36,43,16,3;
2456,48,54,24,18,1,2;
2457,123,203,91,88,46,8;
2461,114,173,68,67,18,3;
2463,17,34,13,14,3,2;
2464,140,137,70,52,24,9;
2465,275,408,143,141,47,22;
2471,101,169,73,88,23,9;
2472,107,115,62,71,18,8;
2473,1.186,993,326,342,107,50;
2474,92,135,47,54,21,7;
2475,119,191,76,67,37,16;
2476,310,506,198,224,52,17;
2477,107,170,57,43,12,5;
2478,158,233,92,98,25,10;
2479,114,214,66,71,34,14;
2480,145,166,50,65,14,5;
2481,127,230,102,96,27,8;
2491,31,48,12,21,8,4;
2492,53,73,31,24,18,6;
2493,403,616,216,269,67,23;
2495,515,555,216,214,85,28;
2497,317,353,127,113,33,22;
2498,8,13,4,4,2,3;
2499,104,186,59,65,21,3;
2500,1.067,908,359,307,138,64;
2501,292,314,95,93,36,8;
2502,42,66,29,27,5,2;
2503,453,481,219,211,51,20;
2511,159,228,74,74,13,5;
2513,1.267,1.290,479,429,153,51;
2514,55,73,38,47,10,3;
2516,226,327,142,153,47,13;
2517,935,956,371,328,127,45;
2518,105,132,42,45,12,5;
2519,726,696,257,255,117,50;
2520,77,139,54,59,14,6;
2523,73,138,51,50,18,11;
2524,6,17,5,6,0,1;
2525,156,193,84,71,27,7;
2526,278,509,137,166,45,8;
2527,523,568,194,182,50,22;
2528,130,207,67,59,21,4;
2529,84,133,43,46,15,10;
2530,164,324,110,92,33,12;
2532,363,452,199,186,59,19;
2534,1.756,1.315,479,448,149,44;
2535,61,132,40,45,18,5;
2541,12,36,12,13,3,1;
2542,769,833,304,274,77,30;
2543,774,791,310,249,82,17;
2544,138,182,60,50,14,2;
2545,152,152,64,56,12,3;
2546,3.026,2.553,923,724,286,139;
2547,138,211,69,64,18,4;
2548,63,107,46,46,16,5;
2549,2,6,2,2,1,0;
2550,627,612,190,215,60,21;
2551,128,258,85,89,23,9;
2553,169,277,81,114,29,11;
2554,251,375,148,128,50,8;
2555,221,231,92,82,23,12;
2556,409,489,191,196,65,15;
2571,98,95,58,39,11,8;
2572,399,462,167,153,35,20;
2573,701,710,264,263,90,53;
2574,62,56,17,11,5,4;
2575,213,262,81,112,33,14;
2576,281,366,157,166,60,18;
2578,230,270,97,94,34,6;
2579,557,716,280,290,89,45;
2580,385,503,169,193,52,15;
2581,3.678,2.742,908,725,270,116;
2582,105,148,52,59,8,2;
2583,694,691,279,262,92,55;
2584,169,269,93,133,29,4;
2585,77,124,33,40,15,8;
2586,752,769,262,292,93,30;
2601,3.668,2.592,912,715,228,85;
2611,89,139,62,42,10,6;
2612,29,21,16,9,7,12;
2613,415,484,238,221,74,40;
2614,276,314,112,136,52,14;
2615,90,138,62,45,22,7;
2616,59,102,22,36,19,7;
2617,55,83,24,28,6,6;
2618,131,172,45,45,18,5;
2619,171,194,66,73,26,9;
2620,59,102,37,36,13,8;
2621,226,276,109,107,41,14;
2622,83,86,34,41,11,8;
2701,42.465,24.823,9.195,6.760,2.367,856;
2702,122,181,59,73,21,6;
2703,3.396,3.333,1.202,1.138,327,81;
2761,1.308,1.641,696,549,157,55;
2762,3.637,3.486,1.201,1.011,281,73;
2763,1.482,1.447,537,495,150,37;
2764,314,554,181,207,79,19;
2765,2.693,2.478,865,772,229,61;
2766,2.135,1.635,594,459,143,49;
2767,912,1.055,373,325,120,28;
2768,680,868,299,289,62,16;
2769,1.833,1.870,709,639,201,64;
2770,2.678,2.827,991,999,297,78;
2771,1.462,1.741,598,719,171,54;
2772,157,392,160,154,39,13;
2773,2.764,3.133,1.082,1.075,260,94;
2774,128,229,102,98,22,3;
2775,1.165,1.573,606,628,200,41;
2781,71,124,38,45,15,3;
2782,154,228,94,134,22,10;
2783,35,38,13,18,5,2;
2784,116,133,35,38,13,6;
2785,184,222,82,106,26,4;
2786,211,303,113,107,33,8;
2787,917,786,300,300,104,46;
2788,193,177,66,68,21,5;
2789,37,60,22,31,9,4;
2790,44,42,14,21,5,1;
2791,174,273,124,114,42,11;
2792,136,225,89,99,25,3;
2793,297,357,161,125,39,6;
2821,139,263,84,108,34,12;
2822,166,177,43,26,8,3;
2823,411,669,275,274,91,38;
2824,965,941,375,380,124,41;
2825,673,754,247,198,83,26;
2826,96,184,72,59,22,5;
2827,34,61,21,17,6,3;
2828,551,821,312,306,97,27;
2829,2.133,2.164,776,726,280,86;
2830,148,232,73,88,32,8;
2831,2.451,2.294,971,824,289,103;
2832,64,121,36,43,16,4;
2833,143,202,78,77,35,7;
2834,124,203,96,107,41,15;
2841,42,74,33,50,12,4;
2842,91,132,48,55,18,0;
2843,90,108,32,41,16,7;
2844,92,149,64,52,22,10;
2845,72,113,33,45,17,2;
2846,808,929,358,334,97,34;
2847,25,33,22,16,5,3;
2848,43,38,19,16,2,1;
2849,200,332,133,136,39,7;
2850,60,87,25,28,9,4;
2851,14,28,6,12,3,1;
2852,143,184,80,69,34,10;
2853,116,149,55,56,17,4;
2854,19,44,13,12,7,5;
2855,62,56,21,28,15,7;
2856,266,336,117,121,39,11;
2857,61,102,30,31,8,5;
2858,78,116,45,52,15,7;
2859,38,54,29,15,6,8;
2860,97,128,50,39,20,2;
2861,887,979,419,361,115,43;
2862,75,128,55,51,21,6;
2863,89,166,50,53,11,7;
2864,162,221,83,87,19,10;
2865,76,125,35,44,15,7;
2866,71,109,26,35,15,4;
2867,45,61,18,30,10,6;
2868,44,79,18,39,7,3;
2869,300,399,159,150,36,16;
2881,47,96,25,34,17,3;
2882,62,94,32,40,17,6;
2883,79,90,40,49,17,14;
2884,150,238,90,103,38,20;
2885,66,77,31,38,9,3;
2886,236,395,128,132,61,18;
2887,45,84,29,30,8,6;
2888,137,137,58,53,18,11;
2889,35,57,17,23,5,2;
2890,20,23,15,9,2,1;
2891,194,263,109,94,41,17;
2892,261,345,146,139,53,25;
2893,185,231,91,88,33,20;
2894,46,70,23,25,9,2;
2895,199,165,66,51,28,15;
2901,108,134,40,36,19,7;
2903,158,220,80,75,32,10;
2904,277,309,122,134,36,8;
2914,26,61,23,19,7,3;
2915,88,164,68,53,17,6;
2917,77,108,32,61,11,8;
2919,97,187,59,110,38,7;
2920,800,827,290,291,99,26;
2931,43,47,15,13,7,2;
2932,549,701,230,260,67,35;
2933,81,136,42,56,19,4;
2936,87,91,40,58,23,14;
2937,2.048,1.562,546,513,158,69;
2938,75,127,43,57,12,2;
2939,6.687,5.465,1.910,1.813,625,223;
2951,64,71,29,17,13,8;
2952,216,254,92,71,50,21;
2953,88,143,51,53,12,5;
2961,46,55,15,13,7,3;
2962,48,73,22,28,11,4;
2963,170,221,61,87,28,8;
2964,596,533,182,180,46,18;
2971,309,321,111,87,49,27;
2972,41,69,23,22,13,5;
2973,82,89,34,34,13,5;
2974,173,262,98,94,37,20;
3001,2.586,2.285,865,854,268,107;
3002,89,101,46,53,40,21;
3003,62,77,25,19,12,12;
3004,149,170,84,77,45,27;
3005,130,197,75,91,32,15;
3006,339,324,79,113,55,39;
3007,159,227,90,101,41,38;
3021,213,218,89,108,43,19;
3022,385,445,173,149,84,35;
3023,538,625,219,242,108,29;
3024,797,871,336,330,127,78;
3025,231,210,99,97,44,15;
3031,84,150,60,62,18,14;
3032,565,597,243,238,76,31;
3033,152,231,69,62,24,9;
3034,204,230,101,90,37,23;
3035,96,114,40,32,17,2;
3036,126,105,55,38,24,11;
3037,321,312,111,98,44,21;
3038,221,278,107,91,40,11;
3101,807,811,287,292,166,48;
3102,142,154,65,67,54,30;
3103,349,380,156,192,148,61;
3104,104,129,53,49,44,28;
3105,207,208,118,133,89,33;
3111,231,284,92,97,53,22;
3201,104,141,47,91,39,19;
3202,105,149,56,65,40,20;
3203,16.034,10.976,4.044,3.475,1.194,515;
3204,1.346,1.459,539,557,184,67;
3211,65,127,35,50,24,13;
3212,236,337,135,121,58,18;
3213,1.383,1.490,484,502,194,42;
3214,318,493,210,234,96,33;
3215,1.998,1.225,484,397,179,87;
3216,986,1.151,415,394,134,37;
3217,523,548,190,200,70,13;
3218,163,197,54,90,36,11;
3219,77,124,58,70,37,9;
3231,1.065,1.041,425,413,137,71;
3232,565,679,258,258,98,40;
3233,508,559,209,247,92,24;
3234,699,786,352,415,150,57;
3235,523,462,166,183,72,22;
3236,760,736,343,332,127,65;
3237,859,993,331,370,134,54;
3238,1.082,1.278,554,576,207,76;
3251,1.534,1.545,602,609,269,132;
3252,147,192,85,105,37,13;
3253,216,279,131,150,50,16;
3254,895,1.051,484,565,214,113;
3255,599,617,250,256,92,55;
3256,261,323,134,100,60,29;
3271,1.811,1.619,701,601,251,164;
3272,335,413,189,191,94,42;
3273,804,949,375,408,177,75;
3274,704,757,288,316,114,38;
3275,673,648,286,244,106,63;
3276,666,736,260,327,117,54;
3291,1.021,833,304,304,103,45;
3292,599,578,251,292,139,63;
3293,936,1.110,475,541,228,92;
3294,227,197,80,72,55,19;
3295,398,457,130,141,57,28;
3296,860,905,346,327,128,51;
3297,521,610,243,293,118,45;
3298,807,764,302,333,126,46;
3311,279,292,87,92,28,12;
3312,272,378,148,188,83,31;
3313,508,593,284,293,120,44;
3315,404,503,226,229,86,38;
3316,270,248,66,84,36,12;
3338,424,518,222,232,60,26;
3339,693,827,351,360,173,61;
3340,4.073,4.167,1.517,1.547,442,155;
3341,615,744,248,289,121,47;
3342,930,1.145,510,586,242,99;
3352,699,756,246,262,120,42;
3359,442,381,113,115,69,45;
3360,465,521,165,182,96,54;
3372,87,121,45,35,34,17;
3374,414,277,86,102,36,16;
3375,135,156,64,76,38,23;
3378,495,532,206,192,102,70;
3379,1.117,1.193,419,468,203,107;
3392,946,1.074,473,539,255,97;
3393,130,176,80,69,46,29;
3394,263,335,119,155,94,61;
3395,492,615,245,241,139,63;
3401,522,478,184,222,101,67;
3402,1.440,1.425,544,608,229,107;
3405,340,506,183,270,110,32;
3407,662,832,344,370,164,79;
3408,1.536,1.716,701,771,315,125;
3422,116,169,73,101,45,30;
3423,222,319,159,202,108,39;
3424,429,586,211,266,122,46;
3426,447,675,270,344,109,33;
3427,3.926,3.454,1.235,1.224,468,219;
3441,167,237,98,134,55,24;
3442,935,1.208,439,551,154,66;
3443,2.542,2.626,963,1.040,399,148;
3444,282,382,184,237,121,52;
3501,16,20,10,4,5,1;
3502,7,11,5,4,2,1;
3503,7,9,2,4,3,1;
3504,18,18,5,8,5,1;
3505,26,30,20,17,4,2;
3506,505,397,161,152,43,8;
3511,65,71,17,22,6,3;
3512,30,21,6,3,2,2;
3513,109,76,23,33,7,1;
3514,45,51,12,11,4,0;
3515,39,25,16,11,4,0;
3521,87,52,28,20,13,5;
3522,61,57,32,24,11,2;
3531,49,28,10,9,2,1;
3532,41,43,13,17,3,1;
3533,6,6,3,1,0,0;
3534,5,6,1,0,1,0;
3536,57,48,8,18,6,4;
3538,26,27,7,11,14,0;
3539,218,149,50,46,27,2;
3540,22,10,4,2,0,1;
3541,49,51,21,15,3,4;
3551,149,143,65,77,30,5;
3561,495,408,213,238,81,18;
3572,64,95,38,42,6,4;
3575,356,267,98,65,19,4;
3581,103,85,31,58,11,2;
3582,106,80,32,26,8,3;
3598,3,4,3,0,2,1;
3603,162,132,53,48,26,8;
3611,33,20,6,16,7,1;
3612,128,130,44,44,21,4;
3616,45,50,16,18,11,3;
3617,53,51,15,12,8,2;
3618,302,290,110,105,52,22;
3619,688,627,292,263,87,25;
3631,31,30,14,12,4,3;
3633,44,53,17,27,5,4;
3634,50,61,30,39,10,4;
3635,30,36,22,9,5,2;
3636,41,53,16,16,2,0;
3637,37,47,13,19,9,2;
3638,110,105,41,51,23,9;
3640,110,141,64,42,20,10;
3661,236,294,120,125,50,17;
3662,20,18,12,18,6,4;
3663,36,53,28,29,17,6;
3668,488,412,178,156,62,25;
3669,16,19,6,11,2,0;
3670,23,30,9,3,1,1;
3671,111,83,33,39,20,12;
3672,110,109,42,48,26,18;
3681,27,18,12,9,4,2;
3691,7,7,5,2,3,1;
3693,13,14,8,5,5,7;
3694,72,73,18,14,6,3;
3695,19,12,8,10,4,0;
3701,166,128,49,41,16,11;
3703,7,6,2,5,0,1;
3705,25,24,8,11,8,4;
3707,7,3,3,1,3,0;
3708,10,5,1,3,2,1;
3711,7,5,4,3,2,1;
3712,69,58,18,18,12,5;
3713,21,12,5,3,3,0;
3721,394,416,177,221,72,11;
3722,954,1.066,475,518,164,45;
3723,147,175,77,97,37,8;
3731,249,319,154,175,56,12;
3732,535,474,148,124,32,5;
3733,173,218,75,60,21,6;
3734,209,190,74,71,34,1;
3741,69,71,16,25,9,2;
3742,27,24,6,10,3,1;
3743,21,34,14,13,4,2;
3744,31,30,16,8,6,0;
3745,68,47,24,20,2,2;
3746,175,171,64,69,22,5;
3752,168,79,60,47,14,2;
3761,84,63,26,33,8,4;
3762,402,346,156,139,32,5;
3763,106,111,66,41,28,7;
3764,109,121,51,60,20,8;
3781,117,92,38,34,10,3;
3782,302,180,92,85,28,12;
3783,43,35,11,15,4,1;
3784,447,257,153,133,23,10;
3785,133,105,52,42,6,6;
3786,603,435,195,180,29,10;
3787,1.488,707,319,243,45,20;
3788,115,121,32,44,11,5;
3789,202,94,53,43,9,0;
3790,322,179,58,37,9,3;
3791,261,164,60,71,9,5;
3792,264,203,93,86,39,7;
3801,19,12,4,2,0,1;
3803,12,7,5,2,0,0;
3804,19,17,3,3,2,1;
3805,37,44,14,15,5,2;
3806,3,2,2,2,3,0;
3808,27,29,8,6,0,1;
3810,30,20,7,3,1,0;
3811,10,4,1,2,0,0;
3821,104,102,59,47,10,5;
3822,247,176,81,79,22,3;
3823,46,50,25,18,7,1;
3831,79,74,50,35,9,1;
3832,137,142,60,64,16,9;
3833,18,22,6,13,1,0;
3834,333,340,172,150,44,9;
3835,114,92,55,53,12,2;
3836,32,21,6,11,1,4;
3847,229,216,71,84,35,19;
3851,2.411,1.585,635,568,176,66;
3861,82,79,22,36,21,3;
3862,21,25,8,10,5,7;
3863,163,181,66,73,22,6;
3871,694,617,192,207,76,13;
3881,33,34,9,12,1,4;
3882,135,112,47,50,16,9;
3883,118,96,45,45,17,6;
3891,170,170,64,63,35,13;
3893,35,47,15,16,13,5;
3901,7.257,5.487,1.976,1.675,468,107;
3911,338,302,133,110,27,16;
3921,807,491,192,118,56,17;
3926,74,100,24,27,7,2;
3932,54,55,22,15,2,1;
3941,145,139,51,72,26,6;
3945,347,467,206,192,63,12;
3946,272,321,157,167,54,14;
3947,445,476,197,194,77,20;
3951,83,120,43,44,12,4;
3952,98,118,47,66,21,8;
3953,432,426,149,158,57,10;
3954,272,332,119,149,57,18;
3955,1.158,1.290,534,522,155,57;
3961,255,280,84,137,57,8;
3962,359,382,126,175,53,22;
3972,168,187,69,83,33,21;
3981,153,137,70,69,40,21;
3982,300,281,102,118,54,14;
3983,45,48,11,29,12,5;
3985,163,160,55,70,38,16;
3986,228,189,82,79,28,4;
3987,201,166,66,53,30,12;
4001,4.301,3.260,1.087,908,307,103;
4002,177,305,71,72,23,10;
4003,1.175,1.168,419,417,150,45;
4004,81,104,42,43,12,2;
4005,453,697,217,230,72,16;
4006,802,1.135,419,466,128,55;
4007,187,241,95,98,28,7;
4008,780,989,304,344,119,43;
4009,396,566,231,240,68,30;
4010,1.040,1.162,430,452,160,60;
4012,1.344,1.314,543,592,234,73;
4013,593,608,208,224,84,37;
4021,3.464,2.943,1.126,969,269,79;
4022,207,284,69,102,20,7;
4023,306,476,174,148,40,11;
4024,326,429,174,200,56,16;
4026,529,564,188,172,55,11;
4027,800,877,321,344,90,23;
4028,82,131,50,72,26,8;
4029,650,800,281,277,93,31;
4030,177,266,126,120,43,20;
4031,157,244,106,117,37,10;
4032,207,272,109,143,59,18;
4033,705,810,284,281,106,42;
4034,1.327,1.240,499,460,167,77;
4035,468,603,200,229,56,20;
4037,520,716,225,233,63,15;
4038,1.274,1.261,487,542,156,53;
4039,162,295,130,150,42,14;
4040,1.386,1.332,701,664,271,117;
4041,159,272,136,153,36,14;
4042,528,408,169,163,51,27;
4044,895,1.068,403,411,137,62;
4045,3.854,3.143,1.107,1.090,290,98;
4046,184,212,95,83,29,16;
4047,481,647,266,293,88,36;
4048,652,875,382,420,109,35;
4049,532,695,283,301,88,38;
4061,152,282,117,134,37,10;
4062,572,720,283,289,68,24;
4063,1.192,1.122,475,453,129,56;
4064,82,180,60,58,19,5;
4065,500,564,237,238,76,28;
4066,110,157,60,54,13,6;
4067,166,232,106,95,31,15;
4068,259,334,124,156,50,22;
4071,157,267,125,143,45,14;
4072,286,378,166,169,50,24;
4073,205,315,116,133,29,9;
4074,256,347,108,144,53,13;
4075,540,645,285,273,83,27;
4076,307,408,162,182,59,16;
4077,127,198,80,111,29,9;
4078,40,74,19,33,10,4;
4079,157,201,74,84,26,6;
4080,873,1.007,435,395,121,57;
4081,464,640,195,185,54,20;
4082,2.063,2.204,890,900,322,132;
4083,487,712,259,277,70,28;
4084,67,102,37,37,15,2;
4091,180,292,86,93,24,4;
4092,414,549,248,265,122,55;
4093,93,122,41,35,10,3;
4094,95,109,40,34,15,12;
4095,1.670,1.704,627,581,206,94;
4096,61,100,34,32,12,6;
4097,30,50,22,15,2,1;
4099,47,67,24,19,13,2;
4100,382,556,199,193,65,26;
4104,302,370,137,139,40,8;
4105,26,38,24,19,6,4;
4106,36,82,28,16,4,3;
4107,130,166,74,54,12,8;
4110,131,174,59,60,22,6;
4111,172,235,94,77,36,9;
4112,51,136,53,58,25,5;
4113,68,106,35,43,11,4;
4114,169,188,77,66,18,12;
4117,84,139,49,43,13,7;
4120,157,203,89,84,32,13;
4121,230,329,116,111,38,18;
4122,156,244,82,101,28,13;
4123,1.081,1.025,352,412,159,61;
4124,189,285,73,88,31,10;
4125,247,350,125,127,55,19;
4131,415,496,169,165,52,22;
4132,166,243,48,33,18,6;
4133,151,152,49,55,17,9;
4134,133,175,80,75,27,6;
4135,261,325,118,107,42,16;
4136,180,234,65,61,23,12;
4137,28,81,32,32,11,0;
4138,85,114,43,42,18,8;
4139,788,791,320,345,113,57;
4140,279,399,145,161,59,17;
4141,1.142,1.103,466,450,174,93;
4142,69,145,44,41,19,8;
4143,129,166,66,60,30,17;
4144,619,704,231,224,61,29;
4145,197,233,95,71,32,25;
4146,320,438,165,171,61,31;
4147,168,212,73,75,21,13;
4161,239,326,130,139,32,27;
4163,653,741,297,301,112,53;
4164,91,163,54,54,19,15;
4165,407,528,193,235,85,19;
4166,134,180,80,88,38,18;
4167,122,134,55,53,12,12;
4169,252,374,168,176,43,19;
4170,394,493,195,190,78,21;
4172,103,162,65,48,13,3;
4173,51,84,35,35,19,5;
4175,99,138,56,65,15,5;
4176,73,102,40,33,21,4;
4177,178,244,88,98,32,3;
4179,87,123,57,64,20,3;
4181,141,186,61,73,34,7;
4182,115,147,37,57,34,10;
4183,121,172,69,70,23,8;
4184,223,323,111,109,35,12;
4191,65,96,43,48,14,6;
4192,141,224,89,89,30,9;
4193,91,91,50,51,9,5;
4194,200,324,101,145,46,25;
4195,162,206,70,84,33,6;
4196,258,276,110,118,49,19;
4197,123,127,48,40,11,8;
4198,131,167,72,69,25,6;
4199,162,195,63,61,15,4;
4200,423,554,213,234,66,34;
4201,1.475,1.362,519,451,170,57;
4202,290,485,167,162,41,15;
4203,459,652,249,277,104,25;
4204,464,620,290,292,90,38;
4205,293,382,162,162,59,16;
4206,702,782,305,293,100,28;
4207,311,407,182,174,56,30;
4208,430,522,224,241,93,25;
4209,602,679,319,293,93,35;
4210,377,455,162,147,57,12;
4221,76,122,61,68,28,6;
4222,153,216,90,81,31,8;
4223,187,233,91,150,52,15;
4224,114,129,48,71,39,15;
4226,50,75,43,40,14,6;
4227,72,86,38,24,9,4;
4228,361,408,143,156,53,22;
4229,114,149,42,72,24,11;
4230,95,166,60,95,25,7;
4231,148,182,69,80,24,17;
4232,15,25,10,14,4,3;
4233,14,48,20,21,8,3;
4234,317,454,172,250,89,25;
4235,122,143,66,67,24,3;
4236,924,1.011,405,477,171,63;
4237,114,159,92,129,40,7;
4238,85,128,44,59,12,5;
4239,435,504,226,286,125,44;
4240,284,404,145,179,71,15;
4251,71,116,60,43,20,6;
4252,764,859,348,301,99,40;
4253,366,595,246,283,69,13;
4254,1.277,1.587,656,691,207,67;
4255,197,204,78,77,24,7;
4256,113,153,68,58,21,6;
4257,38,73,21,18,7,2;
4258,2.217,2.112,746,648,195,78;
4259,102,125,39,50,14,2;
4260,491,475,174,170,41,29;
4261,215,288,121,130,28,8;
4262,90,159,49,69,26,14;
4263,252,370,136,143,37,13;
4264,90,127,48,57,22,4;
4271,1.075,1.089,443,408,166,57;
4272,37,41,8,17,10,2;
4273,75,137,53,49,12,4;
4274,394,605,191,258,77,26;
4275,103,148,46,44,19,3;
4276,518,632,248,251,100,35;
4277,85,112,54,52,31,11;
4279,358,439,160,164,56,28;
4280,1.842,1.992,755,729,267,114;
4281,128,169,69,81,32,15;
4282,1.080,1.333,483,492,158,70;
4283,476,586,226,200,53,26;
4284,98,166,81,64,20,4;
4285,657,696,281,280,80,28;
4286,166,219,83,74,25,9;
4287,201,313,123,98,32,16;
4288,15,26,14,7,3,2;
4289,1.924,1.825,568,577,182,70;
4301,22,29,19,25,3,2;
4302,12,36,9,8,5,0;
4303,399,561,218,238,75,37;
4304,482,515,250,196,70,47;
4305,233,333,134,150,63,25;
4306,50,63,24,22,8,6;
4307,86,118,54,54,19,5;
4308,75,76,25,10,10,1;
4309,439,537,191,159,56,32;
4310,210,217,94,88,33,22;
4311,151,187,79,73,25,15;
4312,267,360,132,181,69,27;
4313,225,354,118,124,33,23;
4314,21,30,20,12,3,5;
4315,93,136,61,65,18,10;
4316,59,94,41,53,20,5;
4317,35,54,17,9,6,2;
4318,151,221,68,88,25,4;
4319,70,94,42,43,6,5;
4320,132,167,70,69,21,10;
4322,31,51,23,18,7,4;
4323,671,634,243,213,68,34;
4401,2.391,2.124,822,713,254,108;
4406,60,72,43,41,11,17;
4411,412,582,266,304,117,47;
4416,120,156,69,68,38,18;
4421,455,420,128,148,39,15;
4426,107,155,43,68,18,13;
4431,244,413,154,190,77,32;
4436,1.517,1.541,594,559,230,108;
4441,162,193,78,90,31,13;
4446,54,80,30,24,12,8;
4451,228,292,111,99,39,10;
4461,1.751,1.703,725,705,294,154;
4471,882,826,312,357,110,45;
4476,355,450,195,225,83,48;
4486,181,239,101,111,58,28;
4495,52,69,41,36,20,9;
4501,456,517,183,185,76,47;
4506,449,530,214,171,95,41;
4511,224,276,124,127,74,28;
4536,160,270,94,118,41,19;
4545,578,554,198,202,65,28;
4546,187,237,101,97,34,14;
4551,1.115,1.310,530,498,171,56;
4561,302,409,147,174,55,16;
4566,4.011,3.803,1.452,1.313,395,137;
4571,363,571,220,237,82,31;
4590,74,133,39,54,21,10;
4591,284,357,176,155,51,26;
4601,97,184,45,59,14,3;
4606,107,156,74,74,33,8;
4611,131,184,76,91,37,19;
4616,113,146,74,65,32,5;
4621,107,212,85,69,22,9;
4641,248,298,130,143,44,13;
4643,281,383,126,116,35,6;
4646,432,517,189,176,46,24;
4651,68,48,19,11,6,1;
4656,183,223,74,95,37,19;
4666,241,318,122,141,61,35;
4671,4.021,3.278,1.283,1.035,338,115;
4681,123,178,74,71,37,14;
4683,141,221,94,103,27,21;
4691,489,472,183,192,51,22;
4696,509,585,255,300,84,35;
4701,114,148,64,62,21,12;
4711,225,318,155,133,75,32;
4716,158,147,64,59,38,8;
4721,295,441,138,167,60,32;
4723,62,100,61,37,20,10;
4724,485,666,234,247,89,34;
4726,337,397,113,156,57,27;
4741,106,149,69,78,34,14;
4746,578,658,308,339,129,45;
4751,441,452,142,149,34,26;
4756,61,96,35,54,26,14;
4761,1.064,1.044,442,469,156,55;
4776,171,219,83,93,34,15;
4781,466,609,226,304,116,45;
4786,205,302,136,189,54,16;
4791,89,133,64,70,39,16;
4801,139,166,41,42,9,6;
4806,226,254,90,96,30,22;
4811,97,144,57,57,23,13;
4816,139,232,68,85,39,24;
4821,148,237,88,106,35,21;
4826,95,72,32,38,18,5;
4831,316,439,159,175,75,21;
4841,217,283,108,128,41,17;
4846,47,60,22,24,11,4;
4851,185,212,98,59,19,9;
4864,610,560,238,165,65,29;
4871,237,259,102,89,27,16;
4881,128,202,76,77,32,11;
4891,365,439,139,221,97,33;
4901,130,195,64,76,35,22;
4911,520,559,183,198,76,32;
4921,211,295,148,116,59,32;
4941,322,378,159,173,65,25;
4946,1.795,1.675,621,571,213,79;
4951,248,349,132,146,43,27;
5001,681,636,326,306,68,20;
5002,3.488,2.485,1.287,947,248,80;
5003,358,297,198,158,53,28;
5004,330,337,186,209,43,18;
5005,1.287,1.130,623,523,134,50;
5006,88,84,47,49,21,4;
5007,98,73,60,48,17,9;
5008,127,111,67,53,10,1;
5009,61,54,32,24,3,1;
5010,202,177,106,85,24,8;
5012,11,14,10,6,4,2;
5013,409,382,192,196,43,6;
5014,85,96,45,29,9,1;
5015,64,72,43,43,13,5;
5017,262,329,191,149,41,10;
5018,47,37,12,12,5,0;
5019,404,454,231,179,54,11;
5048,305,250,106,104,36,16;
5049,247,181,120,93,41,26;
5050,298,261,147,141,30,11;
5061,299,215,94,83,29,9;
5063,20,15,9,2,1,0;
5064,192,136,75,45,14,13;
5071,26,21,15,12,5,1;
5072,512,417,194,153,43,16;
5073,145,122,52,47,20,4;
5076,56,38,23,22,8,2;
5077,130,90,58,44,9,6;
5078,73,48,24,25,7,4;
5079,154,148,63,48,24,9;
5081,16,11,5,3,1,1;
5091,1.269,868,343,242,46,15;
5095,32,29,17,5,4,1;
5096,98,88,29,25,7,2;
5097,404,322,98,68,17,4;
5102,9,2,0,0,0,0;
5105,25,14,5,5,2,1;
5108,639,626,317,308,72,9;
5109,8,5,5,2,0,0;
5112,172,153,87,93,18,11;
5113,3.278,2.241,1.060,779,215,50;
5115,1.058,964,467,374,100,17;
5117,42,39,7,11,4,1;
5118,1.575,1.114,438,366,81,16;
5119,13,7,3,1,2,0;
5120,797,433,149,103,21,8;
5121,202,142,25,33,5,1;
5125,158,115,27,25,7,1;
5129,17,11,1,5,3,2;
5131,496,379,183,163,44,13;
5132,17,18,1,0,0,0;
5135,52,45,19,11,2,3;
5136,41,46,19,6,3,1;
5137,71,50,18,14,4,2;
5138,341,364,208,219,50,10;
5141,743,620,290,239,65,25;
5143,48,27,25,28,9,1;
5144,148,128,62,56,28,6;
5146,64,49,20,15,4,0;
5148,153,190,115,114,30,7;
5149,77,80,39,41,19,2;
5151,363,352,180,148,44,15;
5154,195,135,64,40,11,2;
5160,81,78,33,32,4,0;
5161,126,106,46,52,7,2;
5162,171,179,107,108,39,7;
5167,326,281,124,151,38,7;
5171,647,602,273,256,74,27;
5176,260,251,125,155,47,12;
5178,156,112,65,48,18,3;
5180,168,175,102,86,22,5;
5181,75,72,33,36,11,6;
5186,55,71,43,31,12,2;
5187,151,180,103,93,12,2;
5189,270,222,136,106,32,9;
5192,13.312,8.673,4.234,3.157,906,299;
5193,193,201,119,91,23,9;
5194,124,193,112,75,21,6;
5195,120,94,41,29,4,4;
5196,1.310,836,394,297,88,37;
5197,239,188,100,89,16,9;
5198,380,248,114,87,28,8;
5199,125,169,89,106,20,9;
5200,51,40,15,21,4,4;
5202,163,113,66,51,9,8;
5203,183,118,51,26,2,5;
5205,101,104,52,54,21,6;
5206,44,44,17,27,6,2;
5207,111,105,56,44,17,9;
5208,160,159,92,111,40,10;
5210,1.044,571,226,152,61,18;
5212,207,199,144,127,47,11;
5213,198,132,48,34,7,0;
5214,226,209,118,111,30,3;
5216,161,190,95,108,25,6;
5219,124,107,70,46,6,3;
5221,351,284,156,125,44,11;
5222,121,89,40,41,14,4;
5225,268,195,93,94,33,16;
5226,824,843,422,393,141,54;
5227,310,373,266,187,60,21;
5230,85,84,46,33,7,3;
5231,269,258,129,120,43,12;
5233,66,52,33,15,5,4;
5236,646,596,327,304,84,33;
5237,197,187,84,89,25,14;
5238,833,543,338,273,78,18;
5242,630,457,248,175,54,12;
5249,287,299,132,135,34,11;
5250,1.935,1.176,525,316,110,31;
5251,416,381,204,169,48,12;
5254,2.450,2.085,1.053,835,227,64;
5257,623,667,336,289,80,18;
5260,295,330,209,140,42,7;
5263,333,393,174,170,40,7;
5266,507,566,322,321,93,24;
5268,517,465,242,201,53,14;
5269,272,288,130,134,30,9;
5281,804,833,438,364,124,38;
5282,288,316,186,211,58,24;
5283,107,91,57,38,9,1;
5284,76,72,38,42,8,3;
5285,193,218,135,116,33,8;
5286,132,113,73,70,21,8;
5304,17,8,3,1,1,0;
5307,20,8,5,0,0,0;
5309,14,8,2,1,2,1;
5310,201,153,70,66,28,4;
5315,14,7,5,1,0,1;
5317,355,337,183,158,51,15;
5323,91,74,26,31,14,8;
5324,175,168,100,104,28,11;
5396,317,376,163,189,44,7;
5397,216,178,72,55,17,5;
5398,825,757,316,293,86,19;
5401,1.508,1.277,613,545,219,105;
5402,1.070,933,413,390,137,80;
5403,28,37,23,24,8,7;
5404,52,71,28,24,4,2;
5405,244,189,63,64,23,10;
5406,179,124,54,43,17,6;
5407,576,343,142,159,50,12;
5408,92,105,52,74,22,15;
5409,1.001,898,396,445,137,39;
5410,245,177,50,45,18,8;
5411,283,227,92,72,18,7;
5412,104,109,58,47,11,7;
5413,182,186,97,98,40,12;
5414,834,673,361,282,107,47;
5415,148,153,69,65,10,6;
5421,121,156,77,90,29,21;
5422,405,384,193,184,68,32;
5423,53,64,35,38,6,6;
5424,29,27,13,20,13,5;
5425,208,183,104,102,30,11;
5426,58,66,20,24,15,4;
5427,84,102,53,68,19,7;
5428,204,242,118,121,39,13;
5429,45,56,31,32,6,5;
5430,53,52,21,41,11,1;
5431,34,42,16,14,6,6;
5432,50,58,34,33,14,3;
5434,104,100,66,59,22,14;
5435,82,91,44,47,15,6;
5436,24,45,18,30,7,0;
5437,26,31,22,21,14,11;
5451,534,481,295,234,78,36;
5456,154,181,102,99,31,11;
5458,107,124,42,58,14,6;
5464,350,467,155,144,51,27;
5471,54,50,46,36,12,5;
5472,32,54,14,28,12,1;
5473,58,102,59,79,25,9;
5474,31,48,30,31,15,1;
5475,13,12,10,10,4,0;
5476,25,32,16,24,2,1;
5477,431,422,225,242,94,32;
5478,32,62,26,45,8,3;
5479,38,56,29,29,9,6;
5480,91,112,72,67,18,8;
5481,17,20,18,17,4,3;
5482,93,128,85,73,20,3;
5483,20,36,17,20,10,4;
5484,92,105,56,58,17,3;
5485,46,50,22,23,12,3;
5486,128,132,56,64,19,13;
5487,47,57,35,26,6,1;
5488,9,6,3,2,1,1;
5489,81,114,41,38,8,4;
5490,29,32,19,12,10,2;
5491,31,56,21,22,12,3;
5492,108,119,54,64,20,10;
5493,36,43,20,28,10,1;
5494,109,129,77,68,32,11;
5495,434,450,233,207,34,11;
5496,159,217,111,130,37,5;
5497,104,89,43,53,18,12;
5498,320,309,171,161,56,10;
5499,36,51,26,27,15,4;
5500,18,30,14,16,6,0;
5501,77,125,61,68,17,6;
5503,133,155,68,99,21,9;
5511,103,128,67,74,18,12;
5512,106,150,73,83,23,8;
5513,46,65,31,30,8,1;
5514,92,154,92,96,35,7;
5515,89,100,49,50,17,7;
5516,234,273,174,186,73,42;
5518,583,664,360,396,131,36;
5520,83,114,59,71,22,4;
5521,106,137,67,100,18,5;
5522,55,72,48,45,13,5;
5523,211,305,140,170,59,15;
5527,73,134,62,67,29,14;
5529,43,65,40,36,15,3;
5530,46,64,25,38,14,7;
5531,28,49,29,26,9,3;
5533,63,83,47,63,21,9;
5534,24,25,16,19,9,3;
5535,54,85,37,70,14,6;
5537,93,120,59,74,15,10;
5539,59,91,48,77,32,10;
5540,155,212,97,128,33,12;
5541,68,102,57,77,28,7;
5551,47,66,26,37,15,4;
5552,100,103,32,29,10,4;
5553,101,110,61,80,24,9;
5554,128,128,47,74,13,6;
5555,30,44,23,19,7,4;
5556,37,48,33,32,8,2;
5557,18,23,12,8,6,3;
5559,39,57,24,24,10,2;
5560,17,32,18,13,3,4;
5561,452,428,207,219,57,14;
5562,22,19,5,5,3,0;
5563,15,14,10,4,10,1;
5564,11,14,6,3,3,3;
5565,42,64,28,43,10,3;
5566,45,57,19,19,10,5;
5568,1.003,716,237,217,78,41;
5571,90,111,51,49,13,3;
5581,351,451,241,267,73,24;
5582,527,543,261,299,72,18;
5583,878,864,496,506,159,54;
5584,1.214,1.130,542,622,190,65;
5585,95,163,88,109,42,9;
5586,31.684,17.813,8.031,5.977,1.966,817;
5587,659,891,429,487,156,56;
5588,245,204,110,85,19,7;
5589,2.568,1.742,787,608,173,44;
5590,3.165,2.535,1.114,948,279,71;
5591,3.254,2.622,1.320,1.109,413,189;
5592,477,472,228,212,44,13;
5601,397,293,141,115,35,10;
5604,222,281,133,149,41,13;
5606,1.347,1.301,623,566,189,55;
5607,327,368,181,172,64,28;
5609,50,55,22,21,6,2;
5610,61,43,15,21,11,7;
5611,386,424,237,214,61,23;
5613,690,770,307,335,94,27;
5621,53,50,31,41,11,9;
5622,29,54,24,38,12,11;
5623,38,88,36,43,13,8;
5624,1.005,1.053,601,560,147,40;
5625,37,42,15,25,18,5;
5627,1.015,880,507,410,155,57;
5628,19,33,26,26,9,3;
5629,29,18,8,12,0,2;
5631,53,80,39,61,15,7;
5632,211,195,112,109,34,13;
5633,303,349,135,149,54,16;
5634,216,309,143,183,74,15;
5635,1.701,1.513,768,708,218,68;
5636,233,251,206,224,59,27;
5637,71,87,50,77,24,9;
5638,313,287,151,178,62,21;
5639,70,66,44,59,27,9;
5640,42,75,46,46,22,1;
5642,2.895,2.188,968,803,232,101;
5643,661,691,366,328,91,41;
5644,30,40,26,28,8,2;
5645,39,62,36,24,11,2;
5646,759,698,388,357,97,24;
5648,665,492,237,180,48,15;
5649,241,255,115,121,32,11;
5650,10,23,10,11,6,5;
5651,48,88,46,47,17,5;
5652,52,58,38,49,12,4;
5653,62,82,37,74,27,9;
5654,66,66,22,30,11,2;
5655,131,184,69,97,27,12;
5661,22,40,18,18,8,7;
5662,14,20,4,11,4,2;
5663,27,34,14,10,4,0;
5665,28,24,12,12,9,3;
5666,18,20,10,10,3,2;
5668,5,7,4,1,2,1;
5669,39,43,20,22,7,0;
5671,30,30,19,12,8,2;
5672,9,27,8,6,6,1;
5673,25,45,27,28,3,6;
5674,20,19,14,7,0,2;
5675,501,394,226,188,63,35;
5678,710,643,389,335,133,76;
5680,28,39,15,18,5,2;
5683,23,24,7,10,5,2;
5684,7,9,2,3,4,0;
5686,7,10,5,5,5,0;
5688,20,15,6,8,2,2;
5690,13,20,9,8,4,3;
5692,63,74,30,34,11,7;
5693,286,307,141,151,68,23;
5701,18,23,13,18,4,0;
5702,190,317,155,208,51,15;
5703,119,127,86,105,39,11;
5704,237,240,120,103,33,5;
5705,42,101,50,79,21,7;
5706,89,98,63,74,23,8;
5707,92,117,100,98,31,12;
5708,53,77,52,86,20,8;
5709,145,150,69,83,36,12;
5710,39,50,31,34,5,5;
5711,189,263,156,243,81,30;
5712,322,340,205,230,78,22;
5713,163,250,134,174,61,14;
5714,92,115,79,95,28,10;
5715,102,113,60,92,22,7;
5716,131,178,113,115,26,12;
5717,277,326,200,288,119,33;
5718,115,198,111,145,52,31;
5719,107,143,86,95,29,10;
5720,74,124,64,69,24,9;
5721,1.502,1.543,880,907,236,81;
5722,26,41,20,34,10,2;
5723,155,167,104,161,58,30;
5724,3.306,2.665,1.348,1.108,338,120;
5725,407,457,260,275,107,38;
5726,101,99,75,78,33,12;
5727,415,366,139,113,39,17;
5728,48,57,37,26,11,6;
5729,99,172,101,122,53,18;
5730,80,153,69,130,45,12;
5731,83,138,83,113,26,6;
5732,70,87,51,56,23,4;
5741,21,28,17,20,6,1;
5742,31,47,15,18,5,4;
5743,68,78,45,42,15,2;
5744,118,132,50,72,27,9;
5745,143,130,74,68,17,6;
5746,101,110,62,69,17,7;
5747,15,27,7,15,6,1;
5748,19,39,13,14,4,4;
5749,493,484,271,251,96,44;
5750,18,24,11,8,4,4;
5751,38,43,18,23,5,3;
5752,50,54,10,13,10,2;
5754,45,48,17,20,4,2;
5755,43,46,27,19,13,5;
5756,46,56,30,43,8,2;
5757,1.012,902,428,457,121,37;
5758,13,28,11,11,2,0;
5759,22,33,14,9,3,0;
5760,40,72,27,29,9,1;
5761,86,79,26,34,11,2;
5762,6,23,8,9,5,1;
5763,52,68,38,51,12,3;
5764,595,499,198,198,92,21;
5765,58,57,30,30,13,5;
5766,59,57,36,30,16,6;
5782,106,119,72,83,36,6;
5785,57,64,25,25,9,6;
5788,32,43,26,17,12,1;
5789,29,52,18,25,4,4;
5790,45,57,27,36,4,6;
5791,166,172,64,81,21,8;
5792,58,72,31,51,13,4;
5798,42,53,26,25,8,6;
5799,168,241,120,149,33,18;
5803,49,57,21,23,17,6;
5804,142,201,92,108,32,7;
5805,632,669,326,320,112,52;
5812,12,17,6,10,4,2;
5813,51,54,20,25,17,2;
5816,246,233,117,125,65,25;
5817,96,93,38,59,29,12;
5819,34,47,14,15,4,5;
5821,37,43,20,25,8,2;
5822,1.379,1.226,552,578,177,87;
5827,24,32,13,15,9,5;
5828,17,15,8,8,2,1;
5830,55,61,24,23,9,4;
5831,309,327,185,182,87,35;
5841,577,454,197,185,73,26;
5842,66,73,31,27,11,10;
5843,176,138,62,44,12,1;
5851,47,45,32,22,9,5;
5852,36,52,26,29,14,10;
5853,82,94,51,58,16,5;
5854,39,36,23,21,5,9;
5855,48,76,40,37,19,8;
5856,57,76,41,52,18,11;
5857,115,113,79,91,24,3;
5858,66,75,47,40,12,4;
5859,256,305,157,210,48,23;
5860,176,175,107,94,30,6;
5861,779,734,421,377,90,30;
5862,26,33,15,13,4,3;
5863,39,28,21,36,6,3;
5871,261,224,89,70,26,10;
5872,772,690,234,257,72,32;
5873,138,132,41,55,16,5;
5881,705,798,352,434,143,26;
5882,442,424,178,144,48,11;
5883,320,384,119,115,28,12;
5884,572,485,195,164,79,30;
5885,158,230,96,79,36,8;
5886,4.933,3.546,1.434,1.083,349,134;
5888,485,614,297,356,135,34;
5889,2.203,1.595,677,608,198,50;
5890,3.812,2.514,1.188,944,292,150;
5891,228,137,52,28,12,3;
5902,31,32,25,36,4,4;
5903,18,40,14,6,5,1;
5904,61,71,38,46,10,4;
5905,52,74,38,43,17,4;
5907,51,38,13,14,9,1;
5908,10,14,3,12,2,4;
5909,40,87,32,54,15,9;
5910,34,61,27,20,7,0;
5911,19,24,13,13,0,6;
5912,11,26,6,8,1,1;
5913,82,98,47,44,16,9;
5914,48,43,18,32,4,1;
5915,19,20,11,5,4,3;
5919,39,57,29,38,18,10;
5921,12,33,11,15,7,3;
5922,59,85,31,60,18,11;
5923,21,22,13,7,4,4;
5924,34,38,20,16,7,1;
5925,24,30,17,12,3,0;
5926,54,81,45,63,21,4;
5928,16,23,12,7,6,1;
5929,43,73,33,40,13,2;
5930,22,30,12,8,7,2;
5931,36,61,37,37,10,1;
5932,26,34,14,13,4,0;
5933,60,92,33,47,13,7;
5934,19,31,19,14,7,2;
5935,3,8,10,6,2,1;
5937,9,13,11,8,4,2;
5938,4.788,3.789,1.787,1.606,597,264;
5939,387,410,170,206,64,30;
6002,1.995,1.736,740,757,244,67;
6004,38,56,20,18,8,2;
6007,1.436,1.503,553,555,193,49;
6008,192,264,117,156,52,8;
6009,35,40,21,18,14,1;
6010,96,104,52,64,24,6;
6011,17,14,6,4,2,0;
6021,290,366,209,215,62,25;
6022,449,488,205,210,69,29;
6023,1.080,1.189,518,489,158,71;
6024,890,828,357,384,115,54;
6025,480,662,360,421,142,50;
6031,1.475,1.106,514,413,159,53;
6032,37,21,10,8,2,2;
6033,104,102,28,46,27,6;
6034,414,416,173,161,90,50;
6035,182,107,57,56,15,13;
6036,201,225,93,129,57,12;
6052,64,68,20,25,11,1;
6054,26,22,4,10,3,1;
6055,21,17,7,1,0,0;
6056,97,84,27,27,12,2;
6057,156,137,53,50,21,2;
6058,45,39,14,23,9,2;
6061,55,47,15,12,9,1;
6064,9,4,2,3,2,0;
6073,27,38,7,12,1,2;
6074,100,74,19,24,10,2;
6075,80,72,18,24,7,4;
6076,111,101,29,42,11,4;
6081,66,67,11,10,8,2;
6082,581,594,215,218,79,21;
6083,277,232,101,109,37,6;
6084,218,237,72,65,17,7;
6087,138,133,41,46,19,5;
6089,277,240,111,97,32,14;
6090,212,192,56,36,9,4;
6101,89,85,45,62,20,4;
6102,49,34,18,11,6,1;
6104,33,29,6,14,3,1;
6109,27,17,11,4,1,1;
6110,514,583,219,221,79,25;
6111,329,224,91,69,24,6;
6112,24,12,7,8,5,0;
6113,190,172,95,85,38,13;
6116,98,98,38,35,8,2;
6117,55,65,22,25,13,2;
6118,286,289,106,115,42,8;
6119,119,131,67,66,30,14;
6131,113,128,56,51,18,6;
6132,177,175,127,99,51,6;
6133,1.038,985,530,564,192,69;
6134,176,106,60,52,15,3;
6135,422,472,197,179,46,11;
6136,2.789,2.340,1.088,948,341,106;
6137,406,315,140,131,42,20;
6139,358,377,171,175,54,29;
6140,312,324,149,159,59,14;
6141,713,666,368,319,100,43;
6142,19,18,7,10,5,4;
6151,218,195,84,50,22,15;
6152,841,958,534,623,194,68;
6153,1.947,2.079,1.113,966,402,276;
6154,414,439,209,193,78,40;
6155,163,145,45,42,18,5;
6156,568,602,266,258,107,41;
6157,283,285,104,99,31,18;
6158,330,326,144,160,49,12;
6159,450,492,252,245,79,52;
6172,5,5,3,1,1,0;
6173,103,98,60,60,27,1;
6177,45,47,30,23,13,9;
6181,75,76,25,34,14,0;
6191,72,88,26,41,21,5;
6192,39,35,18,16,8,2;
6193,103,115,45,44,16,4;
6194,61,74,21,40,2,2;
6195,46,35,15,18,3,0;
6197,46,51,14,26,11,0;
6198,69,110,39,51,8,4;
6199,223,247,99,130,53,16;
6201,51,70,24,21,6,4;
6202,66,58,30,36,22,5;
6203,106,109,41,38,14,3;
6204,226,229,108,87,25,12;
6205,94,64,25,30,5,1;
6211,129,102,46,40,11,1;
6212,103,117,63,46,20,7;
6213,147,167,72,63,28,15;
6214,71,56,24,14,9,5;
6215,230,205,116,115,40,10;
6217,428,451,254,263,107,96;
6218,247,222,62,64,23,7;
6219,232,228,133,126,40,13;
6220,72,84,42,46,19,5;
6232,450,456,207,218,75,17;
6234,515,442,187,189,62,8;
6235,190,219,111,110,37,8;
6238,320,293,158,154,31,23;
6239,73,91,30,32,9,6;
6240,662,571,245,206,68,33;
6241,130,156,92,74,48,10;
6242,170,134,50,47,22,10;
6243,458,359,157,116,33,12;
6244,608,484,171,137,38,12;
6246,216,270,152,158,49,15;
6248,2.124,2.040,1.034,910,348,246;
6249,139,169,68,81,21,14;
6250,237,221,121,120,38,7;
6252,488,393,167,140,56,12;
6261,170,197,51,66,27,7;
6263,316,389,175,242,82,18;
6265,952,1.053,434,467,142,34;
6266,5.715,4.311,2.021,1.885,605,237;
6267,98,92,37,34,10,1;
6281,97,159,67,115,38,4;
6282,32,34,10,9,4,2;
6283,36,34,19,27,4,0;
6285,201,185,92,76,30,11;
6286,51,77,42,49,20,6;
6287,51,58,26,27,11,5;
6288,54,42,28,25,11,2;
6289,44,44,21,38,3,0;
6290,377,218,83,99,28,3;
6291,145,145,57,92,10,2;
6292,262,276,143,143,67,19;
6293,152,150,49,82,18,10;
6294,61,74,27,38,17,2;
6295,172,134,83,100,22,4;
6296,61,63,25,30,12,4;
6297,1.049,1.090,459,422,141,52;
6298,144,174,84,102,37,5;
6299,37,35,7,20,10,3;
6300,1.189,690,332,358,93,40;
6402,517,523,254,270,61,18;
6404,881,746,361,349,73,29;
6405,19,20,3,5,2,0;
6407,636,602,269,336,94,28;
6408,721,691,273,320,73,23;
6409,25,29,9,13,9,4;
6410,267,309,122,126,31,9;
6411,22,28,12,15,8,4;
6412,1.066,759,361,353,100,27;
6413,140,157,66,67,27,7;
6414,396,367,152,141,47,2;
6415,30,38,24,11,8,1;
6416,1.270,1.318,530,557,176,46;
6421,7.491,5.166,2.441,2.144,637,215;
6422,23,31,9,11,9,2;
6423,130,133,59,51,15,12;
6431,155,184,64,53,21,3;
6432,97,100,35,32,16,5;
6433,21,38,14,14,5,6;
6434,34,37,16,17,18,0;
6435,40,61,20,35,19,6;
6436,1.925,1.421,645,560,182,58;
6437,166,183,67,60,41,13;
6451,217,223,112,100,28,9;
6452,219,241,139,143,34,6;
6453,33,44,20,19,3,1;
6454,484,395,144,135,49,7;
6455,652,613,267,280,77,34;
6456,127,118,51,69,28,3;
6458,7.381,4.794,1.938,1.521,500,201;
6459,466,486,184,194,68,16;
6461,592,642,305,308,103,38;
6485,42,49,42,33,10,7;
6487,1.947,2.150,918,1.194,357,110;
6504,81,68,27,16,15,5;
6511,136,92,32,37,16,10;
6512,1.929,1.566,593,577,198,79;
6601,56,100,71,96,29,13;
6602,151,183,121,155,55,49;
6603,162,193,117,105,44,28;
6604,83,131,87,111,42,24;
6605,181,223,132,136,51,52;
6606,207,255,209,215,85,59;
6607,907,1.079,587,582,228,132;
6608,3.334,2.136,1.283,1.033,378,229;
6609,69,84,40,61,24,21;
6610,53,55,35,43,23,13;
6611,99,125,88,115,39,28;
6612,1.281,1.099,576,642,261,182;
6613,1.158,859,522,455,156,131;
6614,94,106,64,68,28,24;
6615,109,150,100,116,40,37;
6616,479,680,409,515,245,167;
6617,504,497,327,267,142,93;
6618,315,405,255,318,137,74;
6619,145,187,117,130,51,42;
6620,117,134,92,96,48,25;
6621,42.121,21.200,11.490,8.218,3.016,1.848;
6622,165,218,155,190,88,59;
6623,1.337,1.076,740,705,309,190;
6624,29,30,28,34,15,14;
6625,65,69,54,62,23,33;
6626,97,106,74,71,28,40;
6627,40,63,38,35,13,17;
6628,3.993,3.224,1.970,1.802,655,397;
6629,216,210,123,104,56,49;
6630,2.768,2.169,1.356,1.151,477,405;
6631,2.445,1.965,1.125,975,381,287;
6632,320,334,205,177,64,49;
6633,675,835,643,756,324,158;
6634,259,277,209,244,84,68;
6635,35,51,35,29,15,16;
6636,238,236,131,131,39,25;
6637,37,50,27,34,13,12;
6638,315,313,217,258,108,89;
6639,55,54,41,45,20,17;
6640,1.741,1.423,836,809,323,230;
6641,172,218,149,163,61,34;
6642,145,205,138,168,81,59;
6643,3.998,3.278,2.075,1.929,784,617;
6644,1.287,1.154,799,756,306,232;
6645,775,878,601,756,334,192;
6702,103,110,52,56,26,8;
6703,26,39,21,14,5,2;
6704,28,61,23,31,13,8;
6705,51,59,26,29,17,2;
6706,54,46,29,27,12,4;
6708,324,367,159,182,58,17;
6709,322,394,192,200,80,37;
6710,291,348,166,147,68,17;
6711,1.599,1.418,696,683,325,198;
6712,136,166,73,107,37,13;
6713,16,17,7,3,4,2;
6715,54,77,24,31,13,8;
6716,12,17,3,10,2,0;
6718,57,72,18,14,10,2;
6719,52,47,14,22,9,6;
6720,23,55,27,30,7,4;
6721,53,70,39,46,16,3;
6722,32,39,11,13,8,4;
6724,70,64,33,34,7,2;
6728,5,15,3,6,1,0;
6729,864,850,379,439,181,66;
6730,251,320,163,168,82,26;
6741,26,42,19,16,9,6;
6742,132,142,65,76,34,14;
6743,216,186,77,77,47,18;
6744,8,9,5,6,4,0;
6745,12,14,9,10,5,3;
6748,65,82,23,32,16,3;
6750,76,82,43,44,14,7;
6751,79,92,28,31,18,5;
6753,52,70,22,24,11,13;
6754,259,231,107,110,43,16;
6757,361,334,147,145,69,19;
6758,33,24,10,15,8,3;
6759,19,21,13,1,3,2;
6771,223,206,97,114,46,20;
6773,21,19,6,6,4,0;
6774,206,184,72,75,18,5;
6775,138,107,34,19,11,9;
6778,74,107,33,43,19,4;
6781,54,83,37,43,28,10;
6782,146,128,52,67,25,9;
6783,37,31,17,22,8,2;
6784,327,327,121,147,43,12;
6785,90,106,55,52,10,3;
6787,21,22,9,12,7,1;
6789,49,54,17,21,8,3;
6790,212,227,96,100,39,18;
6792,45,44,24,21,8,8;
6793,20,25,15,11,5,1;
6800,1.454,911,372,332,134,40;
6803,16,27,8,10,3,1;
6806,65,82,26,33,13,6;
6807,167,182,60,79,32,10;
6808,200,196,59,62,33,14;
6809,128,149,49,47,27,7;
6810,141,158,55,79,22,18;