GMDNR,GMDNAME,KTNR,X_CNTR,Y_CNTR;
1,Aeugst am Albis,1,679300,235700;
2,Affoltern am Albis,1,676800,236800;
3,Bonstetten,1,677800,241000;
4,Hausen am Albis,1,682900,233100;
5,Hedingen,1,676400,239000;
6,Kappel am Albis,1,682400,231300;
7,Knonau,1,677500,230900;
8,Maschwanden,1,674800,232000;
9,Mettmenstetten,1,677600,233000;
10,Obfelden,1,675100,235300;
11,Ottenbach,1,673000,237200;
12,Rifferswil,1,680100,232800;
13,Stallikon,1,679500,242100;
14,Wettswil am Albis,1,678200,243700;
21,Adlikon,1,694300,271000;
22,Benken (ZH),1,691300,278800;
23,Berg am Irchel,1,687200,269400;
24,Buch am Irchel,1,689100,267000;
25,Dachsen,1,688600,280000;
26,Dorf,1,691000,269800;
27,Feuerthalen,1,690400,283000;
28,Flaach,1,688000,270100;
29,Flurlingen,1,689400,282000;
30,Andelfingen,1,693300,272200;
31,Henggart,1,693600,268700;
32,Humlikon,1,692700,270300;
33,Kleinandelfingen,1,693600,272800;
34,Laufen-Uhwiesen,1,689800,280600;
35,Marthalen,1,690900,275700;
36,Oberstammheim,1,702400,276500;
37,Ossingen,1,696800,274200;
38,Rheinau,1,687700,277700;
39,Thalheim an der Thur,1,699000,270600;
40,Tr�llikon,1,694300,277100;
41,Truttikon,1,696800,276200;
42,Unterstammheim,1,701600,277400;
43,Volken,1,689300,270000;
44,Waltalingen,1,700800,275500;
51,Bachenb�lach,1,683600,262000;
52,Bassersdorf,1,689800,255500;
53,B�lach,1,683000,263700;
54,Dietlikon,1,689000,253400;
55,Eglisau,1,681600,269900;
56,Embrach,1,687100,262000;
57,Freienstein-Teufen,1,686300,265100;
58,Glattfelden,1,680000,268000;
59,Hochfelden,1,681200,264100;
60,H�ri,1,680600,262400;
61,H�ntwangen,1,679200,272200;
62,Kloten,1,686300,256300;
63,Lufingen,1,687200,260500;
64,N�rensdorf,1,691300,255800;
65,Oberembrach,1,688900,260300;
66,Opfikon,1,685900,254100;
67,Rafz,1,682600,274100;
68,Rorbas,1,685700,264800;
69,Wallisellen,1,687200,252200;
70,Wasterkingen,1,677800,271600;
71,Wil (ZH),1,680400,273300;
72,Winkel,1,684200,260800;
81,Bachs,1,675400,264300;
82,Boppelsen,1,672600,258200;
83,Buchs (ZH),1,675400,256800;
84,D�llikon,1,675400,254800;
85,D�nikon,1,672900,255400;
86,Dielsdorf,1,676500,259600;
87,H�ttikon,1,671500,255400;
88,Neerach,1,678000,263000;
89,Niederglatt,1,680300,260600;
90,Niederhasli,1,678900,259500;
91,Niederweningen,1,670700,262000;
92,Oberglatt,1,681500,259000;
93,Oberweningen,1,672900,261700;
94,Otelfingen,1,671500,257200;
95,Regensberg,1,675400,259600;
96,Regensdorf,1,677500,253800;
97,R�mlang,1,682400,256200;
98,Schleinikon,1,672100,261200;
99,Sch�fflisdorf,1,673700,261500;
100,Stadel,1,677500,264700;
101,Steinmaur,1,676600,261500;
102,Weiach,1,675200,267800;
111,B�retswil,1,707200,243800;
112,Bubikon,1,704400,236300;
113,D�rnten,1,706200,237200;
114,Fischenthal,1,712100,243400;
115,Gossau (ZH),1,699600,240400;
116,Gr�ningen,1,700200,237900;
117,Hinwil,1,706400,239800;
118,R�ti (ZH),1,707000,235300;
119,Seegr�ben,1,700800,244300;
120,Wald (ZH),1,711700,237200;
121,Wetzikon (ZH),1,702700,242100;
131,Adliswil,1,682200,240700;
132,Hirzel,1,688400,230200;
133,Horgen,1,687800,234900;
134,H�tten,1,692700,225600;
135,Kilchberg (ZH),1,683400,241300;
136,Langnau am Albis,1,683400,238100;
137,Oberrieden,1,686300,236800;
138,Richterswil,1,696000,229300;
139,R�schlikon,1,684400,240400;
140,Sch�nenberg (ZH),1,691400,227600;
141,Thalwil,1,685500,238300;
142,W�denswil,1,693400,231600;
151,Erlenbach (ZH),1,687200,239800;
152,Herrliberg,1,688700,237700;
153,Hombrechtikon,1,700500,234300;
154,K�snacht (ZH),1,686600,241300;
155,M�nnedorf,1,695200,234400;
156,Meilen,1,691300,236100;
157,Oetwil am See,1,697000,236300;
158,St�fa,1,697000,233000;
159,Uetikon am See,1,693800,235400;
160,Zumikon,1,689700,242900;
161,Zollikon,1,685800,243800;
171,Bauma,1,708700,247300;
172,Fehraltorf,1,699200,249400;
173,Hittnau,1,704800,246900;
174,Illnau-Effretikon,1,694200,253700;
175,Kyburg,1,698400,257100;
176,Lindau,1,693000,255300;
177,Pf�ffikon,1,701700,246900;
178,Russikon,1,701000,250200;
179,Sternenberg,1,711500,249300;
180,Weisslingen,1,700000,254300;
181,Wila,1,706200,253100;
182,Wildberg,1,704000,253800;
191,D�bendorf,1,689300,250400;
192,Egg,1,694700,239600;
193,F�llanden,1,690700,247300;
194,Greifensee,1,693600,246800;
195,Maur,1,693000,244000;
196,M�nchaltorf,1,697000,240700;
197,Schwerzenbach,1,692200,248800;
198,Uster,1,696700,245000;
199,Volketswil,1,694800,249500;
200,Wangen-Br�ttisellen,1,691100,251800;
211,Altikon,1,701000,270000;
212,Bertschikon,1,703600,264900;
213,Br�tten,1,693100,258700;
214,D�gerlen,1,696600,268600;
215,D�ttlikon,1,689300,264300;
216,Dinhard,1,700000,268000;
217,Elgg,1,707700,260900;
218,Ellikon an der Thur,1,704300,269000;
219,Elsau,1,702700,262500;
220,Hagenbuch,1,709200,264400;
221,Hettlingen,1,695500,266900;
222,Hofstetten (ZH),1,704900,261600;
223,Neftenbach,1,692500,264900;
224,Pfungen,1,690500,263400;
225,Rickenbach (ZH),1,702200,267700;
226,Schlatt (ZH),1,704700,258400;
227,Seuzach,1,697400,265800;
228,Turbenthal,1,706100,255000;
229,Wiesendangen,1,701700,264300;
230,Winterthur,1,697200,261700;
231,Zell (ZH),1,700800,257000;
241,Aesch (ZH),1,675500,243300;
242,Birmensdorf (ZH),1,675500,245400;
243,Dietikon,1,672500,251000;
244,Geroldswil,1,673400,252600;
245,Oberengstringen,1,677300,251400;
246,Oetwil an der Limmat,1,672200,253500;
247,Schlieren,1,676200,250000;
248,Uitikon,1,676600,247200;
249,Unterengstringen,1,676300,251600;
250,Urdorf,1,674400,248400;
251,Weiningen (ZH),1,675200,252600;
261,Z�rich,1,683100,247100;
298,Wiesendangen,1,702650,264600;
301,Aarberg,2,587800,210500;
302,Bargen (BE),2,586600,209700;
303,Grossaffoltern,2,594100,212800;
304,Kallnach,2,584600,207700;
305,Kappelen,2,587000,212100;
306,Lyss,2,590000,213700;
307,Meikirch,2,594300,206500;
309,Radelfingen,2,587400,207800;
310,Rapperswil (BE),2,597900,212500;
311,Sch�pfen,2,595400,209700;
312,Seedorf (BE),2,590400,209400;
321,Aarwangen,2,625100,232200;
322,Auswil,2,630100,220500;
323,Bannwil,2,622500,231800;
324,Bleienbach,2,624100,226000;
325,Busswil bei Melchnau,2,629500,226100;
326,Gondiswil,2,632900,221800;
329,Langenthal,2,626400,229100;
331,Lotzwil,2,626700,226700;
332,Madiswil,2,627300,223900;
333,Melchnau,2,631300,225800;
334,Obersteckholz,2,628900,227700;
335,Oeschenbach,2,623400,216800;
336,Reisiswil,2,630700,223900;
337,Roggwil (BE),2,629000,232200;
338,Rohrbach,2,628600,220600;
339,Rohrbachgraben,2,627200,217300;
340,R�tschelen,2,625500,224900;
341,Schwarzh�usern,2,624900,233500;
342,Thunstetten,2,623200,229300;
344,Ursenbach,2,625300,220700;
345,Wynau,2,628700,234300;
351,Bern,2,600100,199700;
352,Bolligen,2,604300,202600;
353,Bremgarten bei Bern,2,600000,203100;
354,Kirchlindach,2,598200,205500;
355,K�niz,2,598300,197200;
356,Muri bei Bern,2,603700,197700;
357,Oberbalm,2,597400,191400;
358,Stettlen,2,606500,200900;
359,Vechigen,2,609300,199400;
360,Wohlen bei Bern,2,593900,202500;
361,Zollikofen,2,601200,205300;
362,Ittigen,2,603100,202700;
363,Ostermundigen,2,603600,200600;
371,Biel/Bienne,2,585500,221200;
372,Evilard,2,585000,222000;
381,Arch,2,599300,223900;
382,B�etigen,2,592700,217200;
383,B�ren an der Aare,2,595000,220900;
385,Diessbach bei B�ren,2,594200,217500;
386,Dotzigen,2,592600,218800;
387,Lengnau (BE),2,594500,225700;
388,Leuzigen,2,601400,224800;
389,Meienried,2,592400,220900;
390,Meinisberg,2,593200,223200;
391,Oberwil bei B�ren,2,597500,219700;
392,Pieterlen,2,592300,224900;
393,R�ti bei B�ren,2,597500,222300;
394,Wengi,2,597100,214600;
401,Aefligen,2,609000,216000;
402,Alchenstorf,2,615500,219200;
403,B�riswil,2,606700,207600;
404,Burgdorf,2,614000,211700;
405,Ersigen,2,612000,216000;
406,Hasle bei Burgdorf,2,616500,207300;
407,Heimiswil,2,616800,212700;
408,Hellsau,2,615900,221700;
409,Hindelbank,2,607800,210100;
410,H�chstetten,2,614700,221300;
411,Kernenried,2,608200,213100;
412,Kirchberg (BE),2,611000,214800;
413,Koppigen,2,612500,220200;
414,Krauchthal,2,609700,206500;
415,Lyssach,2,610600,212900;
416,M�tschwil,2,609900,211000;
417,Nieder�sch,2,613300,218500;
418,Oberburg,2,614300,209600;
419,Ober�sch,2,612900,217600;
420,R�dtligen-Alchenfl�h,2,610000,215100;
421,Rumendingen,2,615500,217200;
422,R�ti bei Lyssach,2,610600,211500;
423,Willadingen,2,613300,221700;
424,Wynigen,2,617300,217200;
431,Corg�mont,2,577500,227000;
432,Cormoret,2,570800,224700;
433,Cort�bert,2,574900,226600;
434,Courtelary,2,572300,225400;
435,La Ferri�re,2,558700,221200;
436,La Heutte,2,583800,226600;
437,Mont-Tramelan,2,570100,228500;
438,Orvin,2,583000,223300;
439,P�ry,2,585700,227000;
440,Plagne,2,588500,226400;
441,Renan (BE),2,561300,219600;
442,Romont (BE),2,592600,226400;
443,Saint-Imier,2,566600,222000;
444,Sonceboz-Sombeval,2,580300,227300;
445,Sonvilier,2,564000,221000;
446,Tramelan,2,574500,230300;
447,Vauffelin,2,589600,226300;
448,Villeret,2,568200,223100;
449,Sauge,2,589050,226350;
491,Br�ttelen,2,577900,208000;
492,Erlach,2,574000,210300;
493,Finsterhennen,2,580300,208200;
494,Gals,2,570500,208600;
495,Gampelen,2,571100,207100;
496,Ins,2,574600,206200;
497,L�scherz,2,578200,210600;
498,M�ntschemier,2,577800,205000;
499,Siselen,2,581100,209100;
500,Treiten,2,578900,206500;
501,Tschugg,2,572400,208400;
502,Vinelz,2,575100,209200;
532,Bangerten,2,600800,211600;
533,B�tterkinden,2,607600,220000;
534,B�ren zum Hof,2,605700,216000;
535,Deisswil bei M�nchenbuchsee,2,601300,209300;
536,Diemerswil,2,599200,207500;
537,Etzelkofen,2,603000,214800;
538,Fraubrunnen,2,606500,215000;
539,Grafenried,2,605400,214200;
540,Jegenstorf,2,605100,210800;
541,Iffwil,2,603100,212500;
542,Limpach,2,604300,217500;
543,Mattstetten,2,605700,208800;
544,Moosseedorf,2,603300,207200;
545,M�lchi,2,603000,216700;
546,M�nchenbuchsee,2,600900,207800;
547,M�nchringen,2,606200,210400;
549,Schalunen,2,606600,217600;
550,Scheunen,2,601400,213100;
551,Urtenen-Sch�nb�hl,2,604500,208500;
552,Utzenstorf,2,609000,219600;
553,Wiggiswil,2,602300,208800;
554,Wiler bei Utzenstorf,2,609100,222300;
555,Zauggenried,2,607700,213600;
556,Zielebach,2,610400,223000;
557,Zuzwil (BE),2,602600,211100;
561,Adelboden,2,609200,149100;
562,Aeschi bei Spiez,2,619700,167500;
563,Frutigen,2,616000,159700;
564,Kandergrund,2,617200,155000;
565,Kandersteg,2,618100,149300;
566,Krattigen,2,622100,167900;
567,Reichenbach im Kandertal,2,619500,163800;
571,Beatenberg,2,627300,172000;
572,B�nigen,2,634900,170600;
573,Brienz (BE),2,645300,178500;
574,Brienzwiler,2,650600,178100;
575,D�rligen,2,628300,167900;
576,Grindelwald,2,645700,163900;
577,Gsteigwiler,2,633300,167100;
578,G�ndlischwand,2,636300,164700;
579,Habkern,2,632500,175100;
580,Hofstetten bei Brienz,2,648600,178300;
581,Interlaken,2,632000,170300;
582,Iseltwald,2,640200,173300;
584,Lauterbrunnen,2,636500,161200;
585,Leissigen,2,625600,167000;
586,L�tschental,2,639400,165300;
587,Matten bei Interlaken,2,632800,169700;
588,Niederried bei Interlaken,2,637600,174200;
589,Oberried am Brienzersee,2,640100,176400;
590,Ringgenberg (BE),2,635000,172400;
591,Saxeten,2,630100,165100;
592,Schwanden bei Brienz,2,647200,178900;
593,Unterseen,2,631200,170400;
594,Wilderswil,2,632600,168000;
602,Arni (BE),2,617200,198200;
603,Biglen,2,614400,197300;
604,Bleiken bei Oberdiessbach,2,614800,184800;
605,Bowil,2,619600,193500;
606,Brenzikofen,2,613400,185100;
607,Freimettigen,2,614400,190700;
608,Grossh�chstetten,2,615200,195100;
609,H�utligen,2,612700,189600;
610,Herbligen,2,612800,186400;
611,Kiesen,2,611000,185400;
612,Konolfingen,2,613900,192000;
613,Landiswil,2,618300,200800;
614,Linden,2,618300,188500;
615,Mirchel,2,615900,193800;
616,M�nsingen,2,609400,191500;
617,Niederh�nigen,2,615200,191800;
619,Oberdiessbach,2,613800,187700;
620,Oberthal,2,617900,196100;
622,Oppligen,2,612200,185600;
623,Rubigen,2,608200,194200;
624,Schlosswil,2,612900,195300;
625,T�gertschi,2,611100,191500;
626,Walkringen,2,613800,199500;
627,Worb,2,609500,197600;
628,Z�ziwil,2,616900,194500;
629,Oberh�nigen,2,617100,192000;
630,Allmendingen,2,606600,195900;
632,Wichtrach,2,610500,188700;
661,Clavaleyres,2,573500,194200;
662,Ferenbalm,2,582700,198800;
663,Frauenkappelen,2,592300,200400;
664,Golaten,2,584900,203900;
665,Gurbr�,2,583000,201500;
666,Kriechenwil,2,583900,195600;
667,Laupen,2,584800,194600;
668,M�hleberg,2,586600,200400;
669,M�nchenwiler,2,576200,195800;
670,Neuenegg,2,589700,193800;
671,Wileroltigen,2,584900,202100;
681,Belprahon,2,597500,237200;
682,B�vilard,2,588300,231700;
683,Champoz,2,589400,233900;
684,Ch�telat,2,581600,235700;
687,Corcelles (BE),2,601200,237100;
690,Court,2,592400,232100;
691,Cr�mines,2,600100,236900;
692,Eschert,2,597000,236000;
694,Grandval,2,599000,236900;
696,Loveresse,2,584700,232400;
697,Malleray,2,587300,231900;
699,Monible,2,582000,236200;
700,Moutier,2,594900,236500;
701,Perrefitte,2,592700,236000;
702,Pontenet,2,586100,232300;
703,Reconvilier,2,583800,231600;
704,Roches (BE),2,595900,239000;
706,Saicourt,2,582500,232500;
707,Saules (BE),2,583400,232700;
708,Schelten,2,608500,242500;
709,Seehof,2,606200,239300;
710,Sornetan,2,583300,235900;
711,Sorvilier,2,589900,232000;
712,Souboz,2,585200,235900;
713,Tavannes,2,581800,230000;
715,Reb�velier,2,580000,237500;
721,Diesse,2,575600,218100;
722,Lamboing,2,577000,218600;
723,La Neuveville,2,573800,212600;
724,Nods,2,572800,218100;
725,Pr�les,2,576600,216500;
726,Plateau de Diesse,2,576400,217733.3333;
731,Aegerten,2,588600,219000;
732,Bellmund,2,585300,217200;
733,Br�gg,2,588200,219200;
734,B�hl,2,585300,213200;
735,Epsach,2,583400,213200;
736,Hagneck,2,580900,211800;
737,Hermrigen,2,585200,214500;
738,Jens,2,586600,216300;
739,Ipsach,2,584500,218400;
740,Ligerz,2,577100,214900;
741,Merzligen,2,585800,215100;
742,M�rigen,2,582900,214900;
743,Nidau,2,584900,219300;
744,Orpund,2,590000,220900;
745,Port,2,586100,218400;
746,Safnern,2,591300,222100;
747,Scheuren,2,590800,220300;
748,Schwadernau,2,590000,219800;
749,Studen (BE),2,589300,218400;
750,Sutz-Lattrigen,2,583300,216800;
751,T�uffelen,2,581900,212900;
754,Walperswil,2,584000,212100;
755,Worben,2,588700,216300;
756,Twann-T�scherz,2,578600,215900;
761,D�rstetten,2,604100,167600;
762,Diemtigen,2,609700,166400;
763,Erlenbach im Simmental,2,608700,167800;
764,Niederstocken,2,610300,173300;
765,Oberstocken,2,608900,174000;
766,Oberwil im Simmental,2,599600,167300;
767,Reutigen,2,613900,171500;
768,Spiez,2,618600,170600;
769,Wimmis,2,615500,169500;
770,Stocken-H�fen,2,609566.6667,173900;
781,Gadmen,2,669900,176800;
782,Guttannen,2,665200,167600;
783,Hasliberg,2,656300,177900;
784,Innertkirchen,2,660400,173000;
785,Meiringen,2,657200,175400;
786,Schattenhalb,2,657600,174300;
791,Boltigen,2,596500,164200;
792,Lenk,2,600300,145100;
793,St. Stephan,2,596700,150900;
794,Zweisimmen,2,594900,155900;
841,Gsteig,2,586800,137100;
842,Lauenen,2,591100,141400;
843,Saanen,2,587500,147500;
852,Guggisberg,2,591600,179600;
853,R�schegg,2,595300,180700;
855,Schwarzenburg,2,592600,185200;
861,Belp,2,604700,193300;
863,Burgistein,2,604800,181500;
865,Gelterfingen,2,606000,187800;
866,Gerzensee,2,608200,187600;
867,Gurzelen,2,607200,181000;
868,Jaberg,2,610000,185100;
869,Kaufdorf,2,604600,187500;
870,Kehrsatz,2,602500,195400;
871,Kienersr�ti,2,609400,182900;
872,Kirchdorf (BE),2,608500,185500;
873,Kirchenthurnen,2,604900,185900;
874,Lohnstorf,2,605500,184000;
875,M�hledorf (BE),2,607600,186500;
876,M�hlethurnen,2,605300,184700;
877,Niedermuhlern,2,602100,190000;
878,Noflen,2,608100,184000;
879,Riggisberg,2,603000,184300;
880,R�eggisberg,2,600100,185600;
881,R�mligen,2,604500,186600;
883,Seftigen,2,607700,181900;
884,Toffen,2,604000,189800;
885,Uttigen,2,610400,182600;
886,Wattenwil,2,605400,179900;
888,Wald (BE),2,602500,192300;
901,Eggiwil,2,627300,191600;
902,Langnau im Emmental,2,626400,198900;
903,Lauperswil,2,623300,202100;
904,R�thenbach im Emmental,2,623100,189300;
905,R�derswil,2,621600,203600;
906,Schangnau,2,632200,186300;
907,Signau,2,621900,196600;
908,Trub,2,633600,199200;
909,Trubschachen,2,630900,196900;
921,Amsoldingen,2,610900,175100;
922,Blumenstein,2,606300,176600;
923,Buchholterberg,2,619600,185900;
924,Eriz,2,625900,182000;
925,Fahrni,2,616500,182500;
927,Heiligenschwendi,2,619000,177600;
928,Heimberg,2,612800,182500;
929,Hilterfingen,2,616000,177200;
930,H�fen,2,609500,174400;
931,Homberg,2,618800,180500;
932,Horrenbach-Buchen,2,624000,181100;
934,Oberhofen am Thunersee,2,617600,175500;
935,Oberlangenegg,2,623500,184200;
936,Pohlern,2,607800,174700;
937,Schwendibach,2,617000,180000;
938,Sigriswil,2,621100,174000;
939,Steffisburg,2,615000,180700;
940,Teuffenthal (BE),2,620800,179600;
941,Thierachern,2,610200,177900;
942,Thun,2,614200,178400;
943,Uebeschi,2,608900,176300;
944,Uetendorf,2,610200,180400;
945,Unterlangenegg,2,620000,182800;
946,Wachseldorn,2,622300,185600;
947,Zwieselberg,2,613600,173000;
948,Forst-L�ngenb�hl,2,606400,179200;
951,Affoltern im Emmental,2,622300,212700;
952,D�rrenroth,2,626800,215400;
953,Eriswil,2,631300,214300;
954,Huttwil,2,631100,218200;
955,L�tzelfl�h,2,618700,206200;
956,R�egsau,2,617900,208300;
957,Sumiswald,2,623300,208600;
958,Trachselwald,2,622800,207400;
959,Walterswil (BE),2,625600,218000;
960,Wyssachen,2,629400,214900;
971,Attiswil,2,613300,233300;
972,Berken,2,620500,230500;
973,Bettenhausen,2,620900,224700;
975,Farnern,2,613900,235100;
976,Graben,2,621300,229600;
977,Heimenhausen,2,619800,228800;
978,Hermiswil,2,619600,222500;
979,Herzogenbuchsee,2,620200,226300;
980,Inkwil,2,617600,227900;
981,Niederbipp,2,619500,235100;
982,Nieder�nz,2,619200,226300;
983,Oberbipp,2,616800,234400;
985,Ochlenberg,2,622500,222100;
987,Rumisberg,2,615300,234800;
988,Seeberg,2,617500,222000;
989,Th�rigen,2,622000,224800;
990,Walliswil bei Niederbipp,2,619100,231700;
991,Walliswil bei Wangen,2,618500,231100;
992,Wangen an der Aare,2,616400,231500;
993,Wangenried,2,616500,229800;
995,Wiedlisbach,2,615800,233500;
996,Wolfisberg,2,616900,235800;
1001,Doppleschwand,3,646900,207700;
1002,Entlebuch,3,647600,204800;
1004,Fl�hli,3,644000,192600;
1005,Hasle (LU),3,646600,203400;
1007,Romoos,3,644800,206900;
1008,Sch�pfheim,3,644200,200400;
1009,Werthenstein,3,650400,211600;
1010,Escholzmatt-Marbach,3,637800,196000;
1021,Aesch (LU),3,660800,234200;
1022,Altwis,3,661600,232200;
1023,Ballwil,3,666900,222800;
1024,Emmen,3,664800,214100;
1025,Ermensee,3,660700,231000;
1026,Eschenbach (LU),3,666900,220500;
1030,Hitzkirch,3,662500,230800;
1031,Hochdorf,3,664500,224500;
1032,Hohenrain,3,666700,225900;
1033,Inwil,3,669200,219500;
1037,Rain,3,661900,220000;
1039,R�merswil,3,661200,224600;
1040,Rothenburg,3,663000,216600;
1041,Schongau,3,662500,235600;
1051,Adligenswil,3,670300,213700;
1052,Buchrain,3,669000,216500;
1053,Dierikon,3,670800,216700;
1054,Ebikon,3,668600,215000;
1055,Gisikon,3,672900,220000;
1056,Greppen,3,675300,212000;
1057,Honau,3,673400,220700;
1058,Horw,3,666300,207900;
1059,Kriens,3,663800,209600;
1061,Luzern,3,666200,211800;
1062,Malters,3,656700,209800;
1063,Meggen,3,671000,211000;
1064,Meierskappel,3,676200,219800;
1065,Root,3,672300,218700;
1066,Schwarzenberg,3,655900,207600;
1067,Udligenswil,3,673100,215900;
1068,Vitznau,3,679500,207200;
1069,Weggis,3,675700,209500;
1081,Berom�nster,3,657000,228600;
1082,B�ron,3,649700,229400;
1083,Buttisholz,3,649800,218400;
1084,Eich,3,655300,222500;
1085,Geuensee,3,650700,227700;
1086,Grosswangen,3,646300,220400;
1088,Hildisrieden,3,660000,222500;
1089,Knutwil,3,648000,227800;
1091,Mauensee,3,647600,224300;
1093,Neuenkirch,3,658100,216700;
1094,Nottwil,3,653000,220700;
1095,Oberkirch,3,651300,223000;
1097,Rickenbach (LU),3,654200,230100;
1098,Ruswil,3,652200,215100;
1099,Schenkon,3,653100,224800;
1100,Schlierbach,3,651200,230700;
1102,Sempach,3,657100,220700;
1103,Sursee,3,650700,224700;
1104,Triengen,3,648400,231700;
1107,Wolhusen,3,648200,212100;
1121,Alberswil,3,642700,222500;
1122,Altb�ron,3,633600,225600;
1123,Altishofen,3,639600,228000;
1125,Dagmersellen,3,641700,229200;
1126,Ebersecken,3,637300,225900;
1127,Egolzwil,3,643100,226200;
1128,Ettiswil,3,643900,222200;
1129,Fischbach,3,635600,222800;
1130,Gettnau,3,640200,221200;
1131,Grossdietwil,3,634000,224500;
1132,Hergiswil bei Willisau,3,639400,215000;
1135,Luthern,3,636300,212200;
1136,Menznau,3,645600,215000;
1137,Nebikon,3,640800,226900;
1139,Pfaffnau,3,634800,231000;
1140,Reiden,3,640300,233000;
1142,Roggliswil,3,633900,229100;
1143,Sch�tz,3,641700,224500;
1145,Ufhusen,3,634800,218600;
1146,Wauwil,3,644300,226300;
1147,Wikon,3,640300,234700;
1150,Zell (LU),3,636700,221000;
1151,Willisau,3,641900,219100;
1201,Altdorf (UR),4,691800,192900;
1202,Andermatt,4,688600,165400;
1203,Attinghausen,4,690900,190700;
1204,Bauen,4,686900,199000;
1205,B�rglen (UR),4,693300,192300;
1206,Erstfeld,4,692500,186300;
1207,Fl�elen,4,690400,195600;
1208,G�schenen,4,687900,169100;
1209,Gurtnellen,4,691000,177100;
1210,Hospental,4,686500,163700;
1211,Isenthal,4,685500,196100;
1212,Realp,4,681500,161400;
1213,Schattdorf,4,692800,191000;
1214,Seedorf (UR),4,689500,192800;
1215,Seelisberg,4,687400,202700;
1216,Silenen,4,694100,182900;
1217,Sisikon,4,690100,200500;
1218,Spiringen,4,698300,192100;
1219,Untersch�chen,4,701500,191100;
1220,Wassen,4,688800,173400;
1301,Einsiedeln,5,699800,220400;
1311,Gersau,5,682700,205100;
1321,Feusisberg,5,699200,227100;
1322,Freienbach,5,701400,228700;
1323,Wollerau,5,697100,228000;
1331,K�ssnacht (SZ),5,676100,215100;
1341,Altendorf,5,705500,227700;
1342,Galgenen,5,708800,226700;
1343,Innerthal,5,712400,218300;
1344,Lachen,5,707200,227700;
1345,Reichenburg,5,716500,225500;
1346,Sch�belbach,5,712900,225800;
1347,Tuggen,5,714000,229100;
1348,Vorderthal,5,710900,220100;
1349,Wangen (SZ),5,710400,227700;
1361,Alpthal,5,697000,214100;
1362,Arth,5,683500,212100;
1363,Illgau,5,697900,204900;
1364,Ingenbohl,5,689000,206000;
1365,Lauerz,5,686700,210000;
1366,Morschach,5,689800,204000;
1367,Muotathal,5,700400,203500;
1368,Oberiberg,5,702100,210700;
1369,Riemenstalden,5,693500,200300;
1370,Rothenthurm,5,693900,217800;
1371,Sattel,5,690900,215200;
1372,Schwyz,5,692400,208500;
1373,Steinen,5,689300,211600;
1374,Steinerberg,5,687000,212000;
1375,Unteriberg,5,703600,212900;
1401,Alpnach,6,663600,199200;
1402,Engelberg,6,673700,186100;
1403,Giswil,6,657100,187800;
1404,Kerns,6,663700,194800;
1405,Lungern,6,654900,181800;
1406,Sachseln,6,661000,191200;
1407,Sarnen,6,661400,194200;
1501,Beckenried,7,678800,202200;
1502,Buochs,7,674700,203000;
1503,Dallenwil,7,672400,197600;
1504,Emmetten,7,682200,201200;
1505,Ennetb�rgen,7,674300,204200;
1506,Ennetmoos,7,667200,199400;
1507,Hergiswil (NW),7,666400,204400;
1508,Oberdorf (NW),7,672100,201200;
1509,Stans,7,670600,201100;
1510,Stansstad,7,668500,203300;
1511,Wolfenschiessen,7,672900,195800;
1630,Glarus Nord,8,723200,217800;
1631,Glarus S�d,8,724300,206100;
1632,Glarus,8,723700,211300;
1701,Baar,9,682600,227800;
1702,Cham,9,677400,226100;
1703,H�nenberg,9,674900,225200;
1704,Menzingen,9,687300,226000;
1705,Neuheim,9,686100,228900;
1706,Ober�geri,9,689200,221100;
1707,Risch,9,675100,221600;
1708,Steinhausen,9,679300,227900;
1709,Unter�geri,9,686900,221300;
1710,Walchwil,9,681700,217200;
1711,Zug,9,681800,224700;
2004,Bussy (FR),10,558000,187300;
2005,Ch�bles,10,552000,186300;
2008,Ch�tillon (FR),10,553400,187000;
2009,Cheiry,10,554000,177800;
2010,Cheyres,10,550300,185000;
2011,Cugy (FR),10,558200,184900;
2013,Domdidier,10,567600,190700;
2014,Dompierre (FR),10,565900,189000;
2015,Estavayer-le-Lac,10,555000,188900;
2016,F�tigny,10,560100,183100;
2022,Gletterens,10,561800,193900;
2024,L�chelles,10,567800,186500;
2025,Lully (FR),10,554800,187100;
2027,M�ni�res,10,557400,181500;
2029,Montagny (FR),10,566200,185200;
2033,Morens (FR),10,559400,188200;
2034,Murist,10,551700,182300;
2035,Nuvilly,10,553600,181500;
2038,Pr�vondavaux,10,550900,175600;
2039,Rueyres-les-Pr�s,10,560200,189900;
2040,Russy,10,566700,187900;
2041,Saint-Aubin (FR),10,565100,193400;
2043,S�vaz,10,557000,187600;
2044,Surpierre,10,555800,177200;
2045,Vallon,10,563100,192700;
2047,Villeneuve (FR),10,556500,177400;
2049,Vuissens,10,548500,176400;
2050,Les Montets,10,556500,185100;
2051,Delley-Portalban,10,563200,196300;
2052,Vernay,10,557900,189300;
2061,Auboranges,10,551500,159200;
2063,Billens-Hennens,10,558700,171200;
2066,Chapelle (Gl�ne),10,553700,159800;
2067,Le Ch�telard,10,564700,169700;
2068,Ch�tonnaye,10,561800,178200;
2072,Ecublens (FR),10,551800,162200;
2079,Grangettes,10,563400,169700;
2086,Massonnens,10,564500,172200;
2087,M�zi�res (FR),10,560800,169800;
2089,Montet (Gl�ne),10,552200,166100;
2096,Romont (FR),10,560300,171800;
2097,Rue,10,552900,163400;
2099,Siviriez,10,557100,167600;
2102,Ursy,10,553700,165000;
2111,Villaz-Saint-Pierre,10,563200,174400;
2113,Vuisternens-devant-Romont,10,561000,167300;
2114,Villorsonnens,10,566100,174000;
2115,Torny,10,563900,180000;
2116,La Folliaz,10,563700,176700;
2121,Haut-Intyamon,10,570600,151900;
2122,Pont-en-Ogoz,10,573000,170700;
2123,Botterens,10,575000,163400;
2124,Broc,10,574000,161400;
2125,Bulle,10,570800,162700;
2126,Cerniat (FR),10,578400,164600;
2127,Charmey,10,578800,163500;
2128,Ch�tel-sur-Montsalvens,10,576000,162500;
2129,Corbi�res,10,574200,167600;
2130,Cr�suz,10,577100,163100;
2131,Echarlens,10,572100,166400;
2134,Grandvillard,10,573000,154200;
2135,Gruy�res,10,572700,159200;
2137,Hauteville,10,574800,168800;
2138,Jaun,10,587700,162200;
2140,Marsens,10,571200,167200;
2143,Morlon,10,573000,163900;
2145,Le P�quier (FR),10,570600,160300;
2147,Pont-la-Ville,10,574900,172200;
2148,Riaz,10,571100,165500;
2149,La Roche,10,577000,171700;
2152,S�les,10,564400,165000;
2153,Sorens,10,571000,168700;
2155,Vaulruz,10,565600,163400;
2160,Vuadens,10,568100,163000;
2162,Bas-Intyamon,10,572800,157300;
2163,Val-de-Charmey,10,578600,164050;
2171,Arconciel,10,575900,177300;
2172,Autafond,10,572500,184800;
2173,Autigny,10,568100,176200;
2174,Avry,10,571900,182000;
2175,Belfaux,10,574700,185600;
2177,Ch�nens,10,566600,176700;
2179,Ch�sopelloz,10,572700,184000;
2183,Corminboeuf,10,574500,184200;
2184,Corpataux-Magnedens,10,574100,177100;
2185,Corserey,10,565900,180400;
2186,Cottens (FR),10,568900,177900;
2189,Ependes (FR),10,577600,178200;
2192,Farvagny,10,571500,174500;
2194,Ferpicloz,10,579300,177400;
2196,Fribourg,10,577900,183600;
2197,Givisiez,10,576500,184800;
2198,Granges-Paccot,10,577400,186000;
2200,Grolley,10,571900,187000;
2206,Marly,10,578800,180600;
2208,Matran,10,573900,181500;
2211,Neyruz (FR),10,571500,179700;
2213,Nor�az,10,568700,183600;
2216,Pierrafortscha,10,580700,181800;
2217,Ponthaux,10,569600,185000;
2220,Le Mouret,10,580100,177800;
2221,Prez-vers-Nor�az,10,567700,181700;
2222,Rossens (FR),10,574400,174500;
2223,Le Gl�be,10,569000,174000;
2225,Sen�des,10,577400,176800;
2226,Treyvaux,10,577000,175100;
2228,Villars-sur-Gl�ne,10,577000,182200;
2230,Villarsel-sur-Marly,10,579800,178900;
2231,Vuisternens-en-Ogoz,10,570600,173000;
2233,Hauterive (FR),10,573800,178900;
2234,La Brillaz,10,566800,178700;
2235,La Sonnaz,10,576800,187000;
2243,Barber�che,10,578700,189700;
2250,Courgevaux,10,575100,195000;
2251,Courlevon,10,575000,193300;
2254,Courtepin,10,576100,190300;
2257,Cressier (FR),10,577300,194200;
2258,Fr�schels,10,582500,205200;
2259,Galmiz,10,578700,199900;
2260,Gempenach,10,581700,198900;
2261,Greng,10,573800,195600;
2262,Gurmels,10,579700,193600;
2264,Jeuss,10,579000,194800;
2265,Kerzers,10,581600,202600;
2266,Kleinb�singen,10,582200,193700;
2270,Lurtigen,10,579800,197400;
2271,Meyriez,10,574800,197000;
2272,Misery-Courtion,10,571600,189100;
2274,Muntelier,10,576000,198300;
2275,Murten,10,575600,197400;
2276,Ried bei Kerzers,10,580800,200400;
2277,Salvenach,10,578000,195800;
2278,Ulmiz,10,581900,197900;
2279,Villarepos,10,572100,192500;
2280,Bas-Vully,10,575000,200900;
2281,Haut-Vully,10,571900,200000;
2283,Wallenried,10,575400,191500;
2291,Alterswil,10,586400,182600;
2292,Br�nisried,10,587700,178900;
2293,D�dingen,10,581100,188400;
2294,Giffers,10,582600,178900;
2295,B�singen,10,584000,193500;
2296,Heitenried,10,589400,186200;
2298,Oberschrot,10,587600,176500;
2299,Plaffeien,10,588500,176600;
2300,Plasselb,10,585800,175800;
2301,Rechthalten,10,584900,179700;
2302,St. Antoni,10,586400,185700;
2303,St. Silvester,10,583300,176700;
2304,St. Ursen,10,583200,182100;
2305,Schmitten (FR),10,585400,189400;
2306,Tafers,10,583100,184900;
2307,Tentlingen,10,581600,180000;
2308,Ueberstorf,10,590300,190400;
2309,W�nnewil-Flamatt,10,587700,191500;
2310,Zumholz,10,588900,178200;
2321,Attalens,10,554700,151200;
2323,Bossonnens,10,554700,152400;
2325,Ch�tel-Saint-Denis,10,558800,153000;
2328,Granges (Veveyse),10,553300,152800;
2333,Remaufens,10,557000,153100;
2335,Saint-Martin (FR),10,556300,158500;
2336,Semsales,10,560900,158200;
2337,Le Flon,10,556200,161200;
2338,La Verrerie,10,560400,159900;
2391,Staatswald Galm,10,579500,196000;
2401,Egerkingen,11,626800,241300;
2402,H�rkingen,11,628700,239900;
2403,Kestenholz,11,623900,236800;
2404,Neuendorf,11,627000,239200;
2405,Niederbuchsiten,11,625200,238500;
2406,Oberbuchsiten,11,624800,239900;
2407,Oensingen,11,621100,237800;
2408,Wolfwil,11,627200,235500;
2421,Aedermannsdorf,11,612900,239400;
2422,Balsthal,11,619300,240600;
2423,G�nsbrunnen,11,602200,234500;
2424,Herbetswil,11,611600,238400;
2425,Holderbank (SO),11,624000,242500;
2426,Laupersdorf,11,616000,240400;
2427,Matzendorf,11,614400,239600;
2428,M�mliswil-Ramiswil,11,619900,243400;
2429,Welschenrohr,11,606800,236700;
2441,Aetigkofen,11,602100,219400;
2442,Aetingen,11,605000,220100;
2444,Bibern (SO),11,601400,221700;
2445,Biezwil,11,598400,218100;
2446,Br�gglen,11,604300,221200;
2449,Gossliwil,11,599700,220600;
2450,Hessigkofen,11,602100,221100;
2452,K�ttigkofen,11,605800,222200;
2453,Kyburg-Buchegg,11,605400,221100;
2455,L�terkofen-Ichertswil,11,605600,223500;
2456,L�terswil-G�chliwil,11,600000,218800;
2457,Messen,11,600700,215700;
2458,M�hledorf (SO),11,602800,220400;
2461,Schnottwil,11,596400,217800;
2462,Tscheppach,11,603100,221700;
2463,Unterramsern,11,603400,218700;
2464,L�sslingen-Nennigkofen,11,604800,226600;
2465,Buchegg,11,603170,220950;
2471,B�ttwil,11,605400,259900;
2472,B�ren (SO),11,617500,255400;
2473,Dornach,11,613300,258800;
2474,Gempen,11,616600,258300;
2475,Hochwald,11,615200,256200;
2476,Hofstetten-Fl�h,11,605800,258300;
2477,Metzerlen-Mariastein,11,602000,257300;
2478,Nuglar-St. Pantaleon,11,619200,257900;
2479,Rodersdorf,11,601400,258900;
2480,Seewen,11,616600,253700;
2481,Witterswil,11,606300,259400;
2491,Hauenstein-Ifenthal,11,631500,247100;
2492,Kienberg,11,639800,254400;
2493,Lostorf,11,638400,248200;
2495,Niederg�sgen,11,641700,247000;
2497,Oberg�sgen,11,638800,246100;
2498,Rohr (SO),11,639000,251100;
2499,St�sslingen,11,640100,249100;
2500,Trimbach,11,635000,245900;
2501,Winznau,11,637400,246100;
2502,Wisen (SO),11,633800,249200;
2503,Erlinsbach (SO),11,642900,249700;
2511,Aeschi (SO),11,617000,225500;
2513,Biberist,11,609100,225700;
2514,Bolken,11,617000,226700;
2516,Deitingen,11,613800,229300;
2517,Derendingen,11,611200,227200;
2518,Etziken,11,615800,226200;
2519,Gerlafingen,11,610100,224400;
2520,Halten,11,612500,224300;
2523,Horriwil,11,614100,225600;
2524,H�niken,11,614900,226000;
2525,Kriegstetten,11,612000,225000;
2526,Lohn-Ammannsegg,11,606500,224300;
2527,Luterbach,11,611200,229400;
2528,Obergerlafingen,11,611100,223500;
2529,Oekingen,11,612600,225400;
2530,Recherswil,11,611900,223400;
2532,Subingen,11,613500,227300;
2534,Zuchwil,11,608300,227900;
2535,Drei H�fe,11,614900,222900;
2541,Balm bei G�nsberg,11,609100,233600;
2542,Bellach,11,604000,229000;
2543,Bettlach,11,598900,228000;
2544,Feldbrunnen-St. Niklaus,11,608900,230000;
2545,Flumenthal,11,612200,231700;
2546,Grenchen,11,596700,226900;
2547,G�nsberg,11,610500,234100;
2548,Hubersdorf,11,611400,232900;
2549,Kammersrohr,11,611700,233700;
2550,Langendorf,11,605800,230100;
2551,Lommiswil,11,602500,230300;
2553,Oberdorf (SO),11,604900,231000;
2554,Riedholz,11,609600,230900;
2555,R�ttenen,11,607000,231100;
2556,Selzach,11,601100,228300;
2571,Boningen,11,631600,239800;
2572,D�niken,11,641100,245100;
2573,Dulliken,11,638300,244300;
2574,Eppenberg-W�schnau,11,644200,247400;
2575,Fulenbach,11,630000,236100;
2576,Gretzenbach,11,642200,245300;
2578,Gunzgen,11,629500,240600;
2579,H�gendorf,11,630500,242800;
2580,Kappel (SO),11,631000,241500;
2581,Olten,11,634700,244700;
2582,Rickenbach (SO),11,631500,243500;
2583,Sch�nenwerd,11,642800,246900;
2584,Starrkirch-Wil,11,636800,244700;
2585,Walterswil (SO),11,639500,241600;
2586,Wangen bei Olten,11,632500,243900;
2601,Solothurn,11,606900,228800;
2611,B�rschwil,11,602600,247900;
2612,Beinwil (SO),11,611200,245700;
2613,Breitenbach,11,607900,250700;
2614,B�sserach,11,607600,248900;
2615,Erschwil,11,607800,246800;
2616,Fehren,11,610600,249500;
2617,Grindel,11,604800,247800;
2618,Himmelried,11,612000,252300;
2619,Kleinl�tzel,11,598400,252800;
2620,Meltingen,11,611400,248600;
2621,Nunningen,11,613600,249200;
2622,Zullwil,11,612200,248900;
2701,Basel,12,611300,267600;
2702,Bettingen,12,617100,268900;
2703,Riehen,12,615300,269500;
2761,Aesch (BL),13,611900,257500;
2762,Allschwil,13,607300,266700;
2763,Arlesheim,13,613700,260400;
2764,Biel-Benken,13,606700,261800;
2765,Binningen,13,610000,265200;
2766,Birsfelden,13,613900,266900;
2767,Bottmingen,13,610100,263600;
2768,Ettingen,13,608000,258900;
2769,M�nchenstein,13,613400,262500;
2770,Muttenz,13,615100,264300;
2771,Oberwil (BL),13,608900,262600;
2772,Pfeffingen,13,611300,256500;
2773,Reinach (BL),13,611400,260300;
2774,Sch�nenbuch,13,604700,265200;
2775,Therwil,13,608700,260900;
2781,Blauen,13,606100,255500;
2782,Brislach,13,607900,251900;
2783,Burg im Leimental,13,600200,256300;
2784,Dittingen,13,604500,254400;
2785,Duggingen,13,612500,255800;
2786,Grellingen,13,611300,254600;
2787,Laufen,13,604700,252200;
2788,Liesberg,13,599300,250300;
2789,Nenzlingen,13,609300,255300;
2790,Roggenburg,13,592600,253700;
2791,R�schenz,13,602800,252600;
2792,Wahlen,13,605800,250000;
2793,Zwingen,13,606900,253900;
2821,Arisdorf,13,624600,262300;
2822,Augst,13,621000,265000;
2823,Bubendorf,13,622500,255300;
2824,Frenkendorf,13,620900,261400;
2825,F�llinsdorf,13,621900,261700;
2826,Giebenach,13,623100,263600;
2827,Hersberg,13,626000,260200;
2828,Lausen,13,624200,258000;
2829,Liestal,13,622300,259400;
2830,Lupsingen,13,619300,255100;
2831,Pratteln,13,619300,263400;
2832,Ramlinsburg,13,624500,255400;
2833,Seltisberg,13,621000,256600;
2834,Ziefen,13,620300,253400;
2841,Anwil,13,637900,255700;
2842,B�ckten,13,629900,257000;
2843,Buckten,13,630700,251100;
2844,Buus,13,632100,261700;
2845,Diepflingen,13,630100,255100;
2846,Gelterkinden,13,631400,257100;
2847,H�felfingen,13,632300,251600;
2848,Hemmiken,13,634200,259800;
2849,Itingen,13,626100,257400;
2850,K�nerkinden,13,630000,251300;
2851,Kilchberg (BL),13,634700,252900;
2852,L�ufelfingen,13,631600,249500;
2853,Maisprach,13,630700,263800;
2854,Nusshof,13,627600,260100;
2855,Oltingen,13,637400,253600;
2856,Ormalingen,13,633000,257700;
2857,Rickenbach (BL),13,631100,259400;
2858,Rothenfluh,13,635900,256700;
2859,R�mlingen,13,630900,252600;
2860,R�nenberg,13,633600,253600;
2861,Sissach,13,628100,256900;
2862,Tecknau,13,633500,255600;
2863,Tenniken,13,628200,254000;
2864,Th�rnen,13,629500,256100;
2865,Wenslingen,13,635600,254400;
2866,Wintersingen,13,629100,260400;
2867,Wittinsburg,13,630400,252900;
2868,Zeglingen,13,635200,251900;
2869,Zunzgen,13,627800,255400;
2881,Arboldswil,13,621000,251800;
2882,Bennwil,13,625800,250300;
2883,Bretzwil,13,616100,249700;
2884,Diegten,13,628100,251500;
2885,Eptingen,13,628800,248400;
2886,H�lstein,13,625000,252700;
2887,Lampenberg,13,624200,252800;
2888,Langenbruck,13,624800,244300;
2889,Lauwil,13,617900,248800;
2890,Liedertswil,13,621100,249000;
2891,Niederdorf,13,623600,250700;
2892,Oberdorf (BL),13,623500,249200;
2893,Reigoldswil,13,619100,249600;
2894,Titterten,13,621000,250200;
2895,Waldenburg,13,623200,247900;
2901,G�chlingen,14,679700,284200;
2903,L�hningen,14,683700,284000;
2904,Neunkirch,14,679600,282700;
2914,B�ttenhardt,14,691100,290300;
2915,D�rflingen,14,696100,284800;
2917,Lohn (SH),14,692400,290200;
2919,Stetten (SH),14,691800,288400;
2920,Thayngen,14,695100,289300;
2931,Bargen (SH),14,687900,294100;
2932,Beringen,14,685300,283700;
2933,Buchberg,14,684500,269700;
2936,Merishausen,14,687700,290700;
2937,Neuhausen am Rheinfall,14,688500,281900;
2938,R�dlingen,14,684600,270700;
2939,Schaffhausen,14,689600,283800;
2951,Beggingen,14,682400,291300;
2952,Schleitheim,14,678600,289300;
2953,Siblingen,14,681200,285400;
2961,Buch (SH),14,700900,286000;
2962,Hemishofen,14,704600,281600;
2963,Ramsen,14,702900,285000;
2964,Stein am Rhein,14,706700,279800;
2971,Hallau,14,676500,283400;
2972,Oberhallau,14,678000,284400;
2973,Trasadingen,14,674600,280200;
2974,Wilchingen,14,677300,280100;
3001,Herisau,15,738700,250300;
3002,Hundwil,15,742000,247700;
3003,Sch�nengrund,15,735200,243200;
3004,Schwellbrunn,15,736800,246100;
3005,Stein (AR),15,743900,248700;
3006,Urn�sch,15,739600,242400;
3007,Waldstatt,15,739500,246700;
3021,B�hler,15,749500,248800;
3022,Gais,15,752200,247700;
3023,Speicher,15,751200,253100;
3024,Teufen (AR),15,747100,250700;
3025,Trogen,15,752900,252800;
3031,Grub (AR),15,756200,257400;
3032,Heiden,15,758000,256900;
3033,Lutzenberg,15,760600,258700;
3034,Rehetobel,15,754200,254800;
3035,Reute (AR),15,761200,254300;
3036,Wald (AR),15,754700,253700;
3037,Walzenhausen,15,763200,257700;
3038,Wolfhalden,15,759200,258000;
3101,Appenzell,16,749000,244100;
3102,Gonten,16,744700,243700;
3103,R�te,16,750500,243000;
3104,Schlatt-Haslen,16,745700,248300;
3105,Schwende,16,751000,240800;
3111,Oberegg,16,759400,254600;
3201,H�ggenschwil,17,743400,262100;
3202,Muolen,17,742000,265100;
3203,St. Gallen,17,746200,254600;
3204,Wittenbach,17,746300,258700;
3211,Berg (SG),17,748300,261300;
3212,Eggersriet,17,753400,256600;
3213,Goldach,17,752800,260000;
3214,M�rschwil,17,749600,259500;
3215,Rorschach,17,754800,260700;
3216,Rorschacherberg,17,756100,259500;
3217,Steinach,17,750800,263300;
3218,T�bach,17,751700,261400;
3219,Untereggen,17,751800,257900;
3231,Au (SG),17,765800,256100;
3232,Balgach,17,763800,253000;
3233,Berneck,17,764000,255000;
3234,Diepoldsau,17,767400,250600;
3235,Rheineck,17,762100,259500;
3236,St. Margrethen,17,765500,258100;
3237,Thal,17,760700,259300;
3238,Widnau,17,765700,252900;
3251,Altst�tten,17,758700,249600;
3252,Eichberg,17,757500,245900;
3253,Marbach (SG),17,760800,251200;
3254,Oberriet (SG),17,760700,243200;
3255,Rebstein,17,761900,252100;
3256,R�thi (SG),17,758800,240300;
3271,Buchs (SG),17,754100,225800;
3272,Gams,17,751800,230100;
3273,Grabs,17,751900,227700;
3274,Sennwald,17,756300,236500;
3275,Sevelen,17,755200,221000;
3276,Wartau,17,755300,217800;
3291,Bad Ragaz,17,756900,207900;
3292,Flums,17,744500,217400;
3293,Mels,17,750500,212500;
3294,Pf�fers,17,756900,206300;
3295,Quarten,17,736700,219000;
3296,Sargans,17,752100,212700;
3297,Vilters-Wangs,17,753000,210100;
3298,Walenstadt,17,742200,220900;
3311,Amden,17,729800,223400;
3312,Benken (SG),17,718700,228700;
3313,Kaltbrunn,17,720300,230400;
3315,Sch�nis,17,721900,224500;
3316,Weesen,17,725500,221500;
3338,Schmerikon,17,714000,231600;
3339,Uznach,17,717100,231500;
3340,Rapperswil-Jona,17,705900,232200;
3341,Gommiswald,17,720000,232300;
3342,Eschenbach (SG),17,712300,233200;
3352,Ebnat-Kappel,17,727500,236000;
3359,Wildhaus-Alt St. Johann,17,739900,228600;
3360,Nesslau,17,733400,231800;
3372,Hemberg,17,731300,240300;
3374,Lichtensteig,17,724600,242800;
3375,Oberhelfenschwil,17,726500,246200;
3378,Neckertal,17,728200,247100;
3379,Wattwil,17,724800,240500;
3392,Kirchberg (SG),17,720800,252400;
3393,L�tisburg,17,723800,250600;
3394,Mosnang,17,721000,247000;
3395,B�tschwil-Ganterschwil,17,723400,246800;
3401,Degersheim,17,732800,248400;
3402,Flawil,17,731900,252800;
3405,Jonschwil,17,724400,253900;
3407,Oberuzwil,17,727100,254700;
3408,Uzwil,17,728500,256300;
3422,Niederb�ren,17,733100,258700;
3423,Niederhelfenschwil,17,731700,259800;
3424,Oberb�ren,17,729900,257000;
3426,Zuzwil (SG),17,726000,259600;
3427,Wil (SG),17,721000,258000;
3441,Andwil (SG),17,738500,255500;
3442,Gaiserwald,17,743200,254400;
3443,Gossau (SG),17,736500,253200;
3444,Waldkirch,17,739200,259200;
3501,Alvaschein,18,761600,171500;
3502,Mon,18,762700,168800;
3503,Mutten,18,757700,171800;
3504,Stierva,18,760900,170200;
3505,Tiefencastel,18,763600,170100;
3506,Vaz/Obervaz,18,761800,177300;
3511,Alvaneu,18,768800,172100;
3512,Brienz/Brinzauls,18,765100,170900;
3513,Lantsch/Lenz,18,762500,172400;
3514,Schmitten (GR),18,770800,173200;
3515,Surava,18,766400,170600;
3521,Berg�n/Bravuogn,18,776700,166700;
3522,Filisur,18,772100,171500;
3531,Bivio,18,769800,148800;
3532,Cunter,18,765000,164200;
3533,Marmorera,18,769200,152000;
3534,Mulegns,18,767400,154900;
3536,Riom-Parsonz,18,764200,164300;
3538,Salouf,18,763600,166000;
3539,Savognin,18,765500,162700;
3540,Sur,18,768300,154700;
3541,Tinizong-Rona,18,767000,161300;
3551,Brusio,18,807200,126400;
3561,Poschiavo,18,801700,133800;
3571,Castrisch,18,736900,182100;
3572,Falera,18,736900,184900;
3574,Ilanz,18,734900,181900;
3575,Laax,18,738800,185400;
3576,Ladir,18,734600,183700;
3577,Luven,18,734400,180400;
3578,Pitasch,18,736000,177200;
3579,Riein,18,737200,178600;
3580,Ruschein,18,733900,183100;
3581,Sagogn,18,738700,183800;
3582,Schluein,18,736700,183500;
3583,Schnaus,18,733000,182200;
3584,Sevgein,18,736900,180900;
3593,Duvin,18,735600,175300;
3598,St. Martin,18,733300,170800;
3603,Vals,18,733400,164300;
3611,Andiast,18,727900,182900;
3612,Obersaxen,18,727000,178500;
3613,Pigniu,18,728100,185600;
3614,Rueun,18,730800,182300;
3615,Siat,18,731700,183700;
3616,Waltensburg/Vuorz,18,728200,182000;
3617,Mundaun,18,730300,179900;
3618,Lumnezia,18,732700,175500;
3619,Ilanz/Glion,18,734153.8462,181307.6923;
3631,Almens,18,754200,178200;
3633,F�rstenau,18,753500,176400;
3634,Paspels,18,753100,179500;
3635,Pratval,18,753400,177600;
3636,Rodels,18,753300,178000;
3637,Rothenbrunnen,18,751800,181700;
3638,Scharans,18,754500,176000;
3640,Sils im Domleschg,18,754100,174100;
3661,Cazis,18,752200,176400;
3662,Flerden,18,750600,174300;
3663,Masein,18,752000,174200;
3668,Thusis,18,752900,173500;
3669,Tschappina,18,748600,172500;
3670,Urmein,18,750200,173000;
3671,Tomils,18,753000,181000;
3672,Safiental,18,740800,183500;
3681,Avers,18,759300,148900;
3691,Hinterrhein,18,735100,154800;
3693,Nufenen,18,738600,155900;
3694,Spl�gen,18,744500,157500;
3695,Sufers,18,747800,159500;
3701,Andeer,18,752300,163200;
3703,Casti-Wergenstein,18,750800,165800;
3705,Donat,18,752400,166100;
3707,Lohn (GR),18,752200,168600;
3708,Mathon,18,751300,167000;
3711,Rongellen,18,753300,171200;
3712,Zillis-Reischen,18,753500,166800;
3713,Ferrera,18,753800,154100;
3721,Bonaduz,18,749600,186400;
3722,Domat/Ems,18,753500,189100;
3723,Rh�z�ns,18,749500,184900;
3731,Felsberg,18,755500,190400;
3732,Flims,18,740800,189000;
3733,Tamins,18,750200,188500;
3734,Trin,18,746800,188200;
3741,Ardez,18,811000,184200;
3742,Guarda,18,807300,184100;
3743,Lavin,18,804100,183100;
3744,Susch,18,801700,181000;
3745,Tarasp,18,815300,184400;
3746,Zernez,18,803200,175600;
3752,Samnaun,18,825000,205300;
3761,Ftan,18,814400,186300;
3762,Scuol,18,818500,186900;
3763,Sent,18,821200,189200;
3764,Valsot,18,827700,195400;
3781,Bever,18,787900,158700;
3782,Celerina/Schlarigna,18,785900,154100;
3783,Madulain,18,791400,162400;
3784,Pontresina,18,789300,151900;
3785,La Punt-Chamues-ch,18,791200,161200;
3786,Samedan,18,786600,156500;
3787,St. Moritz,18,784200,152400;
3788,S-chanf,18,794900,165400;
3789,Sils im Engadin/Segl,18,778600,144700;
3790,Silvaplana,18,781000,148100;
3791,Zuoz,18,793100,164300;
3792,Bregaglia,18,765600,134700;
3801,Arvigo,18,729000,129300;
3803,Braggio,18,729800,129400;
3804,Buseno,18,728600,125900;
3805,Castaneda,18,731300,124200;
3806,Cauco,18,729500,132900;
3808,Rossa,18,729800,136200;
3810,Santa Maria in Calanca,18,731500,125000;
3811,Selma,18,729600,131200;
3821,Lostallo,18,735300,130600;
3822,Mesocco,18,738000,139500;
3823,Soazza,18,737300,136600;
3831,Cama,18,733700,125800;
3832,Grono,18,731900,123300;
3833,Leggia,18,733000,124900;
3834,Roveredo (GR),18,730700,122200;
3835,San Vittore,18,728800,122100;
3836,Verdabbio,18,732500,125600;
3847,Val M�stair,18,828800,165700;
3851,Davos,18,782200,185700;
3861,Fideris,18,775500,198600;
3862,Furna,18,770500,200900;
3863,Jenaz,18,773400,200100;
3871,Klosters-Serneus,18,786000,194500;
3881,Conters im Pr�ttigau,18,779800,197300;
3882,K�blis,18,778000,198600;
3883,Saas,18,780500,198300;
3891,Luzein,18,777200,199200;
3893,St. Ant�nien,18,780000,205300;
3901,Chur,18,759300,191000;
3911,Churwalden,18,760600,183300;
3921,Arosa,18,770800,183200;
3926,Maladers,18,761800,189500;
3932,Tschiertschen-Praden,18,765500,187400;
3941,Haldenstein,18,759100,194100;
3945,Trimmis,18,762000,196300;
3946,Untervaz,18,759600,199600;
3947,Zizers,18,761800,200400;
3951,Fl�sch,18,757700,210400;
3952,Jenins,18,761000,207800;
3953,Maienfeld,18,759100,208400;
3954,Malans,18,762700,205700;
3955,Landquart,18,761300,203600;
3961,Gr�sch,18,768000,205700;
3962,Schiers,18,771300,204500;
3972,Seewis im Pr�ttigau,18,767200,206600;
3981,Breil/Brigels,18,722900,179700;
3982,Disentis/Must�r,18,708100,173400;
3983,Medel (Lucmagn),18,708700,170100;
3985,Sumvitg,18,714700,176300;
3986,Tujetsch,18,701600,170800;
3987,Trun,18,718300,178000;
4001,Aarau,19,645800,249000;
4002,Biberstein,19,648500,251600;
4003,Buchs (AG),19,647600,248700;
4004,Densb�ren,19,646300,256100;
4005,Erlinsbach (AG),19,643200,250100;
4006,Gr�nichen,19,650000,245400;
4007,Hirschthal,19,646500,241400;
4008,K�ttigen,19,646000,251800;
4009,Muhen,19,646500,243400;
4010,Oberentfelden,19,645900,245200;
4012,Suhr,19,648400,246900;
4013,Unterentfelden,19,645700,246400;
4021,Baden,19,665400,258400;
4022,Bellikon,19,668400,249100;
4023,Bergdietikon,19,671600,249000;
4024,Birmenstorf (AG),19,661000,257100;
4026,Ennetbaden,19,666100,259100;
4027,Fislisbach,19,664400,254300;
4028,Freienwil,19,666900,261800;
4029,Gebenstorf,19,660600,259100;
4030,Killwangen,19,669000,253900;
4031,K�nten,19,667300,249100;
4032,M�genwil,19,659700,251500;
4033,Mellingen,19,663000,252300;
4034,Neuenhof,19,667200,255400;
4035,Niederrohrdorf,19,665400,252900;
4037,Oberrohrdorf,19,666300,252400;
4038,Obersiggenthal,19,664600,260000;
4039,Remetschwil,19,667000,251200;
4040,Spreitenbach,19,669900,252300;
4041,Stetten (AG),19,665600,250200;
4042,Turgi,19,661200,260500;
4044,Untersiggenthal,19,661500,261600;
4045,Wettingen,19,666300,257800;
4046,Wohlenschwil,19,661800,251600;
4047,W�renlingen,19,661700,264800;
4048,W�renlos,19,669800,255100;
4049,Ehrendingen,19,668700,261600;
4061,Arni (AG),19,674200,241300;
4062,Berikon,19,670800,244800;
4063,Bremgarten (AG),19,668400,244800;
4064,B�ttikon,19,662800,242000;
4065,Dottikon,19,660500,248400;
4066,Eggenwil,19,668100,247000;
4067,Fischbach-G�slikon,19,665900,246900;
4068,H�gglingen,19,661600,248800;
4069,Hermetschwil-Staffeln,19,668400,242700;
4071,Jonen,19,672200,238800;
4072,Niederwil (AG),19,664600,247800;
4073,Oberlunkhofen,19,672100,240500;
4074,Oberwil-Lieli,19,671600,243200;
4075,Rudolfstetten-Friedlisberg,19,671100,246800;
4076,Sarmenstorf,19,661200,240300;
4077,T�gerig,19,663400,250500;
4078,Uezwil,19,663300,240900;
4079,Unterlunkhofen,19,671300,241600;
4080,Villmergen,19,660900,244400;
4081,Widen,19,669800,246800;
4082,Wohlen (AG),19,663400,244700;
4083,Zufikon,19,669600,244200;
4084,Islisberg,19,675700,241800;
4091,Auenstein,19,652900,252000;
4092,Birr,19,657500,254300;
4093,Birrhard,19,660800,254400;
4094,B�zen,19,648600,260600;
4095,Brugg,19,657900,259400;
4096,Effingen,19,650100,260100;
4097,Elfingen,19,649800,262000;
4099,Habsburg,19,656300,257100;
4100,Hausen (AG),19,658300,257100;
4104,Lupfig,19,657700,254800;
4105,Mandach,19,656200,266500;
4106,M�nthal,19,652900,263300;
4107,M�lligen,19,660400,256600;
4109,Oberflachs,19,652200,254700;
4110,Remigen,19,656500,263100;
4111,Riniken,19,656500,260600;
4112,R�fenach,19,657700,262300;
4113,Scherz,19,656300,255400;
4114,Schinznach-Bad,19,655100,255800;
4115,Schinznach-Dorf,19,653100,255300;
4117,Thalheim (AG),19,650000,254200;
4120,Veltheim (AG),19,653500,254300;
4121,Villigen,19,658500,264200;
4122,Villnachern,19,654400,258000;
4123,Windisch,19,658400,259000;
4124,B�zberg,19,654100,259400;
4125,Schinznach,19,652650,255000;
4131,Beinwil am See,19,657800,235300;
4132,Birrwil,19,657300,238000;
4133,Burg (AG),19,656200,231800;
4134,D�rren�sch,19,654300,241400;
4135,Gontenschwil,19,653400,235800;
4136,Holziken,19,645200,241400;
4137,Leimbach (AG),19,655300,236000;
4138,Leutwil,19,655600,240000;
4139,Menziken,19,656700,232700;
4140,Oberkulm,19,651500,238900;
4141,Reinach (AG),19,656300,233900;
4142,Schlossrued,19,649100,238000;
4143,Schmiedrued,19,650600,234900;
4144,Sch�ftland,19,646300,239500;
4145,Teufenthal (AG),19,651300,242200;
4146,Unterkulm,19,651200,240100;
4147,Zetzwil,19,653800,237400;
4161,Eiken,19,641500,264700;
4163,Frick,19,643900,262000;
4164,Gansingen,19,652400,266000;
4165,Gipf-Oberfrick,19,642500,260900;
4166,Herznach,19,646300,258100;
4167,Hornussen,19,647000,261200;
4169,Kaisten,19,645600,265600;
4170,Laufenburg,19,646800,267900;
4172,M�nchwilen (AG),19,639400,265400;
4173,Oberhof,19,642800,255500;
4175,Oeschgen,19,643500,263300;
4176,Schwaderloch,19,653100,270800;
4177,Sisseln,19,641400,267100;
4179,Ueken,19,646000,259500;
4181,Wittnau,19,640400,258900;
4182,W�lflinswil,19,642200,256900;
4183,Zeihen,19,648700,258500;
4184,Mettauertal,19,653700,268000;
4191,Ammerswil,19,658100,246800;
4192,Boniswil,19,656500,240800;
4193,Brunegg,19,658700,252300;
4194,Dintikon,19,659600,246200;
4195,Egliswil,19,656600,244600;
4196,Fahrwangen,19,660800,238500;
4197,Hallwil,19,655700,242300;
4198,Hendschiken,19,658800,248700;
4199,Holderbank (AG),19,655100,253100;
4200,Hunzenschwil,19,651800,248700;
4201,Lenzburg,19,655500,249000;
4202,Meisterschwanden,19,659700,238500;
4203,M�riken-Wildegg,19,656100,251900;
4204,Niederlenz,19,655700,250300;
4205,Othmarsingen,19,658700,250300;
4206,Rupperswil,19,652000,250500;
4207,Schafisheim,19,653200,247600;
4208,Seengen,19,658000,241800;
4209,Seon,19,654500,244300;
4210,Staufen,19,654900,248200;
4221,Abtwil,19,669500,225200;
4222,Aristau,19,670000,237700;
4223,Auw,19,670200,229300;
4224,Beinwil (Freiamt),19,668700,231500;
4226,Besenb�ren,19,668500,240600;
4227,Bettwil,19,662700,238100;
4228,Boswil,19,666100,239200;
4229,B�nzen,19,666900,240300;
4230,Buttwil,19,666000,235700;
4231,Dietwil,19,672300,222300;
4232,Geltwil,19,667000,233500;
4233,Kallern,19,664700,241000;
4234,Merenschwand,19,670800,234800;
4235,M�hlau,19,672000,231400;
4236,Muri (AG),19,668400,236000;
4237,Oberr�ti,19,672500,224300;
4238,Rottenschwil,19,669900,240800;
4239,Sins,19,672400,227200;
4240,Waltenschwil,19,665400,243000;
4251,Hellikon,19,636600,262200;
4252,Kaiseraugst,19,621500,265600;
4253,Magden,19,628200,264100;
4254,M�hlin,19,630600,267500;
4255,Mumpf,19,636300,266200;
4256,Obermumpf,19,637600,264400;
4257,Olsberg,19,626000,263500;
4258,Rheinfelden,19,626900,267000;
4259,Schupfart,19,639700,262700;
4260,Stein (AG),19,638400,266000;
4261,Wallbach,19,635000,267700;
4262,Wegenstetten,19,637300,260900;
4263,Zeiningen,19,632500,265700;
4264,Zuzgen,19,634800,263800;
4271,Aarburg,19,634900,241100;
4272,Attelwil,19,645700,234500;
4273,Bottenwil,19,642900,237300;
4274,Brittnau,19,638500,234300;
4275,Kirchleerau,19,647600,236300;
4276,K�lliken,19,644100,242900;
4277,Moosleerau,19,647300,235500;
4279,Murgenthal,19,630200,235300;
4280,Oftringen,19,636500,240700;
4281,Reitnau,19,645900,233400;
4282,Rothrist,19,633300,239500;
4283,Safenwil,19,641200,241300;
4284,Staffelbach,19,645900,237100;
4285,Strengelbach,19,637100,236500;
4286,Uerkheim,19,644300,239700;
4287,Vordemwald,19,634800,236000;
4288,Wiliberg,19,644200,235400;
4289,Zofingen,19,638300,237700;
4301,Baldingen,19,666000,267500;
4302,B�bikon,19,667300,267400;
4303,B�ttstein,19,660900,269100;
4304,D�ttingen,19,661700,269100;
4305,Endingen,19,664100,265500;
4306,Fisibach,19,672900,268400;
4307,Full-Reuenthal,19,657500,273800;
4308,Kaiserstuhl,19,673700,269100;
4309,Klingnau,19,661400,270100;
4310,Koblenz,19,659700,273200;
4311,Leibstadt,19,655400,271200;
4312,Lengnau (AG),19,667100,263700;
4313,Leuggern,19,658600,270200;
4314,Mellikon,19,668800,268900;
4315,Rekingen (AG),19,666500,269200;
4316,Rietheim,19,663100,272500;
4317,R�mikon,19,670700,268700;
4318,Schneisingen,19,669700,263500;
4319,Siglistorf,19,670900,266500;
4320,Tegerfelden,19,663800,268000;
4321,Unterendingen,19,664100,266700;
4322,Wislikofen,19,669400,267900;
4323,Bad Zurzach,19,664500,271000;
4401,Arbon,20,750000,264300;
4406,Dozwil,20,741500,271200;
4411,Egnach,20,746000,267400;
4416,Hefenhofen,20,740000,269900;
4421,Horn,20,752500,262400;
4426,Kesswil,20,741300,273100;
4431,Roggwil (TG),20,747400,262800;
4436,Romanshorn,20,745900,270100;
4441,Salmsach,20,745400,269000;
4446,Sommeri,20,739300,270100;
4451,Uttwil,20,743100,272000;
4461,Amriswil,20,740000,267700;
4471,Bischofszell,20,736000,261800;
4476,Erlen,20,735100,267900;
4486,Hauptwil-Gottshaus,20,739000,261900;
4495,Hohentannen,20,734500,263600;
4501,Kradolf-Sch�nenberg,20,732600,265500;
4506,Sulgen,20,731500,266800;
4511,Zihlschlacht-Sitterdorf,20,736400,263200;
4536,Basadingen-Schlattingen,20,698300,280600;
4545,Diessenhofen,20,698500,282700;
4546,Schlatt (TG),20,695000,279700;
4551,Aadorf,20,710800,260900;
4561,Felben-Wellhausen,20,713200,271000;
4566,Frauenfeld,20,709600,268400;
4571,Gachnang,20,706500,266200;
4590,H�ttlingen,20,716000,270800;
4591,Matzingen,20,712600,264300;
4601,Neunforn,20,700000,273700;
4606,Stettfurt,20,714200,264800;
4611,Thundorf,20,716600,267800;
4616,Uesslingen-Buch,20,705200,273000;
4621,Warth-Weiningen,20,707900,271400;
4641,Altnau,20,736800,274800;
4643,Bottighofen,20,732800,278000;
4646,Ermatingen,20,723600,281300;
4651,Gottlieben,20,727400,280600;
4656,G�ttingen,20,739000,274200;
4666,Kemmental,20,726100,273400;
4671,Kreuzlingen,20,730100,278800;
4681,Langrickenbach,20,736100,273000;
4683,Lengwil,20,732000,275700;
4691,M�nsterlingen,20,734400,277000;
4696,T�gerwilen,20,727300,279600;
4701,W�ldi,20,724500,277300;
4711,Affeltrangen,20,719900,265300;
4716,Bettwiesen,20,719600,261900;
4721,Bichelsee-Balterswil,20,713100,256900;
4723,Braunau,20,723100,262600;
4724,Eschlikon,20,715500,258300;
4726,Fischingen,20,715500,252600;
4741,Lommis,20,715700,264700;
4746,M�nchwilen (TG),20,717500,259800;
4751,Rickenbach (TG),20,721600,256600;
4756,Sch�nholzerswilen,20,728200,264200;
4761,Sirnach,20,718800,256600;
4776,Tobel-T�gerschen,20,720100,264000;
4781,W�ngi,20,714100,261700;
4786,Wilen (TG),20,720300,256900;
4791,Wuppenau,20,725700,262000;
4801,Berlingen,20,718700,281300;
4806,Eschenz,20,707800,278500;
4811,Herdern,20,710600,273700;
4816,Homburg,20,717900,277100;
4821,H�ttwilen,20,707700,273900;
4826,Mammern,20,711000,278300;
4831,M�llheim,20,717600,273600;
4841,Pfyn,20,714000,272800;
4846,Raperswilen,20,720500,277000;
4851,Salenstein,20,721700,281100;
4864,Steckborn,20,715800,280400;
4871,Wagenhausen,20,705300,279000;
4881,Amlikon-Bissegg,20,721900,270100;
4891,Berg (TG),20,730000,271200;
4901,Birwinken,20,732300,271600;
4911,B�rglen (TG),20,729000,268000;
4921,Bussnang,20,723400,268800;
4941,M�rstetten,20,722600,272600;
4946,Weinfelden,20,725700,269800;
4951,Wigoltingen,20,719700,273100;
5001,Arbedo-Castione,21,723900,119200;
5002,Bellinzona,21,722400,116800;
5003,Cadenazzo,21,716700,112200;
5004,Camorino,21,721100,113600;
5005,Giubiasco,21,721400,114700;
5006,Gnosca,21,722100,121400;
5007,Gorduno,21,723000,119600;
5008,Gudo,21,716800,114900;
5009,Isone,21,719600,109800;
5010,Lumino,21,725500,121200;
5012,Moleno,21,719900,125200;
5013,Monte Carasso,21,720300,116400;
5014,Pianezzo,21,722900,114300;
5015,Preonzo,21,720500,124600;
5017,Sant'Antonino,21,719000,112500;
5018,Sant'Antonio,21,726800,114500;
5019,Sementina,21,719600,115900;
5048,Acquarossa,21,714600,146700;
5049,Blenio,21,715200,154200;
5050,Serravalle,21,718700,140900;
5061,Airolo,21,689800,153700;
5063,Bedretto,21,682300,151100;
5064,Bodio,21,713400,137300;
5071,Dalpe,21,702600,147800;
5072,Faido,21,704600,148400;
5073,Giornico,21,710600,140000;
5076,Personico,21,713800,136400;
5077,Pollegio,21,715800,135900;
5078,Prato (Leventina),21,701300,148800;
5079,Quinto,21,697700,151900;
5081,Sobrio,21,712500,139700;
5091,Ascona,21,702900,112400;
5095,Brione (Verzasca),21,704200,128200;
5096,Brione sopra Minusio,21,706300,115600;
5097,Brissago,21,698200,108300;
5099,Cavigliano,21,698900,115700;
5102,Corippo,21,708100,121500;
5105,Frasco,21,705000,132900;
5108,Gordola,21,710000,115500;
5109,Gresso,21,690800,120000;
5112,Lavertezzo,21,708100,123900;
5113,Locarno,21,704700,113800;
5115,Losone,21,702200,113500;
5117,Mergoscia,21,708700,118500;
5118,Minusio,21,706300,115000;
5119,Mosogno,21,692500,117100;
5120,Muralto,21,705600,114500;
5121,Orselina,21,705200,115200;
5125,Ronco sopra Ascona,21,699500,111100;
5129,Sonogno,21,703700,134100;
5130,Tegna,21,700800,115900;
5131,Tenero-Contra,21,708800,115300;
5132,Vergeletto,21,689800,120200;
5133,Verscio,21,699800,115800;
5135,Vogorno,21,709600,120000;
5136,Onsernone,21,687900,117600;
5137,Isorno,21,696200,117500;
5138,Cugnasco-Gerra,21,704900,130700;
5141,Agno,21,713100,95000;
5143,Aranno,21,710900,97200;
5144,Arogno,21,720100,91000;
5146,Astano,21,706700,96600;
5148,Bedano,21,714500,101000;
5149,Bedigliora,21,708700,95500;
5151,Bioggio,21,713800,96800;
5154,Bissone,21,718400,90200;
5155,Bogno,21,725600,105600;
5160,Brusino Arsizio,21,716400,87400;
5161,Cademario,21,712700,97700;
5162,Cadempino,21,715900,99100;
5163,Cadro,21,719800,100500;
5167,Canobbio,21,718300,99300;
5170,Carona,21,716100,90700;
5171,Caslano,21,711800,92300;
5173,Certara,21,725400,105000;
5174,Cimadera,21,724300,104400;
5176,Comano,21,717400,99400;
5178,Croglio,21,708400,94400;
5180,Cureglia,21,716600,99500;
5181,Curio,21,710400,95500;
5186,Grancia,21,715500,91800;
5187,Gravesano,21,714400,100000;
5189,Lamone,21,715700,100400;
5192,Lugano,21,717100,95900;
5193,Magliaso,21,712400,93500;
5194,Manno,21,714600,99200;
5195,Maroggia,21,718800,88200;
5196,Massagno,21,716400,96900;
5197,Melano,21,720100,86500;
5198,Melide,21,716700,90400;
5199,Mezzovico-Vira,21,714400,105400;
5200,Miglieglia,21,709900,98000;
5202,Monteggio,21,706000,94400;
5203,Morcote,21,714000,87300;
5205,Muzzano,21,715000,95100;
5206,Neggio,21,711600,93900;
5207,Novaggio,21,709700,96400;
5208,Origlio,21,716500,101400;
5210,Paradiso,21,716700,94400;
5212,Ponte Capriasca,21,717000,102300;
5213,Ponte Tresa,21,710100,91800;
5214,Porza,21,717300,98500;
5216,Pura,21,710900,93600;
5219,Rovio,21,720200,88000;
5221,Savosa,21,717000,97800;
5222,Sessa,21,706900,95200;
5224,Sonvico,21,720100,101900;
5225,Sorengo,21,715900,95000;
5226,Capriasca,21,718200,102900;
5227,Torricella-Taverne,21,715500,102600;
5229,Valcolla,21,724400,105800;
5230,Vernate,21,712100,94700;
5231,Vezia,21,716100,97900;
5233,Vico Morcote,21,715000,87600;
5236,Collina d'Oro,21,714600,93400;
5237,Alto Malcantone,21,713200,100700;
5238,Monteceneri,21,714600,108500;
5242,Balerna,21,721600,78300;
5243,Besazio,21,717500,81300;
5249,Castel San Pietro,21,721900,80200;
5250,Chiasso,21,723400,77200;
5251,Coldrerio,21,720300,79200;
5253,Ligornetto,21,717600,80100;
5254,Mendrisio,21,720000,81000;
5255,Meride,21,717500,83200;
5257,Morbio Inferiore,21,722600,79200;
5260,Novazzano,21,719900,77800;
5263,Riva San Vitale,21,718800,85000;
5266,Stabio,21,716500,78800;
5268,Vacallo,21,724000,78600;
5269,Breggia,21,722900,80100;
5281,Biasca,21,717900,135500;
5282,Claro,21,722400,124300;
5283,Cresciano,21,720700,126700;
5284,Iragna,21,717700,132000;
5285,Lodrino,21,718700,128900;
5286,Osogna,21,719300,130100;
5304,Bosco/Gurin,21,681100,130000;
5307,Campo (Vallemaggia),21,681200,126600;
5309,Cerentino,21,685300,128800;
5310,Cevio,21,689500,130100;
5315,Linescio,21,688200,129200;
5317,Maggia,21,697900,122500;
5323,Lavizzara,21,694000,136900;
5324,Avegno Gordevio,21,700700,120400;
5391,Comunanza Cadenazzo/Monteceneri,21,725200,111100;
5394,Comunanza Capriasca/Valcolla,21,722700,105900;
5396,Terre di Pedemonte,21,699964,115475;
5397,Centovalli,21,697400,114800;
5398,Gambarogno,21,709600,111700;
5401,Aigle,22,563600,129700;
5402,Bex,22,567300,122200;
5403,Chessel,22,558100,133300;
5404,Corbeyrier,22,563200,133400;
5405,Gryon,22,571000,124800;
5406,Lavey-Morcles,22,567700,118700;
5407,Leysin,22,567000,132500;
5408,Noville,22,558600,136900;
5409,Ollon,22,568500,127400;
5410,Ormont-Dessous,22,570200,134600;
5411,Ormont-Dessus,22,578000,133600;
5412,Rennaz,22,560000,136200;
5413,Roche (VD),22,561000,134500;
5414,Villeneuve (VD),22,560600,138600;
5415,Yvorne,22,563200,131200;
5421,Apples,22,522500,156200;
5422,Aubonne,22,519600,149800;
5423,Ballens,22,518400,156500;
5424,Berolle,22,515500,156900;
5425,Bi�re,22,515200,154600;
5426,Bougy-Villars,22,516800,148100;
5427,F�chy,22,518000,148300;
5428,Gimel,22,513200,151500;
5429,Longirod,22,509400,149900;
5430,Marchissy,22,508500,149200;
5431,Mollens (VD),22,517100,159000;
5432,Montherod,22,517700,150300;
5434,Saint-George,22,509600,152100;
5435,Saint-Livres,22,519300,151300;
5436,Saint-Oyens,22,513300,150300;
5437,Saubraz,22,514900,152100;
5451,Avenches,22,569600,192200;
5456,Cudrefin,22,568100,200600;
5458,Faoug,22,572500,195300;
5464,Vully-les-Lacs,22,568300,196500;
5471,Bettens,22,534000,164400;
5472,Bournens,22,532900,161800;
5473,Boussens,22,534400,161700;
5474,La Chaux (Cossonay),22,526000,163400;
5475,Chavannes-le-Veyron,22,524300,162100;
5476,Chevilly,22,526300,166200;
5477,Cossonay,22,528700,162900;
5478,Cottens (VD),22,524600,158500;
5479,Cuarnens,22,523400,164300;
5480,Daillens,22,531800,163600;
5481,Dizy,22,527800,165300;
5482,Ecl�pens,22,530100,167200;
5483,Ferreyres,22,527000,167900;
5484,Gollion,22,528700,159800;
5485,Grancy,22,525400,160600;
5486,L'Isle,22,521300,163000;
5487,Lussery-Villars,22,530100,164800;
5488,Mauraz,22,522300,162000;
5489,Mex (VD),22,532000,158900;
5490,Moiry,22,524600,166900;
5491,Mont-la-Ville,22,521200,166600;
5492,Montricher,22,518700,161500;
5493,Orny,22,530200,168900;
5494,Pampigny,22,522500,159300;
5495,Penthalaz,22,530200,162900;
5496,Penthaz,22,531000,161400;
5497,Pompaples,22,529000,168800;
5498,La Sarraz,22,529100,167800;
5499,Senarclens,22,527200,161500;
5500,S�very,22,523300,158700;
5501,Sullens,22,533100,160600;
5503,Vufflens-la-Ville,22,531100,158900;
5511,Assens,22,537500,162700;
5512,Bercher,22,544300,171400;
5513,Bioley-Orjulaz,22,535700,163600;
5514,Bottens,22,540300,163300;
5515,Bretigny-sur-Morrens,22,538900,161100;
5516,Cugy (VD),22,538800,159400;
5518,Echallens,22,538400,165800;
5520,Essertines-sur-Yverdon,22,538800,174000;
5521,Etagni�res,22,536700,161300;
5522,Fey,22,542200,169600;
5523,Froideville,22,542100,161300;
5527,Morrens (VD),22,537800,160300;
5529,Oulens-sous-Echallens,22,534000,166000;
5530,Pailly,22,541600,172500;
5531,Penth�r�az,22,536100,170400;
5533,Poliez-Pittet,22,542000,164300;
5534,Rueyres,22,542800,171700;
5535,Saint-Barth�lemy (VD),22,535800,165200;
5537,Villars-le-Terroir,22,538800,167600;
5539,Vuarrens,22,539500,170800;
5540,Montilliez,22,540700,165400;
5541,Goumo�ns,22,536100,167800;
5551,Bonvillars,22,541400,187800;
5552,Bullet,22,532500,187000;
5553,Champagne,22,540500,187000;
5554,Concise,22,545200,189400;
5555,Corcelles-pr�s-Concise,22,544300,188700;
5556,Fiez,22,537900,186600;
5557,Fontaines-sur-Grandson,22,537500,187400;
5559,Giez,22,537400,184800;
5560,Grandevent,22,536500,187800;
5561,Grandson,22,539400,184400;
5562,Mauborget,22,537300,189700;
5563,Mutrux,22,545800,192600;
5564,Novalles,22,535700,186700;
5565,Onnens (VD),22,542700,187900;
5566,Provence,22,545700,193500;
5568,Sainte-Croix,22,528500,186100;
5571,T�venon,22,538100,188700;
5581,Belmont-sur-Lausanne,22,541700,152400;
5582,Cheseaux-sur-Lausanne,22,536100,159600;
5583,Crissier,22,534000,156300;
5584,Epalinges,22,541400,155700;
5585,Jouxtens-M�zery,22,535600,156000;
5586,Lausanne,22,538200,152400;
5587,Le Mont-sur-Lausanne,22,538400,156800;
5588,Paudex,22,541000,150800;
5589,Prilly,22,536100,154100;
5590,Pully,22,540200,151300;
5591,Renens (VD),22,534100,154400;
5592,Romanel-sur-Lausanne,22,536000,157300;
5601,Chexbres,22,549200,148100;
5604,Forel (Lavaux),22,548700,154600;
5606,Lutry,22,542300,150500;
5607,Puidoux,22,549700,150200;
5609,Rivaz,22,549300,147400;
5610,Saint-Saphorin (Lavaux),22,550600,147100;
5611,Savigny,22,545800,154400;
5613,Bourg-en-Lavaux,22,544500,149500;
5621,Aclens,22,528800,157800;
5622,Bremblens,22,529400,155400;
5623,Buchillon,22,521800,147000;
5624,Bussigny-pr�s-Lausanne,22,532000,155800;
5625,Bussy-Chardonney,22,523500,153600;
5627,Chavannes-pr�s-Renens,22,533500,153300;
5628,Chigny,22,526200,152500;
5629,Clarmont,22,524200,155600;
5631,Denens,22,524700,152400;
5632,Denges,22,531100,153000;
5633,Echandens,22,531100,154000;
5634,Echichens,22,527900,153200;
5635,Ecublens (VD),22,533000,153500;
5636,Etoy,22,521800,148800;
5637,Lavigny,22,520800,150000;
5638,Lonay,22,529600,153300;
5639,Lully (VD),22,525300,150900;
5640,Lussy-sur-Morges,22,524100,150800;
5642,Morges,22,528100,152000;
5643,Pr�verenges,22,530100,152200;
5644,Reverolle,22,523300,155000;
5645,Romanel-sur-Morges,22,528800,156500;
5646,Saint-Prex,22,524600,148300;
5648,Saint-Sulpice (VD),22,532400,151400;
5649,Tolochenaz,22,526000,150900;
5650,Vaux-sur-Morges,22,525200,154300;
5651,Villars-Sainte-Croix,22,532800,157800;
5652,Villars-sous-Yens,22,522600,151500;
5653,Vufflens-le-Ch�teau,22,525700,153300;
5654,Vullierens,22,526700,158400;
5655,Yens,22,521700,152400;
5661,Boulens,22,545000,170300;
5662,Brenles,22,555300,169100;
5663,Bussy-sur-Moudon,22,552000,170700;
5665,Chavannes-sur-Moudon,22,551800,167600;
5666,Chesalles-sur-Moudon,22,553700,169500;
5668,Cremin,22,554400,175000;
5669,Curtilles,22,554900,172100;
5671,Dompierre (VD),22,557500,173100;
5672,Forel-sur-Lucens,22,553000,175300;
5673,Hermenches,22,548000,165800;
5674,Lovatens,22,556100,171300;
5675,Lucens,22,554100,173200;
5678,Moudon,22,551000,168800;
5680,Ogens,22,545300,173600;
5683,Pr�vonloup,22,557300,172200;
5684,Rossenges,22,549100,167300;
5686,Sarzens,22,554900,170300;
5688,Syens,22,549500,166300;
5690,Villars-le-Comte,22,551100,173500;
5692,Vucherens,22,549100,163700;
5693,Montanaire,22,547800,172700;
5701,Arnex-sur-Nyon,22,504000,136700;
5702,Arzier,22,505500,146100;
5703,Bassins,22,507400,146600;
5704,Begnins,22,508700,144000;
5705,Bogis-Bossey,22,502100,134400;
5706,Borex,22,502900,137200;
5707,Chavannes-de-Bogis,22,501700,133300;
5708,Chavannes-des-Bois,22,499400,130200;
5709,Ch�serex,22,502800,139600;
5710,Coinsins,22,507700,142100;
5711,Commugny,22,502600,130500;
5712,Coppet,22,504000,130300;
5713,Crans-pr�s-C�ligny,22,505000,134800;
5714,Crassier,22,501900,136700;
5715,Duillier,22,507300,140500;
5716,Eysins,22,505200,137400;
5717,Founex,22,504100,132100;
5718,Genolier,22,506100,143300;
5719,Gingins,22,503100,140500;
5720,Givrins,22,504900,142700;
5721,Gland,22,509700,141700;
5722,Grens,22,504000,138800;
5723,Mies,22,502200,128800;
5724,Nyon,22,507700,137500;
5725,Prangins,22,508500,138800;
5726,La Rippe,22,500900,137500;
5727,Saint-Cergue,22,501600,144700;
5728,Signy-Avenex,22,504900,138400;
5729,Tannay,22,502800,129400;
5730,Tr�lex,22,505100,141200;
5731,Le Vaud,22,507500,148100;
5732,Vich,22,508700,142700;
5741,L'Abergement,22,527500,178600;
5742,Agiez,22,528800,174500;
5743,Arnex-sur-Orbe,22,529700,171700;
5744,Ballaigues,22,521700,175900;
5745,Baulmes,22,530100,182500;
5746,Bavois,22,533300,170700;
5747,Bofflens,22,528100,172900;
5748,Bretonni�res,22,526100,174000;
5749,Chavornay,22,533600,173100;
5750,Les Cl�es,22,525400,176100;
5751,Corcelles-sur-Chavornay,22,535800,172800;
5752,Croy,22,526400,171900;
5754,Juriens,22,524300,171600;
5755,Lignerolle,22,524900,177100;
5756,Montcherand,22,529100,176200;
5757,Orbe,22,530800,175200;
5758,La Praz,22,522600,169000;
5759,Premier,22,524000,173100;
5760,Rances,22,530600,179200;
5761,Romainm�tier-Envy,22,525200,171800;
5762,Sergey,22,528300,178200;
5763,Valeyres-sous-Rances,22,530200,178400;
5764,Vallorbe,22,519000,173900;
5765,Vaulion,22,519800,171400;
5766,Vuiteboeuf,22,532100,184400;
5782,Carrouge (VD),22,549200,161800;
5785,Corcelles-le-Jorat,22,546600,162000;
5788,Essertes,22,550200,157000;
5789,Ferlens (VD),22,549900,159900;
5790,Maracon,22,556500,155600;
5791,M�zi�res (VD),22,548800,160800;
5792,Montpreveyres,22,546500,159200;
5798,Ropraz,22,547400,162800;
5799,Servion,22,549800,158500;
5803,Vulliens,22,550500,163500;
5804,Jorat-Menthue,22,543700,164100;
5805,Oron,22,553100,158000;
5812,Champtauroz,22,550400,179000;
5813,Chevroux,22,559600,193200;
5816,Corcelles-pr�s-Payerne,22,563600,186800;
5817,Grandcour,22,561200,191300;
5819,Henniez,22,557600,176900;
5821,Missy,22,564300,192000;
5822,Payerne,22,561700,185700;
5827,Trey,22,560800,179900;
5828,Treytorrens (Payerne),22,551300,180200;
5830,Villarzel,22,559900,177700;
5831,Valbroye,22,557900,179200;
5841,Ch�teau-d'Oex,22,576500,147000;
5842,Rossini�re,22,572600,146300;
5843,Rougemont,22,582400,148700;
5851,Allaman,22,519900,147100;
5852,Bursinel,22,512800,143700;
5853,Bursins,22,511800,145100;
5854,Burtigny,22,509300,146800;
5855,Dully,22,512300,143000;
5856,Essertines-sur-Rolle,22,513900,149600;
5857,Gilly,22,512300,145800;
5858,Luins,22,510300,144000;
5859,Mont-sur-Rolle,22,515400,147200;
5860,Perroy,22,517600,146800;
5861,Rolle,22,515300,145800;
5862,Tartegnin,22,513800,146700;
5863,Vinzel,22,510900,144600;
5871,L'Abbaye,22,510700,164200;
5872,Le Chenit,22,506900,162100;
5873,Le Lieu,22,512800,168200;
5881,Blonay,22,558200,146000;
5882,Chardonne,22,553000,147500;
5883,Corseaux,22,552900,147000;
5884,Corsier-sur-Vevey,22,554200,146700;
5885,Jongny,22,554300,147800;
5886,Montreux,22,559500,142800;
5888,Saint-L�gier-La Chi�saz,22,557100,146800;
5889,La Tour-de-Peilz,22,555600,144800;
5890,Vevey,22,554400,145700;
5891,Veytaux,22,560700,141100;
5902,Belmont-sur-Yverdon,22,537800,177500;
5903,Bioley-Magnoux,22,544400,175300;
5904,Chamblon,22,536400,181200;
5905,Champvent,22,533800,181700;
5907,Chavannes-le-Ch�ne,22,549600,180900;
5908,Ch�ne-P�quier,22,548800,180300;
5909,Cheseaux-Nor�az,22,541400,181100;
5910,Cronay,22,543300,178600;
5911,Cuarny,22,542300,180200;
5912,D�moret,22,547900,177600;
5913,Donneloye,22,544700,177300;
5914,Ependes (VD),22,536600,177300;
5915,Essert-Pittet,22,534700,175500;
5919,Mathod,22,533300,179900;
5921,Molondin,22,547300,179000;
5922,Montagny-pr�s-Yverdon,22,536900,182600;
5923,Oppens,22,542900,173900;
5924,Orges,22,535100,184400;
5925,Orzens,22,542200,175100;
5926,Pomy,22,541200,179000;
5928,Rovray,22,548600,181800;
5929,Suchy,22,535800,175000;
5930,Susc�vaz,22,534300,179600;
5931,Treycovagnes,22,536600,180600;
5932,Ursins,22,541100,176300;
5933,Valeyres-sous-Montagny,22,536700,183400;
5934,Valeyres-sous-Ursins,22,540100,177500;
5935,Villars-Epeney,22,543300,181400;
5937,Vugelles-La Mothe,22,534300,186200;
5938,Yverdon-les-Bains,22,539000,181200;
5939,Yvonand,22,546900,183500;
6002,Brig-Glis,23,642400,129600;
6004,Eggerberg,23,634000,128900;
6007,Naters,23,642300,130700;
6008,Ried-Brig,23,644500,129500;
6009,Simplon,23,647700,116200;
6010,Termen,23,645000,131000;
6011,Zwischbergen,23,654200,116200;
6021,Ardon,23,586000,117800;
6022,Chamoson,23,583500,116600;
6023,Conthey,23,589700,119900;
6024,Nendaz,23,589700,115200;
6025,V�troz,23,587900,119400;
6031,Bagnes,23,585500,101200;
6032,Bourg-Saint-Pierre,23,582100,88700;
6033,Liddes,23,580400,93400;
6034,Orsi�res,23,577400,97700;
6035,Sembrancher,23,577800,103000;
6036,Voll�ges,23,579100,104000;
6052,Bellwald,23,655500,141600;
6054,Binn,23,657300,135000;
6055,Blitzingen,23,658700,143800;
6056,Ernen,23,654300,138800;
6057,Fiesch,23,653400,139300;
6058,Fieschertal,23,654200,141800;
6061,Lax,23,652400,137700;
6064,Niederwald,23,657700,143000;
6073,Grafschaft,23,659800,145200;
6074,M�nster-Geschinen,23,663400,148700;
6075,Reckingen-Gluringen,23,661800,146800;
6076,Obergoms,23,670000,154200;
6081,Les Agettes,23,594900,117700;
6082,Ayent,23,597600,125000;
6083,Evol�ne,23,604400,106900;
6084,H�r�mence,23,597400,114300;
6087,Saint-Martin (VS),23,600400,113500;
6089,Vex,23,596800,117800;
6090,Mont-Noble,23,599200,119700;
6101,Agarn,23,617400,127200;
6102,Albinen,23,615000,132100;
6104,Ergisch,23,621200,126900;
6109,Inden,23,613800,132600;
6110,Leuk,23,615100,129600;
6111,Leukerbad,23,614700,136500;
6112,Oberems,23,619800,125600;
6113,Salgesch,23,610100,128900;
6116,Varen,23,613000,129700;
6117,Guttet-Feschel,23,617500,130400;
6118,Gampel-Bratsch,23,623400,129400;
6119,Turtmann-Unterems,23,620400,127700;
6131,Bovernier,23,572800,103200;
6132,Charrat,23,576600,107800;
6133,Fully,23,574900,109700;
6134,Is�rables,23,585000,112300;
6135,Leytron,23,582200,115100;
6136,Martigny,23,571500,105300;
6137,Martigny-Combe,23,569000,105000;
6139,Riddes,23,583300,113400;
6140,Saillon,23,580400,113400;
6141,Saxon,23,580000,110800;
6142,Trient,23,565700,100600;
6151,Champ�ry,23,556100,114200;
6152,Collombey-Muraz,23,560600,125300;
6153,Monthey,23,562300,122500;
6154,Port-Valais,23,554900,137000;
6155,Saint-Gingolph,23,551300,138000;
6156,Troistorrents,23,559800,119800;
6157,Val-d'Illiez,23,557900,117200;
6158,Vionnaz,23,558600,128900;
6159,Vouvry,23,557600,131800;
6171,Betten,23,648600,136300;
6172,Bister,23,648200,134500;
6173,Bitsch,23,643900,132100;
6177,Grengiols,23,650400,135900;
6178,Martisberg,23,650900,137400;
6181,Riederalp,23,645700,134200;
6191,Ausserberg,23,631800,129300;
6192,Blatten,23,629300,141100;
6193,B�rchen,23,628900,125900;
6194,Eischoll,23,626300,127000;
6195,Ferden,23,624700,138100;
6197,Kippel,23,625700,138700;
6198,Niedergesteln,23,626400,129200;
6199,Raron,23,627900,128900;
6201,Unterb�ch,23,627800,126000;
6202,Wiler (L�tschen),23,626600,139300;
6203,M�rel-Filet,23,646700,134100;
6204,Steg-Hohtenn,23,623900,129200;
6205,Bettmeralp,23,649750,136850;
6211,Collonges,23,568900,113400;
6212,Dor�naz,23,569500,110900;
6213,Evionnaz,23,568000,114200;
6214,Finhaut,23,564300,103600;
6215,Massongex,23,565400,121300;
6217,Saint-Maurice,23,566500,118600;
6218,Salvan,23,567800,107800;
6219,Vernayaz,23,569300,109300;
6220,V�rossaz,23,564900,117900;
6232,Chalais,23,605300,123800;
6234,Chermignon,23,602800,126300;
6235,Chippis,23,608000,125300;
6238,Gr�ne,23,601300,122200;
6239,Icogne,23,600000,126600;
6240,Lens,23,600600,125300;
6241,Mi�ge,23,608300,129000;
6242,Mollens (VS),23,606300,129400;
6243,Montana,23,603000,128800;
6244,Randogne,23,604400,129400;
6246,Saint-L�onard,23,598500,122500;
6248,Sierre,23,607300,127000;
6249,Venth�ne,23,607000,128400;
6250,Veyras,23,607600,127900;
6252,Anniviers,23,610600,114200;
6261,Arbaz,23,595800,124600;
6263,Grimisuat,23,595800,123200;
6265,Savi�se,23,593000,122000;
6266,Sion,23,594000,120100;
6267,Veysonnaz,23,592200,116100;
6281,Baltschieder,23,632800,128700;
6282,Eisten,23,635100,116600;
6283,Embd,23,630700,118300;
6285,Gr�chen,23,630900,116000;
6286,Lalden,23,635800,127700;
6287,Randa,23,626800,105600;
6288,Saas-Almagell,23,640200,105000;
6289,Saas-Balen,23,637800,111600;
6290,Saas-Fee,23,637700,106300;
6291,Saas-Grund,23,638600,108100;
6292,St. Niklaus,23,628100,113900;
6293,Stalden (VS),23,633300,120300;
6294,Staldenried,23,634200,119900;
6295,T�sch,23,626300,101800;
6296,T�rbel,23,631800,120800;
6297,Visp,23,634300,126900;
6298,Visperterminen,23,635800,123100;
6299,Zeneggen,23,632900,124700;
6300,Zermatt,23,623900,96500;
6391,Kommunanz Reckingen-Gluringen/Grafschaft,23,659600,146700;
6402,Bevaix,24,552500,197900;
6404,Boudry,24,554300,200000;
6405,Brot-Dessous,24,547400,200700;
6407,Corcelles-Cormondr�che,24,556500,203700;
6408,Cortaillod,24,554900,199200;
6409,Fresens,24,547200,193200;
6410,Gorgier,24,549800,194900;
6411,Montalchez,24,547200,194300;
6412,Peseux,24,558200,204200;
6413,Rochefort,24,552200,203200;
6414,Saint-Aubin-Sauges,24,549300,194000;
6415,Vaumarcus,24,548000,192100;
6416,Milvignes,24,556000,201800;
6421,La Chaux-de-Fonds,24,553400,216900;
6422,Les Planchettes,24,549300,217500;
6423,La Sagne,24,551400,210000;
6431,Les Brenets,24,544300,213300;
6432,La Br�vine,24,536700,203600;
6433,Brot-Plamboz,24,546700,202400;
6434,Le Cerneux-P�quignot,24,541200,207600;
6435,La Chaux-du-Milieu,24,544000,207200;
6436,Le Locle,24,547600,212000;
6437,Les Ponts-de-Martel,24,546100,205500;
6451,Cornaux,24,568200,209800;
6452,Cressier (NE),24,569500,211200;
6453,Enges,24,567600,211800;
6454,Hauterive (NE),24,564500,207100;
6455,Le Landeron,24,571600,211600;
6456,Ligni�res,24,571600,214700;
6458,Neuch�tel,24,561300,204700;
6459,Saint-Blaise,24,565600,207100;
6461,La T�ne,24,567200,206900;
6485,Valangin,24,559500,207300;
6487,Val-de-Ruz,24,560700,212700;
6504,La C�te-aux-F�es,24,527700,191000;
6511,Les Verri�res,24,527200,195200;
6512,Val-de-Travers,24,534800,195000;
6601,Aire-la-Ville,25,492300,116400;
6602,Ani�res,25,506300,125700;
6603,Avully,25,489000,114200;
6604,Avusy,25,489600,111300;
6605,Bardonnex,25,497000,111800;
6606,Bellevue,25,501000,123500;
6607,Bernex,25,494600,114700;
6608,Carouge (GE),25,499700,115600;
6609,Cartigny,25,490400,114600;
6610,C�ligny,25,504300,134000;
6611,Chancy,25,486700,112000;
6612,Ch�ne-Bougeries,25,503400,117000;
6613,Ch�ne-Bourg,25,504000,116600;
6614,Choulex,25,506400,120000;
6615,Collex-Bossy,25,498400,125200;
6616,Collonge-Bellerive,25,504400,121800;
6617,Cologny,25,503100,119200;
6618,Confignon,25,495500,114500;
6619,Corsier (GE),25,506400,124200;
6620,Dardagny,25,488600,116900;
6621,Gen�ve,25,500000,117900;
6622,Genthod,25,501100,124600;
6623,Le Grand-Saconnex,25,498600,121100;
6624,Gy,25,508900,123000;
6625,Hermance,25,508000,128500;
6626,Jussy,25,509500,121000;
6627,Laconnex,25,491700,112600;
6628,Lancy,25,498100,116300;
6629,Meinier,25,507100,122400;
6630,Meyrin,25,494600,120600;
6631,Onex,25,496500,115500;
6632,Perly-Certoux,25,495800,112600;
6633,Plan-les-Ouates,25,498000,113900;
6634,Pregny-Chamb�sy,25,500100,122000;
6635,Presinge,25,509000,119200;
6636,Puplinge,25,506800,118300;
6637,Russin,25,490000,116100;
6638,Satigny,25,491500,119100;
6639,Soral,25,492200,111300;
6640,Th�nex,25,504200,116000;
6641,Troinex,25,500400,113000;
6642,Vandoeuvres,25,504600,119600;
6643,Vernier,25,495700,119100;
6644,Versoix,25,501500,126500;
6645,Veyrier,25,503200,113600;
6702,Bo�court,26,583100,244300;
6703,Bourrignon,26,585400,249600;
6704,Ch�tillon (JU),26,592800,241800;
6705,Corban,26,602900,244000;
6706,Courchapoix,26,601300,244200;
6708,Courrendlin,26,595100,243100;
6709,Courroux,26,595200,245600;
6710,Court�telle,26,590900,243300;
6711,Del�mont,26,593000,245900;
6712,Develier,26,589100,245000;
6713,Ederswiler,26,592200,252800;
6715,Mervelier,26,604800,243600;
6716,Mettembert,26,591200,249700;
6718,Movelier,26,590800,251000;
6719,Pleigne,26,588800,250700;
6720,Rebeuvelier,26,598300,241500;
6721,Rossemaison,26,592700,243900;
6722,Saulcy,26,578500,239000;
6724,Soyhi�res,26,594800,249100;
6728,Vellerat,26,594900,240900;
6729,Haute-Sorne,26,585400,243000;
6730,Val Terbi,26,598200,244200;
6741,Le B�mont (JU),26,567900,234900;
6742,Les Bois,26,559600,225200;
6743,Les Breuleux,26,567100,229100;
6744,La Chaux-des-Breuleux,26,568900,230300;
6745,Les Enfers,26,570200,237500;
6748,Les Genevez (JU),26,576600,234000;
6750,Lajoux (JU),26,577200,236500;
6751,Montfaucon,26,570800,236900;
6753,Muriaux,26,565200,232900;
6754,Le Noirmont,26,563500,230500;
6757,Saignel�gier,26,566500,234000;
6758,Saint-Brais,26,575400,239500;
6759,Soubey,26,570500,239800;
6771,Alle,26,576800,252800;
6773,Beurnev�sin,26,577300,260300;
6774,Boncourt,26,568200,260700;
6775,Bonfol,26,578500,258500;
6778,Bure,26,567400,254600;
6781,Coeuve,26,574300,255900;
6782,Cornol,26,579300,250600;
6783,Courchavon,26,571200,254400;
6784,Courgenay,26,576400,250300;
6785,Courtedoux,26,570100,251000;
6787,Damphreux,26,574700,258400;
6789,Fahy,26,563300,252000;
6790,Fontenais,26,573000,250300;
6792,Grandfontaine,26,562300,249100;
6793,Lugnez,26,574300,259300;
6800,Porrentruy,26,572800,251800;
6803,Rocourt,26,563600,248900;
6806,Vendlincourt,26,578200,255600;
6807,Basse-Allaine,26,569300,258900;
6808,Clos du Doubs,26,579100,246300;
6809,Haute-Ajoie,26,567000,249100;
6810,La Baroche,26,582400,252500;